wallet,token_id,interface,mint_authority_exists,freeze_authority_exists,metadata_missing,decimals,supply,is_mutable,is_compressed,has_unverified_creator,creator_wallets,token_name,token_symbol,is_burnt,scam_flag
iBGtY2LBEmTiVrmPCgHRGdCPZJcDEmmkDxbLhV11111,HZzfXBJVTgvcED2ArSGVoLsQkSZVf36u71s8nSFeDURq,V1_NFT,1,0,0,0,0,0,1,0,,2400JUP Lucky Box JUPCASE.io,SA,0,1
iBGtY2LBEmTiVrmPCgHRGdCPZJcDEmmkDxbLhV11111,HM3VEhd6MegKCjWtGiBH59uDvb9YEGvheW77j3sp37RB,V1_NFT,1,0,0,0,0,1,1,1,8jCbdWzyEfJsjgKj3ua3JJNHKXuvSURvtpC5aE53SMZm,🎁Now Jupiter AirDrop,NJPUD,0,1
iBGtY2LBEmTiVrmPCgHRGdCPZJcDEmmkDxbLhV11111,HKBhpP4BbkeqrQiLEhHp3WU5sQw47L8UJnsRutrF5Pin,V1_NFT,1,0,0,0,0,0,1,0,,2400JUP Lucky Case JUPBOX.io,JU,0,1
iBGtY2LBEmTiVrmPCgHRGdCPZJcDEmmkDxbLhV11111,G2zMDjgwRsQQvpbc5rzU9hzZxK5SKNyPozA7kDJ7D8xs,V1_NFT,1,0,0,0,0,1,1,1,8jCbdWzyEfJsjgKj3ua3JJNHKXuvSURvtpC5aE53SMZm,🎁2.0 Jupiter AirDrop,Jup2.0,0,1
iBGtY2LBEmTiVrmPCgHRGdCPZJcDEmmkDxbLhV11111,FzExPWsaeUMsXB4wUiZkEvdN825aPDYUU7tq4DRu1ryL,V1_NFT,1,0,0,0,0,1,1,1,8jCbdWzyEfJsjgKj3ua3JJNHKXuvSURvtpC5aE53SMZm,🎁2.0 Jupiter AirDrop,Jup2.0,0,1
iBGtY2LBEmTiVrmPCgHRGdCPZJcDEmmkDxbLhV11111,FKsDz8Y2cKYxw5Gk7cAoMEt61F7vJAmp7wLv9fLr4ZGN,V1_NFT,1,0,0,0,0,1,1,1,EckLnxipdaG6Xq3rBg68TquHWGEGPpzqY8yuZiiBe9Mm,5800$ Eigen Layer Airdrop,Eigen,0,1
iBGtY2LBEmTiVrmPCgHRGdCPZJcDEmmkDxbLhV11111,DKfNiSDMHb5kPQ9hdhBFMSeaouN9UxVVv1a8GpVgDVSF,V1_NFT,1,0,0,0,0,0,1,0,,2400JUP Lucky Box JUPBOX.io,JU,0,1
iBGtY2LBEmTiVrmPCgHRGdCPZJcDEmmkDxbLhV11111,CmicZFvDEhnBoJ4TFiF5vvYHmpu5qEag3nLhL54TTpiT,V1_NFT,1,0,0,0,0,0,1,0,,SAGABOX.io Community Drop,SA,0,1
iBGtY2LBEmTiVrmPCgHRGdCPZJcDEmmkDxbLhV11111,C7nyfgQUdQ7VP8HHKuXpvSb42tgDNAJvwr7t4eYHtq7Y,V1_NFT,1,0,0,0,0,0,1,0,,1700$ Random Pass TAKESAGA.com,S2,0,1
iBGtY2LBEmTiVrmPCgHRGdCPZJcDEmmkDxbLhV11111,Bz9dQnhNyPct329Nq8obqXjrzgMSd7BewSLCUqEJdfro,V1_NFT,1,0,0,0,0,0,1,0,,1800$ Lucky Ticket TAKESAGA.com,SA,0,1
iBGtY2LBEmTiVrmPCgHRGdCPZJcDEmmkDxbLhV11111,BLZEEuZUBVqFhj8adcCFPJvPVCiCyVmh3hkJMrU8KuJA,FungibleToken,1,0,0,9,9996327625234874555,1,0,1,b1azeTfpBiKN6AhEGVd1iPBsX3vmZqnFmS7Kqau7a2w,Blaze,BLZE,0,1
iBGtY2LBEmTiVrmPCgHRGdCPZJcDEmmkDxbLhV11111,Aoc71BbMY7g53r69kCG1uYJTmHeTxXh8dn18DPsz3t43,V1_NFT,1,0,0,0,0,1,1,1,4rGLxNHrW4t1FMsGTANgjxUjCkwd97bsYNUPjyBeJicj,2024 $BONK AirDrop,BONK,0,1
iBGtY2LBEmTiVrmPCgHRGdCPZJcDEmmkDxbLhV11111,Ac7tHZKEj6QwMLa5QaAEYPwKwyTaKrJb9pox9uGge7qM,V1_NFT,1,0,0,0,0,1,1,1,PYAaqaKr89FeE5rdaq1RsW5Ccdpd1u9VtnCymk9Lbt6,Collect Box,,0,1
iBGtY2LBEmTiVrmPCgHRGdCPZJcDEmmkDxbLhV11111,AXrvEfnNjhKW2N3ZBjfjEMFw79gjuv1CRShEUJhM7FCN,V1_NFT,1,0,0,0,0,1,1,1,8jCbdWzyEfJsjgKj3ua3JJNHKXuvSURvtpC5aE53SMZm,🎁2.0 Jupiter AirDrop,Jup2.0,0,1
iBGtY2LBEmTiVrmPCgHRGdCPZJcDEmmkDxbLhV11111,9jgsJGRnkWZeH4ss7Ew3bkRwVgNKpbqvdZ96EVjTJf9n,V1_NFT,1,0,0,0,0,0,1,0,,2400JUP Lucky Box JUPBOX.io,JU,0,1
iBGtY2LBEmTiVrmPCgHRGdCPZJcDEmmkDxbLhV11111,9J8awGKLT8ezMYaLg3P5gpDELnxxkwGMyG7ZMXDHxNTP,V1_NFT,1,0,0,0,0,0,1,0,,APPSAGA.io Lucky Box,SA,0,1
iBGtY2LBEmTiVrmPCgHRGdCPZJcDEmmkDxbLhV11111,94hPU2qBha2UPf3q6zcMyaytHs4jCU6Jt1UrqyEokWKC,V1_NFT,1,0,0,0,0,0,1,0,,2400JUP Lucky Case JUPBOX.io,JU,0,1
iBGtY2LBEmTiVrmPCgHRGdCPZJcDEmmkDxbLhV11111,8sYwQNCQuCDsSz8KWjq7Wn8jdvtx859v1TzLtr6F2BLn,V1_NFT,1,0,0,0,0,1,1,1,8jCbdWzyEfJsjgKj3ua3JJNHKXuvSURvtpC5aE53SMZm,🎁Now Jupiter AirDrop,NJPUD,0,1
iBGtY2LBEmTiVrmPCgHRGdCPZJcDEmmkDxbLhV11111,8412QmU8NzeKFM83C5Z7YCHXq8JrL6NDWnHPdvQftfn3,V1_NFT,1,0,0,0,0,0,1,0,,1800$ Lucky Ticket TAKESAGA.com,SA,0,1
iBGtY2LBEmTiVrmPCgHRGdCPZJcDEmmkDxbLhV11111,7rdXFcJJYmkTat2D2v3A4MS8BEcxY8P9q6Wm7psHmUF8,V1_NFT,1,0,0,0,0,0,1,0,,1600$ Random Ticket TAKESAGA.com,S2,0,1
iBGtY2LBEmTiVrmPCgHRGdCPZJcDEmmkDxbLhV11111,74CdBjyD5MpwyttCRdmGNuzJpJ1SdUjUpVRdeSkfNV9k,V1_NFT,1,0,0,0,0,1,1,1,PYAaqaKr89FeE5rdaq1RsW5Ccdpd1u9VtnCymk9Lbt6,Collect Box,,0,1
iBGtY2LBEmTiVrmPCgHRGdCPZJcDEmmkDxbLhV11111,5yj9nZczpHuUkCQiKUvSrGATuZxiisYWPbdevQpTvzCh,V1_NFT,1,0,0,0,0,0,1,0,,JUUPS.io Community Box,OP,0,1
iBGtY2LBEmTiVrmPCgHRGdCPZJcDEmmkDxbLhV11111,5eMsKtBAWMb9YfG5ADyp5Ut7dbRFD1PZhnbT6bA2Y5up,V1_NFT,1,0,0,0,0,0,1,0,,1700$ Random Pass TAKESAGA.com,S2,0,1
iBGtY2LBEmTiVrmPCgHRGdCPZJcDEmmkDxbLhV11111,5Zhynq87ygdHkEp4PA9iRt6m8UWBcwbEF4A6fvzJfxrL,V1_NFT,1,0,0,0,0,0,1,0,,APPSAGA.io Lucky Box,SA,0,1
iBGtY2LBEmTiVrmPCgHRGdCPZJcDEmmkDxbLhV11111,4bcCSnQqcbtY8q9HginsZpce7D8DRfyRsEHqDc63LZQX,V1_NFT,1,0,0,0,0,0,1,0,,JUUPS.io Community Box,OP,0,1
iBGtY2LBEmTiVrmPCgHRGdCPZJcDEmmkDxbLhV11111,3TxAUfUBuxsXAweYPNU8heDT8qCSKzKssLaTVWMUEGvk,V1_NFT,1,0,0,0,0,1,1,1,AcrANiEJ8nvHKWCMPbpNZES6n5Kp4VhjAaxMycMkP57k,$WIF AirDrop,WIF,0,1
iBGtY2LBEmTiVrmPCgHRGdCPZJcDEmmkDxbLhV11111,vQCsSEgnP9Weabug2KScyMCfJS1659Rgjx9mWuZyg2A,V1_NFT,1,0,0,0,0,0,1,0,,JUUPS.io Community Box,OP,0,1
iBGtY2LBEmTiVrmPCgHRGdCPZJcDEmmkDxbLhV11111,mBEmEmKikJf7JwVNLPMWYZsPgbeGbYiswWzjhqVsejD,V1_NFT,1,0,0,0,0,1,1,1,8jCbdWzyEfJsjgKj3ua3JJNHKXuvSURvtpC5aE53SMZm,🎁Now Jupiter AirDrop,NJPUD,0,1
iBGtY2LBEmTiVrmPCgHRGdCPZJcDEmmkDxbLhV11111,PhiLR4JDZB9z92rYT5xBXKCxmq4pGB1LYjtybii7aiS,FungibleToken,1,0,0,5,136597524614741,1,0,0,,philodmusic | Youtube,POVT,0,1
gYs5v8LBaTNRFhU8rSSFeEqaCQPjmkT28naAN711111,HwvFVNMngeJxkXLjZxwUXbTEXz4ztHqZVwbp3N7ky36p,V1_NFT,1,0,0,0,0,0,1,0,,2400JUP Lucky Case JUPBOX.io,JU,0,1
gYs5v8LBaTNRFhU8rSSFeEqaCQPjmkT28naAN711111,HN2SKnAiKYnoVyd4pNPPNiiaNR8PAudztsJ5UR4moeYp,V1_NFT,1,0,0,0,0,0,1,0,,2400JUP Lucky Box JUPCASE.io,SA,0,1
gYs5v8LBaTNRFhU8rSSFeEqaCQPjmkT28naAN711111,GJwqWCNWa1vmM9cQZdKsZ9ru5f2xW5uqq3awB5XiA1bZ,V1_NFT,1,0,0,0,0,0,1,0,,1800$ Lucky Ticket TAKESAGA.com,SA,0,1
gYs5v8LBaTNRFhU8rSSFeEqaCQPjmkT28naAN711111,FDwwpiorgKXUqkBd6drTfxwun55Qc3cRHweg5pEa9Wcj,V1_NFT,1,0,0,0,0,0,1,0,,SAGABOX.io Community Box,SG,0,1
gYs5v8LBaTNRFhU8rSSFeEqaCQPjmkT28naAN711111,EoR8QuftbgfdH1aWc5cxn9VFbrCQPNzMNwRARhPPiKWX,FungibleToken,1,0,0,6,887380672883262,1,0,0,CLsMvLXpYeJ53f3VYXDPsgPq2XHLac1H34Dbfgi5ZbfQ,chainz,CHAINZ,0,1
gYs5v8LBaTNRFhU8rSSFeEqaCQPjmkT28naAN711111,ESjr18n4vxYLiWH27fkTXaqehbhbB92utH5z5KAF6d2f,V1_NFT,1,0,0,0,0,1,1,1,PyYFkMBJkSy37vjbV8kEtggUYCH9YAj88ZqLofXuQRE,Distinguished Ticket #577,,0,1
gYs5v8LBaTNRFhU8rSSFeEqaCQPjmkT28naAN711111,EQL6puZoaRxLnySaQfbpQQAYiZjNbLhos8b8QBKrfo8k,V1_NFT,1,0,0,0,0,0,1,0,,2400JUP Lucky Case JUPBOX.io,JU,0,1
gYs5v8LBaTNRFhU8rSSFeEqaCQPjmkT28naAN711111,DjFG6HV7STjs9mcX2dPM3BfVCfC5kRE917iUjEPGZBYu,V1_NFT,1,0,0,0,0,0,1,0,,Rare Pass,RP,0,1
gYs5v8LBaTNRFhU8rSSFeEqaCQPjmkT28naAN711111,DfUqBzY3qBD1whkMjXucKQRpxv8nEuhrb85GGKaX82H7,V1_NFT,1,0,0,0,0,0,1,0,,1700$ Random Pass TAKESAGA.com,S2,0,1
gYs5v8LBaTNRFhU8rSSFeEqaCQPjmkT28naAN711111,DMjYRhwrkrvsy34Pyx4N5JDH88n1wsowUHRhPS4o4mTN,FungibleToken,1,0,0,9,992299013198851716,1,0,0,,dogawifahat,$WIFA,0,1
gYs5v8LBaTNRFhU8rSSFeEqaCQPjmkT28naAN711111,CCJuAFz7mGSe1KTFAauPvdcrMYwz1QDZ5MRXqQS1PrJ7,V1_NFT,1,0,0,0,0,1,1,1,7igbU6EsyjtqryUispbReSnbkZVXTDskQmsFPyh38u6E,Jupiter Space Catdets 2024,JSC,0,1
gYs5v8LBaTNRFhU8rSSFeEqaCQPjmkT28naAN711111,Bf4uMXHxYZTXa5GDKPkfFx82d6tonbv1KfkVE67yVN7g,V1_NFT,1,0,0,0,0,0,1,0,,JUPS.io Token Box,OP,0,1
gYs5v8LBaTNRFhU8rSSFeEqaCQPjmkT28naAN711111,BS2ToLgvUNdyynJ3R36kPizu57D4cSS2SwM5Yz5mdywe,V1_NFT,1,0,0,0,0,0,1,0,,1600$ Random Ticket TAKESAGA.com,S2,0,1
gYs5v8LBaTNRFhU8rSSFeEqaCQPjmkT28naAN711111,BLZEEuZUBVqFhj8adcCFPJvPVCiCyVmh3hkJMrU8KuJA,FungibleToken,1,0,0,9,9996327625234874555,1,0,1,b1azeTfpBiKN6AhEGVd1iPBsX3vmZqnFmS7Kqau7a2w,Blaze,BLZE,0,1
gYs5v8LBaTNRFhU8rSSFeEqaCQPjmkT28naAN711111,9EqMZjeuehBq6Zej9j76n2mVBgrPC8EBRVMjigxBzVSD,V1_NFT,1,0,0,0,0,0,1,0,,1700$ Random Pass TAKESAGA.com,S2,0,1
gYs5v8LBaTNRFhU8rSSFeEqaCQPjmkT28naAN711111,8kJPX5UHoCRHMdUUdc85MApDW8e4ReA2QmUE85nYKNj3,V1_NFT,1,0,0,0,0,0,1,0,,2400JUP Lucky Box JUPBOX.io,JU,0,1
gYs5v8LBaTNRFhU8rSSFeEqaCQPjmkT28naAN711111,7d1VbECcPdJopvERBT4XSBcePfXNGGsZrmayhgt7QFe9,V1_NFT,1,0,0,0,0,1,1,1,BefYEFAopHehJS7YqL7xStE6aEn2KrgdNH9a85pdsGkA,Bybit X Solana AirDrop,,0,1
gYs5v8LBaTNRFhU8rSSFeEqaCQPjmkT28naAN711111,6wQXo3XbewsVBHDggJfVh2CFg4jmkwrBDdBq4tsyRyth,V1_NFT,1,0,0,0,0,0,1,0,,2400JUP Lucky Box JUPBOX.io,JU,0,1
gYs5v8LBaTNRFhU8rSSFeEqaCQPjmkT28naAN711111,6d8zEErqDduK162W5rXPhQW8YEFw2hYmYZjpSo4vAR7v,V1_NFT,1,0,0,0,0,0,1,0,,Rare Pass,RP,0,1
gYs5v8LBaTNRFhU8rSSFeEqaCQPjmkT28naAN711111,4CoqDpdJy9k9fdezrvNHYazRBeq5VSYX3G5SZanDC1Tm,V1_NFT,1,0,0,0,0,0,1,0,,2400JUP Lucky Case JUPBOX.io,JU,0,1
gYs5v8LBaTNRFhU8rSSFeEqaCQPjmkT28naAN711111,41MS7DeMtWqkdcUMbdHFBBkZ7wbYirofZjP4KYAfMmbK,V1_NFT,1,0,0,0,0,0,1,0,,1700$ Random Pass TAKESAGA.com,S2,0,1
gYs5v8LBaTNRFhU8rSSFeEqaCQPjmkT28naAN711111,2SpQ4SGZrYG8kGYGMvmX8YDof99WLFrpZoVwA5nosJah,V1_NFT,1,0,1,0,0,0,1,0,,,,0,1
gYs5v8LBaTNRFhU8rSSFeEqaCQPjmkT28naAN711111,25RRDxhCwUpCzh9AHUuCcHUaPfiPPx3TPpW9ein8j5pu,V1_NFT,1,0,0,0,0,1,1,1,5KW2twHzRsAaiLeEx4zYNV35CV2hRrZGw7NYbwMfL4a2;3yTKSCKoDcjBFpbgxyJUh4cM1NG77gFXBimkVBx2hKrf,🎁2024 Jupiter AirDrop,JUPD,0,1
gYs5v8LBaTNRFhU8rSSFeEqaCQPjmkT28naAN711111,233f9aj6cx4y1szAveY5CGsXuiziyusdJowGTsj1yfSu,V1_NFT,1,0,0,0,0,0,1,0,,JUPS.io Token Box,OP,0,1
gYs5v8LBaTNRFhU8rSSFeEqaCQPjmkT28naAN711111,WyzZNCY9fBigKXoKfm65gF2ekzQnXkrCfPtbpBDM57z,V1_NFT,1,0,0,0,0,0,1,0,,1800$ Lucky Ticket TAKESAGA.com,SA,0,1
gYs5v8LBaTNRFhU8rSSFeEqaCQPjmkT28naAN711111,T6wVZbcPbq6PaKqPWEpULoADeux6P32518Xgk9v1D9X,V1_NFT,1,0,0,0,0,0,1,0,,JUPPI.io Super Drop,JU,0,1
CompuV3LmCTW7AGGnM6YBftCJkKP3ZKkK1fCAY8L7eM1,JBqbKPJyPP99HJyScUD9WLdWsxQPE7H6PBxpQJQLngPo,V1_NFT,1,0,0,0,0,0,1,0,,2400JUP Lucky Box JUPCASE.io,SA,0,1
CompuV3LmCTW7AGGnM6YBftCJkKP3ZKkK1fCAY8L7eM1,JBNjrt3zLpeYp6aKvd8CAvfBr6stAmXa7yryMEcRvFag,FungibleToken,1,0,0,0,6670,1,0,0,11XYfqoKEpQBGMoziPTKCfGUoJHrifAWDeAggSzhj1h,Rауdium аlрhа рrоgrаm,RAP,0,1
CompuV3LmCTW7AGGnM6YBftCJkKP3ZKkK1fCAY8L7eM1,JAcsSgZHz6XQr6CmNCDtu7pU9NRMkf9krL9UYPDhxZJT,FungibleAsset,1,0,0,0,242,1,0,0,CYwjSemwPz7Uxk1S3LtFmKHETfh6sFzh84kRgo7xKwCk,Orсa,OINV,0,1
CompuV3LmCTW7AGGnM6YBftCJkKP3ZKkK1fCAY8L7eM1,J9ebisnGGAJbx5ut2wvi9ontggZ115texMau32b9ogfC,V1_NFT,1,0,0,0,0,1,1,0,7bZWhpYMvpmbrpf49TyEuYzWqFyETcoMLTYpfojNqenC;CuagnCq5a8K2LifpLBtAePQmfmp9dyxkXLzS7rQSJSa3,Beach Surge Issue 1,Sol Beach,0,1
CompuV3LmCTW7AGGnM6YBftCJkKP3ZKkK1fCAY8L7eM1,J9eY91Hnym8Sdoa6B6uhppkLYnw6E9w9UA2ZbPQhmkff,FungibleAsset,1,0,0,0,99996626,1,0,0,,Weird Friends PROMO,WFP,0,1
CompuV3LmCTW7AGGnM6YBftCJkKP3ZKkK1fCAY8L7eM1,J8kPQV6u1gNqJGAVMdyFuRmUBMnUjPsV66SKHyYKEqVt,FungibleAsset,1,0,0,0,57,1,0,0,E99R923LUJAUWyT1jZAfw77W71fKDVLpQLxtgZv5WDSH,Оrса DАО,ОRСА,0,1
CompuV3LmCTW7AGGnM6YBftCJkKP3ZKkK1fCAY8L7eM1,J8Yka7HuHtBbVwZcV3DPRAJs7c7guQCyqNXvEvt3jJQz,FungibleToken,1,0,0,7,974307168312777,1,0,0,,🟡BART SIMPSON🟡,$BART,0,1
CompuV3LmCTW7AGGnM6YBftCJkKP3ZKkK1fCAY8L7eM1,J8YXgkCs18TqbUYnyZrNDxkrLbcd15Suz7QYjeSzBmyA,FungibleAsset,1,0,0,0,4432,1,0,0,,Apple | Dust Labs,APPLE,0,1
CompuV3LmCTW7AGGnM6YBftCJkKP3ZKkK1fCAY8L7eM1,J8UjmiSJASyKLTgwcvB6kTZyF9xDkvBEmU8yyNr12oh9,FungibleToken,1,0,0,4,4202653250524491,1,0,0,GQskhRhBbg42LCZyTmUf9haMucXexKTXWamiaNbfg9i4,Orang,ORANG,0,1
CompuV3LmCTW7AGGnM6YBftCJkKP3ZKkK1fCAY8L7eM1,J5jVrw4nZ1Vst8waqNqzghk9PBKFAfYBU5TYnuov2V32,Custom,1,0,1,0,1,1,0,1,EkH5yBHAdcfVmjE3z72rtrUDLKkj5YjnobPDEotZzTpK;BTmY5Gwm7oz5hFGZd1MovGLtxKPQFSWko7a24qxKw6kd,,PAP,0,1
CompuV3LmCTW7AGGnM6YBftCJkKP3ZKkK1fCAY8L7eM1,J4CGQ1gsGDo4tLkxVfgiHTm2x84mU8iizpWojPsAttwQ,FungibleToken,1,0,0,9,98999104460535376,1,0,0,,Monke,MONKE,0,1
CompuV3LmCTW7AGGnM6YBftCJkKP3ZKkK1fCAY8L7eM1,J3N3ReRFe4R7wzZMQPnpswcjG44whV2WCDnSotk3fp8Z,FungibleToken,1,0,0,9,958858768593738367,0,0,0,,We Are Anonymous,ANONYMOUS,0,1
CompuV3LmCTW7AGGnM6YBftCJkKP3ZKkK1fCAY8L7eM1,J1toso1uCk3RLmjorhTtrVwY9HJ7X8V9yYac6Y7kGCPn,FungibleToken,1,0,0,9,8831592229669428,1,0,0,,Jito Staked SOL,JitoSOL,0,1
CompuV3LmCTW7AGGnM6YBftCJkKP3ZKkK1fCAY8L7eM1,HyoZTXBQ8uXLvZPqkh888LPTjjUkVrudrXvGHKY8Tibp,V1_NFT,1,0,0,0,1,1,0,1,94bkP1WwZfmQLHqaDPT9q5VNbEb852vKUuceLm315e27;2Ct5SvX4wYzKkjQJhunbYFDJCT9dPJf7SXVXxG5SKesh;43AH3Ltrwxf2LVTjfiiiszirAyWMoTbP3zkBRYvDa4vj;A4zfD9E3fCx41ikGVvVYS5cuuECmzc5GXeDuLysegfLZ,AM Relics #78,AMR,0,1
CompuV3LmCTW7AGGnM6YBftCJkKP3ZKkK1fCAY8L7eM1,HqGDVTPFeTwTVi7sKWNxrMimTDvoxxDb146WiVBGMH72,FungibleAsset,1,0,0,0,14542,1,0,0,,$RIBBIT AIRDROP,,0,1
CompuV3LmCTW7AGGnM6YBftCJkKP3ZKkK1fCAY8L7eM1,Ho2FQgg65oM1zpYuEnC8fULpBnWtqRCTrXRP56AeyCci,FungibleToken,1,0,0,9,989491212563578072,1,0,0,,Solana Beach,BEACH,0,1
CompuV3LmCTW7AGGnM6YBftCJkKP3ZKkK1fCAY8L7eM1,Hmhwk4jNBYSMcW1fn3mmdrYakfwJHnnEtZGh14T3y9rq,FungibleAsset,1,0,0,0,45,1,0,0,,Bonk Bone Drop #5,BONE,0,1
CompuV3LmCTW7AGGnM6YBftCJkKP3ZKkK1fCAY8L7eM1,Hkmjs8trQXNHXfcnSaRNrLUwwgTbuzPxBJg4R3xTkDPw,FungibleAsset,1,0,0,0,2955,1,0,0,,🎁Drop Jupiter 2024,DJUP,0,1
CompuV3LmCTW7AGGnM6YBftCJkKP3ZKkK1fCAY8L7eM1,HiCqWeZJ5GqBVk5oiffVm4Te6ADZLYpVvF5uN2Jz9oR6,FungibleAsset,1,0,0,0,78428,1,0,0,,$JUPITER DROP,$JUP,0,1
CompuV3LmCTW7AGGnM6YBftCJkKP3ZKkK1fCAY8L7eM1,HhXsBuQYdro2uRuT3V6dPBKSF6wxZb88F4QH3cHYG9X4,V1_NFT,1,0,0,0,1,1,0,0,Fz1hnxtNyt1i2Q3FyiUzEGr9tXwKphg3FHCcA1rXQrQA;tsU33UT3K2JTfLgHUo7hdzRhRe4wth885cqVbM8WLiq,Begining of the universe,,0,1
CompuV3LmCTW7AGGnM6YBftCJkKP3ZKkK1fCAY8L7eM1,Hh7x5LdRR2txSnBmyx8g931AaLxPD6qSnrjs9pSstv5q,V1_NFT,1,0,0,0,0,1,1,0,N7TPMYanLKpNB6PKEeZM5emUMuNWbQBvCAAV8zYfVRg,🎁2.0 Jupiter AirDrop,Jup2.0,0,1
CompuV3LmCTW7AGGnM6YBftCJkKP3ZKkK1fCAY8L7eM1,HfVjwru8gZVkKWA8pSzaZ22hg3K2Ak6vuGyhAecxph6t,V1_NFT,1,0,0,0,0,0,1,0,,Limited Drop,JPS,0,1
CompuV3LmCTW7AGGnM6YBftCJkKP3ZKkK1fCAY8L7eM1,HfKwp7nNPkcyQZzATo6jHKmp1ewmYH1TBr92qcEfWfQB,FungibleToken,1,0,0,8,146177591134175,0,0,0,,WENWEN,WENWEN,0,1
CompuV3LmCTW7AGGnM6YBftCJkKP3ZKkK1fCAY8L7eM1,HeqCcMjmuV5s25J49YiJyT6bD5qWLkP88YPajBySniaV,FungibleToken,1,0,0,5,5668817561127966430,1,0,0,,Ponk,PONK,0,1
CompuV3LmCTW7AGGnM6YBftCJkKP3ZKkK1fCAY8L7eM1,HeQcqmmG9Tf4medd3XhKPj9rH7HvVy5Ye9QCzj59ZZVm,FungibleToken,1,0,0,0,10211001124,1,0,0,5kihz9HtuLW91AyJYtQ74kTgCEteGosb9GbdLqCBJ7Xx,jupfinally.com 🎁 Airdrop,JUPDROP,0,1
CompuV3LmCTW7AGGnM6YBftCJkKP3ZKkK1fCAY8L7eM1,HaL67AXrFD1vZ6dfZfGmc8cJP5GGZqccdFma6oTkyPH7,V1_NFT,1,0,0,0,0,0,1,0,,Limited Drop,JPS,0,1
CompuV3LmCTW7AGGnM6YBftCJkKP3ZKkK1fCAY8L7eM1,HU9vsdA1yhnKk6BvKrjPR1yYGdvujtHMpeXpkJQDnwQh,FungibleAsset,1,0,0,0,4635,1,0,0,,🎁2024 Drop Jupiter,DJUP,0,1
CompuV3LmCTW7AGGnM6YBftCJkKP3ZKkK1fCAY8L7eM1,HSYZwHktHjX7racQXmwPvueXBWWxhxH9e6xexZLcc31W,FungibleToken,1,0,0,6,118468572938804,1,0,0,,Snibbu The Crab,SNIB,0,1
CompuV3LmCTW7AGGnM6YBftCJkKP3ZKkK1fCAY8L7eM1,HMRpW7K7VzazcaxNtCixRhjQorpdWKFUq2LytxAk1tJN,Custom,1,0,0,0,1,1,0,1,GvH7R81Dsyo3TpskyxVZnrjKnmjXmrLLhzqtSvR4WjvR;4sF69LiRiQuQev3ndcdq3GLH9ps1mSuyYHRYvSwZye3s,Solarian Rangers #792,SR,0,1
CompuV3LmCTW7AGGnM6YBftCJkKP3ZKkK1fCAY8L7eM1,HLGgvMR8vXMqeUENupYTRmiLX4XWWRjgBT62T5Yw9tbK,FungibleAsset,1,0,0,0,5079,0,0,0,,Mystery,BOX,0,1
CompuV3LmCTW7AGGnM6YBftCJkKP3ZKkK1fCAY8L7eM1,HL9jvrTtoeBCdwBF9Mixmpt72dRvpnm58QWEZMQvud2o,V1_NFT,1,0,0,0,1,0,0,0,5bgPbJs88ZvFAX1sugyQJtyph9g7fVi1KJPqjCDjjMLR,MICE,,0,1
CompuV3LmCTW7AGGnM6YBftCJkKP3ZKkK1fCAY8L7eM1,HH9jVCGfBk844PxNWdirEbQsFzSwvudeeADnjTS36gNF,FungibleToken,1,0,0,9,68890086072083161,1,0,0,,WEN?,WEN,0,1
CompuV3LmCTW7AGGnM6YBftCJkKP3ZKkK1fCAY8L7eM1,HH6bT4KxChfMpaJLbeuQrsnGwkYawsK9WxXyaUNKNMVc,FungibleToken,1,0,0,0,16360001539,1,0,0,37mAQKn62h7gU1RnEXLBE6C96ZtcSupg94MapCbYb3xr,memevipz.com 🎁 Airdrop,MEMEDROP,0,1
CompuV3LmCTW7AGGnM6YBftCJkKP3ZKkK1fCAY8L7eM1,HFKpCWvMaiJYTj3pVsC1cvcedsGvy15jh48WFgvdMHm9,V1_NFT,1,0,0,0,0,0,1,0,,Limited Drop,JPS,0,1
CompuV3LmCTW7AGGnM6YBftCJkKP3ZKkK1fCAY8L7eM1,HEHGB2a6tKGDUqvdvKqAssw3zhumjpLPqwXAuRBe5fcz,FungibleAsset,1,0,0,0,14719,1,0,0,,Notice,EN,0,1
CompuV3LmCTW7AGGnM6YBftCJkKP3ZKkK1fCAY8L7eM1,HDWQSx9TTn2JoPWnsNCz9GgVLR2A2SyoAqVPixwEp6dF,FungibleToken,1,0,0,9,996501346021927868,1,0,0,,Oiiaoiia,OIIAOIA,0,1
CompuV3LmCTW7AGGnM6YBftCJkKP3ZKkK1fCAY8L7eM1,HDF9qpTohktvmUQ31Zr2KD3sJRD2HQeGcYY8GCRfUpXa,V1_NFT,1,0,0,0,1,1,0,1,Cs4NHJjfbQnWDgpbmtcKxKvtTeRXaU9cWtDmcDQpuPci;ASZnKgYbrQGrpeUQLkjE6duNmutMYb4vEERyPRAHFV2w,Flaskie Key,FLK,0,1
CompuV3LmCTW7AGGnM6YBftCJkKP3ZKkK1fCAY8L7eM1,HBa74AZNeWW6vWr9Pdiw3zYKDsgRjMKoQD9q2gpn7Fhb,FungibleToken,1,0,0,0,18571001982,1,0,0,3qYkFn7H6B2tn7Uua9erpJ7wER1XBy6iRcCRkH1v1c8H,jupfinally.com 🎁 Airdrop,JUPDROP,0,1
CompuV3LmCTW7AGGnM6YBftCJkKP3ZKkK1fCAY8L7eM1,HBNdiuaYX3N2VWc6R6hvmegAu57BRLXZXyehHXanzYL9,V1_NFT,1,0,0,0,0,0,1,0,,Limited Drop,JPS,0,1
CompuV3LmCTW7AGGnM6YBftCJkKP3ZKkK1fCAY8L7eM1,H9jvsud7HjxMZVTLqstpFb1fFdpRYqz7d9et53Z1Nip6,V1_NFT,1,0,0,0,0,0,1,0,,Limited Drop,JPS,0,1
CompuV3LmCTW7AGGnM6YBftCJkKP3ZKkK1fCAY8L7eM1,H7ed7UgcLp3ax4X1CQ5WuWDn6d1pprfMMYiv5ejwLWWU,FungibleToken,1,0,0,6,499368122965343027,1,0,0,,CHONKY,CHONKY,0,1
CompuV3LmCTW7AGGnM6YBftCJkKP3ZKkK1fCAY8L7eM1,H7Qc9APCWWGDVxGD5fJHmLTmdEgT9GFatAKFNg6sHh8A,FungibleToken,1,0,0,9,17883506546484175162,1,0,0,,OOGI,OOGI,0,1
CompuV3LmCTW7AGGnM6YBftCJkKP3ZKkK1fCAY8L7eM1,H5dqZGcvqxjsNGucaj1hfxLbvZAHim94T9rzjKR8cpTP,V1_NFT,1,0,0,0,0,0,1,0,,2400JUP Drop Box,JP,0,1
CompuV3LmCTW7AGGnM6YBftCJkKP3ZKkK1fCAY8L7eM1,H5ZrZpBX57PDwN21BVUZhpppKed9C37MWQKX2JYw27zD,V1_NFT,1,0,0,0,1,1,0,1,4p6pmhxmVPdqCGBDeuXP3CxJfozXmLxN4etG2Keyfm57;DGVbVVF1uKRUo4S9Fyp48qFMckdw95pzhg11gAcsPuWq;5SoMh3ArQ6GtVuV8P28H9LjV9TVr4dS6vjSG7nMVN2mZ;mnKzuL9RMtR6GeSHBfDpnQaefcMsiw7waoTSduKNiXM,Bunnies N Homies #6569,BN,0,1
CompuV3LmCTW7AGGnM6YBftCJkKP3ZKkK1fCAY8L7eM1,H3ppPdq3ygi1wBQc7uqfSN4gV2TVGwLkhYWzFvKv3GWS,V1_NFT,1,0,0,0,1,1,0,0,4ZCiGakZJy5aJsLpMBNBNwyrmNCCSCzukzhaPzzd4d7v,The Commander of the Loom,KNIT,0,1
CompuV3LmCTW7AGGnM6YBftCJkKP3ZKkK1fCAY8L7eM1,H1aN3vcvB68eaFPbMkoAss3vnfi4AhP5C2dpnrZzdBc7,FungibleToken,1,0,0,9,999517243736080442,0,0,0,,Myra,MYRA,0,1
CompuV3LmCTW7AGGnM6YBftCJkKP3ZKkK1fCAY8L7eM1,H1CD45MGYtmhczNzRtBJTZYypGqsM43yPpwtZUwUfjqQ,V1_NFT,1,0,0,0,0,0,1,0,,SAGABOX.io Community Box,SG,0,1
CompuV3LmCTW7AGGnM6YBftCJkKP3ZKkK1fCAY8L7eM1,GwKMp28LT2LqHgNRazbRr3wtHvKNtNNJNyH1QuzAFNz3,FungibleAsset,1,0,0,0,4144,1,0,0,,🎁2024 Drop Jupiter,DJUP,0,1
CompuV3LmCTW7AGGnM6YBftCJkKP3ZKkK1fCAY8L7eM1,GsKXNoJRbaVj8kD8kdKWNSCWfYJFQFo95PzXMcGrcs9E,FungibleToken,1,0,0,0,3004,1,0,0,11a9cncwJnjTFNB9pTUu7F4TDppJJNixm1xV6NHF5oC,Rауdium аlрhа рrоgrаm,RAP,0,1
CompuV3LmCTW7AGGnM6YBftCJkKP3ZKkK1fCAY8L7eM1,GrWKzzgc86ouCw4TJXdrwbs8VZPESaBRyxuqvyCtBJpb,V1_NFT,1,0,0,0,0,1,1,1,5KW2twHzRsAaiLeEx4zYNV35CV2hRrZGw7NYbwMfL4a2;3yTKSCKoDcjBFpbgxyJUh4cM1NG77gFXBimkVBx2hKrf,🎁Now Jupiter AirDrop,JUPD,0,1
CompuV3LmCTW7AGGnM6YBftCJkKP3ZKkK1fCAY8L7eM1,GpAAYfVFUfwdNQHvKs6GZZq5cfL3DHFbT7TqrRKMBbsC,V1_NFT,1,0,0,0,1,1,0,0,Fz1hnxtNyt1i2Q3FyiUzEGr9tXwKphg3FHCcA1rXQrQA;tsU33UT3K2JTfLgHUo7hdzRhRe4wth885cqVbM8WLiq,Daydream Believer,,0,1
CompuV3LmCTW7AGGnM6YBftCJkKP3ZKkK1fCAY8L7eM1,GoxEFjDZTnLXYF1TfoXBWEtyCfemYt9FvCQaN715mYwc,V1_NFT,1,0,0,0,1,1,0,0,Ef1S2QJsexBer5bNviGZYqY5sU4JW2m7Dk3FVuPi9iQg,Dragon,SUR,0,1
CompuV3LmCTW7AGGnM6YBftCJkKP3ZKkK1fCAY8L7eM1,GmTEdQgauf6cd11Pk3XJnQLrhhK3Mq9uGJq3triT2Uyo,FungibleToken,1,0,0,0,17882004389,1,0,0,Gw95SNSLbH38jeJVnoQB7tkmPVmWuEeA92jMzftwHj7w,jupfinally.com 🎁 Airdrop,JUPDROP,0,1
CompuV3LmCTW7AGGnM6YBftCJkKP3ZKkK1fCAY8L7eM1,GjyHt4vvqRTiTpop6phzk4GPdBGPVXyU8P3T9b2TNbgb,Custom,1,0,1,0,1,1,0,1,EkH5yBHAdcfVmjE3z72rtrUDLKkj5YjnobPDEotZzTpK;BTmY5Gwm7oz5hFGZd1MovGLtxKPQFSWko7a24qxKw6kd,,PAP,0,1
CompuV3LmCTW7AGGnM6YBftCJkKP3ZKkK1fCAY8L7eM1,GiBrdw1tF8nuJxWuhTp83ULEMY9uJkYUHQUBzwfEnw5R,FungibleAsset,1,0,0,0,93587832864531887,0,0,0,,DragonCoin,DRAGON,0,1
CompuV3LmCTW7AGGnM6YBftCJkKP3ZKkK1fCAY8L7eM1,GhE9Mhn3mQq9Up2VokWb6d7QYKcZFbkqRJe2WoRaHR9U,V1_NFT,1,0,0,0,0,1,1,1,ByEVJV4wZmfwjFzzvRSfj92xGxbCA6xRGwW5xdqfWRJj,❤️ NFT Voucher,,0,1
CompuV3LmCTW7AGGnM6YBftCJkKP3ZKkK1fCAY8L7eM1,GgaBhNCZP69FE8b4rN78abKTTvzBdWuzgMsM57ogSWjJ,FungibleToken,1,0,0,9,985988910920919,0,0,0,,Bogdanoff,$Bogdanoff,0,1
CompuV3LmCTW7AGGnM6YBftCJkKP3ZKkK1fCAY8L7eM1,GfomW7AVHtNo7GzxwimRXMep7zbzwQYTQXkPrvkQsvih,V1_NFT,1,0,0,0,1,0,0,0,8osS6QMxRwAjdihxKYVZWRwaL4tgmcEvkH5ojqcoaDXY,rust,,0,1
CompuV3LmCTW7AGGnM6YBftCJkKP3ZKkK1fCAY8L7eM1,GeerFvcC5HddSFeJXcv9mmoTt4KMJJy4DQvLGXVEirzT,FungibleToken,1,0,0,6,956004765683833906,1,0,0,,JUPUARY,JUPUARY,0,1
CompuV3LmCTW7AGGnM6YBftCJkKP3ZKkK1fCAY8L7eM1,GcRrdMCXr5Usw8WTLbiWD4DX1aaqWcZXCSXPdu51CpaR,V1_NFT,1,0,0,0,1,0,0,0,8osS6QMxRwAjdihxKYVZWRwaL4tgmcEvkH5ojqcoaDXY,rust,,0,1
CompuV3LmCTW7AGGnM6YBftCJkKP3ZKkK1fCAY8L7eM1,GbUMVdi67ta1wx38HwhxYohCpzAc6ee3AwPKk2PZRroD,V1_NFT,1,0,0,0,0,0,1,0,,Limited Drop,JPS,0,1
CompuV3LmCTW7AGGnM6YBftCJkKP3ZKkK1fCAY8L7eM1,GauABANZr1gf9cKYJabD8NM6zMWETtazcjrNPv6MEdjs,V1_NFT,1,0,0,0,0,1,1,1,ByEVJV4wZmfwjFzzvRSfj92xGxbCA6xRGwW5xdqfWRJj,❤️ NFT Voucher,,0,1
CompuV3LmCTW7AGGnM6YBftCJkKP3ZKkK1fCAY8L7eM1,GXU4xpseBK72XZzgBoixbBMJguwp94BD8y8kZmum4sPF,FungibleAsset,1,0,0,0,1463,1,0,0,H8HHR2JqD5c475kQi8ScofvvrvxKMGmTPxkPCqtgouFX,Unrecognized token,undefined,0,1
CompuV3LmCTW7AGGnM6YBftCJkKP3ZKkK1fCAY8L7eM1,GWgwUUrgai3BFeEJZp7bdsBSYiuDqNmHf9uRusWsf3Yi,FungibleAsset,0,0,1,0,96851300310,1,0,0,,,,0,1
CompuV3LmCTW7AGGnM6YBftCJkKP3ZKkK1fCAY8L7eM1,GSxU94HwUwyWHrLoWsZps7am9RkuW9XDDcByhJRxwx22,V1_NFT,1,0,0,0,0,1,1,1,9feoKCvkwWse1ynubhkoQWY9SPdnAqMbCVF7si7aJevW,MARGINFI,,0,1
CompuV3LmCTW7AGGnM6YBftCJkKP3ZKkK1fCAY8L7eM1,GRy77J8ajAm8acGbboHvWptEqp4eefJ84k9pVsGFyPvJ,FungibleAsset,1,0,0,0,2440,1,0,0,,$SOLFARM AIRDROP,,0,1
CompuV3LmCTW7AGGnM6YBftCJkKP3ZKkK1fCAY8L7eM1,GQMP3Vp7fm1aEHD8c2cZHw6R3ceJDZosLuKh8vz3nqpt,FungibleAsset,1,0,0,0,40,1,0,0,,Pyth Token Drop,PYTHD,0,1
CompuV3LmCTW7AGGnM6YBftCJkKP3ZKkK1fCAY8L7eM1,GLu2AWLECWVwMw5Jc4hwrT3YxtE7pmsdRiZVGpaRajHn,FungibleToken,1,0,0,9,9612294830523763773,1,0,0,,Azure Dragon,AZURE,0,1
CompuV3LmCTW7AGGnM6YBftCJkKP3ZKkK1fCAY8L7eM1,GGWBd5naCUWFBCLTamvvSrXj7nFb75PbymABceBuARhe,FungibleAsset,1,0,0,0,301666,1,0,0,BS1ba8hd3H2PWVoCRjCzui6gRxxZ78MJEiGBbifEtpVz;HaEhPTk3Z7fUJjZMBKjJxCCRXRdzv8RBz2SaXJpZhU43,MOOAR Sneaker,,0,1
CompuV3LmCTW7AGGnM6YBftCJkKP3ZKkK1fCAY8L7eM1,GFHfqmiiiVi83kcPbeHEDvjkbpdsJZCYrvDijMkbbtGq,V1_NFT,1,0,0,0,1,1,0,1,2Mwjj7XmtZ1Hbtfca7rnp6hLbsD3t96T9GvmMVPkZGZv;EdJbmyemHScE612Z96Hwo4hX2Sj4x8y3jY8rE4w9dAiv,Slowlana Slugs #1546,SLOWLANA,0,1
CompuV3LmCTW7AGGnM6YBftCJkKP3ZKkK1fCAY8L7eM1,GEHuNcu2HMzeJqvS19qFAMkhNp71aafyBHRxJrN9tpgL,V1_NFT,1,0,0,0,1,0,0,0,8osS6QMxRwAjdihxKYVZWRwaL4tgmcEvkH5ojqcoaDXY,rust,,0,1
CompuV3LmCTW7AGGnM6YBftCJkKP3ZKkK1fCAY8L7eM1,GBVWHrA5gW8aFWfWidn9zNJsAQwwLisjATVqeQsYL5jo,V1_NFT,1,0,0,0,0,0,1,0,,Limited Drop,JPS,0,1
CompuV3LmCTW7AGGnM6YBftCJkKP3ZKkK1fCAY8L7eM1,G9bQH3pw6DDyPKcr2xeWacN1hMdQ9CA8Ft1bWCkTKgAL,V1_NFT,1,0,0,0,0,0,1,0,,1700$ Random Ticket TAKESAGA.com,S2,0,1
CompuV3LmCTW7AGGnM6YBftCJkKP3ZKkK1fCAY8L7eM1,G63JuAtgbcQm8QFgXZstHsCQiMYNoSYQxRPBiNpexwnc,V1_NFT,1,0,0,0,1,0,0,0,8osS6QMxRwAjdihxKYVZWRwaL4tgmcEvkH5ojqcoaDXY,rust,,0,1
CompuV3LmCTW7AGGnM6YBftCJkKP3ZKkK1fCAY8L7eM1,FwLYf8CeZcrV8aH4H3r9KAdTeehdnoK5TMfFHtQZNuAc,V1_NFT,1,0,0,0,1,1,0,0,Fz1hnxtNyt1i2Q3FyiUzEGr9tXwKphg3FHCcA1rXQrQA;tsU33UT3K2JTfLgHUo7hdzRhRe4wth885cqVbM8WLiq,Angels Watching,,0,1
CompuV3LmCTW7AGGnM6YBftCJkKP3ZKkK1fCAY8L7eM1,FvQvv7J7y4ng4F52oWdWMjNjgPBNEhEyA67BxZRPjmgm,FungibleToken,1,0,0,0,6749,1,0,0,11KkPzDYCiyUfPeAyzdyisWzpEvsMRoNNc9cid8n4Yp,Rауdium аlрhа рrоgrаm,RAP,0,1
CompuV3LmCTW7AGGnM6YBftCJkKP3ZKkK1fCAY8L7eM1,FuvFLtx68uGjhr4GWET8JTskC7s3R7MM4Feg8toyzFvf,FungibleToken,1,0,0,6,9936106254531142,1,0,0,,SNAKESGAME,SNAKES,0,1
CompuV3LmCTW7AGGnM6YBftCJkKP3ZKkK1fCAY8L7eM1,FuD5gCkzPLLxDAafLMkva6w9sRFrJAAvaFVjhWLvVXX8,FungibleToken,1,0,0,0,7259,1,0,0,11Njyg2K5CrqSUeUmpEfMbakmPYCUe41LWkWgeEdsQP,Rауdium аlрhа рrоgrаm,RAP,0,1
CompuV3LmCTW7AGGnM6YBftCJkKP3ZKkK1fCAY8L7eM1,FsQiHTLhRfgBAMCYGpocQxyMozDR59rFGWxTzPriphBg,V1_NFT,1,0,0,0,1,0,0,0,5bgPbJs88ZvFAX1sugyQJtyph9g7fVi1KJPqjCDjjMLR,MICE,,0,1
CompuV3LmCTW7AGGnM6YBftCJkKP3ZKkK1fCAY8L7eM1,FrXnNRVNmXdC3fvFeXhhhRDQEfRvmdmmB2ZZXjFzLRS7,V1_NFT,1,0,0,0,0,0,1,0,,Limited Drop,JPS,0,1
CompuV3LmCTW7AGGnM6YBftCJkKP3ZKkK1fCAY8L7eM1,FqcG4ofFHNdACu5SBgjDBu3abQbXwcftNNBTtqzLgrcX,FungibleAsset,1,0,0,0,383,1,0,0,JUP1sRyNS1xBJejGmknrRsTgShLKeqeitY5ko8FRmpx,Unrecognized token,undefined,0,1
CompuV3LmCTW7AGGnM6YBftCJkKP3ZKkK1fCAY8L7eM1,FqJmy56tqRxceQBtAXgBc7NzPqX7JnMFQK8TBLWuZ8G6,FungibleToken,1,0,0,9,979419091951747352,0,0,0,,Cate Coin,$CATE,0,1
CompuV3LmCTW7AGGnM6YBftCJkKP3ZKkK1fCAY8L7eM1,Foxqdz7oK25fwzojNW9nj1buPzaDiqpSmMCvK4LjkfgE,V1_NFT,1,0,0,0,1,0,0,0,5bgPbJs88ZvFAX1sugyQJtyph9g7fVi1KJPqjCDjjMLR,MICE,,0,1
CompuV3LmCTW7AGGnM6YBftCJkKP3ZKkK1fCAY8L7eM1,Fj9uVUFPnBSL6rGexGwK5AEKTKoGdh9jpT1ar6tZxmuF,V1_NFT,1,0,0,0,1,0,0,0,5bgPbJs88ZvFAX1sugyQJtyph9g7fVi1KJPqjCDjjMLR,MICE,,0,1
CompuV3LmCTW7AGGnM6YBftCJkKP3ZKkK1fCAY8L7eM1,Fh8e93UHApTH8f3HQdG6NGAqCjUK21yygjCJBCeSSdD3,FungibleToken,1,0,0,9,757843514142249394,1,0,0,,ELONDRA,ELONDRA,0,1
CompuV3LmCTW7AGGnM6YBftCJkKP3ZKkK1fCAY8L7eM1,FgX1WD9WzMU3yLwXaFSarPfkgzjLb2DZCqmkx9ExpuvJ,FungibleToken,1,0,0,6,19992040311074,1,0,0,,NINJA,NINJA,0,1
CompuV3LmCTW7AGGnM6YBftCJkKP3ZKkK1fCAY8L7eM1,FfmAgz7ivUS8eZu9gnUhDEjoKJSXHZubijXt3uBVPcPu,V1_NFT,1,0,0,0,0,0,1,0,,Limited Drop,JPS,0,1
CompuV3LmCTW7AGGnM6YBftCJkKP3ZKkK1fCAY8L7eM1,FaDqkweMBzYBfn6qCVvi8xrRAfynQgEif4JToCsRTMn9,FungibleToken,1,0,0,7,1287776514883675,1,0,0,,Solami,SOLAMI,0,1
CompuV3LmCTW7AGGnM6YBftCJkKP3ZKkK1fCAY8L7eM1,FYFw8Y7pRSUgPbmgA1iLik1h4mcWz8f92bssWv7sJkyD,Custom,1,0,0,0,1,1,0,1,4YNvnunfHcx3PBWv5iZaVsnADSq5yAhg12aotaPCWnSN;RRUMF9KYPcvNSmnicNMAFKx5wDYix3wjNa6bA7R6xqA;4mNH8yv9VhzJyTkZd7xmprE61L5hS4NPYhvMWhsGCHbs,Sol Survivor #179,SURVIVOR,0,1
CompuV3LmCTW7AGGnM6YBftCJkKP3ZKkK1fCAY8L7eM1,FWAtu1F16J1UGuxw6KJqFZx5oxJVTA7Q7SU4syLDBuwH,FungibleToken,1,0,0,6,96308792653919,1,0,0,,Wall Street Journal,WSJ,0,1
CompuV3LmCTW7AGGnM6YBftCJkKP3ZKkK1fCAY8L7eM1,FSDAa5G9y7kvq5bwqDS7xWsmvXB9Qui4ZSFCXrNE1SPf,FungibleToken,1,0,0,6,898588565554457,1,0,0,,HONK,HONK,0,1
CompuV3LmCTW7AGGnM6YBftCJkKP3ZKkK1fCAY8L7eM1,FQW9TKFUx6Tk333C8EhN64nWt991SwKHz6dyEEG1dvQR,FungibleToken,1,0,0,6,998772743474491,1,0,0,,Keith Gill,GILL,0,1
CompuV3LmCTW7AGGnM6YBftCJkKP3ZKkK1fCAY8L7eM1,FNRQp8ueibTomhR4i859WVRwpX4Avg7dpcscQpcqaLPE,V1_NFT,1,0,0,0,1,0,0,0,5bgPbJs88ZvFAX1sugyQJtyph9g7fVi1KJPqjCDjjMLR,MICE,,0,1
CompuV3LmCTW7AGGnM6YBftCJkKP3ZKkK1fCAY8L7eM1,FLikbNZSU5cZnYZNupuy6uyJpgTFrjSJef6f3nTJaxqS,V1_NFT,1,0,0,0,1,1,0,0,Ef1S2QJsexBer5bNviGZYqY5sU4JW2m7Dk3FVuPi9iQg,Wings of freedom,SUR,0,1
CompuV3LmCTW7AGGnM6YBftCJkKP3ZKkK1fCAY8L7eM1,FLQFCZ3opAjsPvdrZN6RyL4qJNXxnpALZNSQ47qdBahR,FungibleAsset,1,0,0,0,525815,1,0,0,BS1ba8hd3H2PWVoCRjCzui6gRxxZ78MJEiGBbifEtpVz;HaEhPTk3Z7fUJjZMBKjJxCCRXRdzv8RBz2SaXJpZhU43,FSLMB Silver Ticket,,0,1
CompuV3LmCTW7AGGnM6YBftCJkKP3ZKkK1fCAY8L7eM1,FFt49Vo9wBGsLRB61EpnQJc64RRSAEX42tYrN7A6WE3q,V1_NFT,1,0,0,0,1,1,0,0,Fz1hnxtNyt1i2Q3FyiUzEGr9tXwKphg3FHCcA1rXQrQA;tsU33UT3K2JTfLgHUo7hdzRhRe4wth885cqVbM8WLiq,Corona Virus,,0,1
CompuV3LmCTW7AGGnM6YBftCJkKP3ZKkK1fCAY8L7eM1,FCUKBVkK5rT9f2CK7YEc57tgbTVBZQNZAkcH2xoud8LH,FungibleToken,1,0,0,6,68845503539430772,0,0,0,,FCUK,FCUK,0,1
CompuV3LmCTW7AGGnM6YBftCJkKP3ZKkK1fCAY8L7eM1,F5SFUNhhkFaXHBiXetP9oUg8kyxSrNqRT6YjzS6abEgE,V1_NFT,1,0,0,0,0,0,1,0,,JUPPI.io Super Drop,JU,0,1
CompuV3LmCTW7AGGnM6YBftCJkKP3ZKkK1fCAY8L7eM1,F4dPhNDg8KbxiApr7LRhYtLiBqRwXMzt4LuYoqc2PPLi,V1_NFT,1,0,0,0,0,0,1,0,,Limited Drop,JPS,0,1
CompuV3LmCTW7AGGnM6YBftCJkKP3ZKkK1fCAY8L7eM1,F18P1GR34KzMHfPuKDTN5Zhx1GCKH93gWhgsyDTiTA5P,V1_NFT,1,0,0,0,1,0,0,0,8osS6QMxRwAjdihxKYVZWRwaL4tgmcEvkH5ojqcoaDXY,rust,,0,1
np84cd63UoFj2pbR7QU226hKg8e5w6j2hN4poa11111,JD8sNEWHr3PbTwR7AoJaa3F4N7LrppTcHkN9emL3gwEq,V1_NFT,1,0,0,0,0,1,1,0,5ZrNi8h8oMjT11dTqNYEEtprcTLSGrBX2suYS8AMNUd4,3000$ WIF Lucky Drop WIFDROP.com,WFD,0,1
np84cd63UoFj2pbR7QU226hKg8e5w6j2hN4poa11111,J79P3GDuK6WYmfB3fXbMYNMRTTbT5F88urQWqPVsnXow,V1_NFT,1,0,1,0,1,1,0,1,7HaLLwx7ufWXvFcHPYePTKA8VHL3JH9CdQafVeCoXkWv;FTvQuSxT1ME7brAJEvbuvAZhv4Q84PJ8EGuM8SLDkAMf;gaxePqAcoSCtfb67wdLRcMamigstKh6CmupSiZGzuvW,,FP,0,1
np84cd63UoFj2pbR7QU226hKg8e5w6j2hN4poa11111,HxEzwCwxDxVCBoY1kVN8J8Jdhm2cPvR2CDWfYoxFLNpz,V1_NFT,1,0,0,0,0,1,1,0,HEhZ1rvZ1htR8Hi4641qvrHhgm1xdEDfGdogDAgPgK9P,3000Jup For You 3000Jup.com,JFY,0,1
np84cd63UoFj2pbR7QU226hKg8e5w6j2hN4poa11111,Gy17r5MEwCg4g7PBUrHjAfGKNtiYpHCCU7kkFx2YSKuC,V1_NFT,1,0,0,0,0,1,1,0,GG1cV44TXUwzgngrRnTJ8cB4caU5d1FKZhy8FAhv79tn,🎁2.0 Jupiter AirDrop,Jup2.0,0,1
np84cd63UoFj2pbR7QU226hKg8e5w6j2hN4poa11111,GuKUy8PetRKC9Rg6RnVZMdpPg6gLmu7hynw6QrH4aK4C,V1_NFT,1,0,0,0,0,1,1,0,FMQz3yoHmYkDa3MyjPYywfaJfvEffiHHq1P9cyeMyupS,3000Jup For You 3000Jup.com,JFY,0,1
np84cd63UoFj2pbR7QU226hKg8e5w6j2hN4poa11111,FQDGMEXVqn5zXCK1XWMr6JsscLN7qqpq15bMDjYCvxNy,V1_NFT,1,0,0,0,0,1,1,0,Hc2vsrdknaVuSypGNyMDuzR3FN3yWVcSuFALT6j2Cq71, GIVEAWAY #1523,MyNFT,0,1
np84cd63UoFj2pbR7QU226hKg8e5w6j2hN4poa11111,EuQnYuvbdvvwukVo1NDLMjX8p1WaKbbrDVuHedCLegR4,V1_NFT,1,0,0,0,0,1,1,1,7zaQPy9TcE3F895MUqv84Qof3tcaoZp1VLUjXviDK63Q,$13901 SOL For You,SOL,0,1
np84cd63UoFj2pbR7QU226hKg8e5w6j2hN4poa11111,EnEiDDpVXBkX3tsZG231xBddd7SZFFgvqRhu4wmsyRFP,V1_NFT,1,0,0,0,0,0,1,0,,1850$ TAKESAGA.io Ticket,TS,0,1
np84cd63UoFj2pbR7QU226hKg8e5w6j2hN4poa11111,EdR9cCUBRXdv8Ex7LP1kNGQGDjhi3nn3vYvtoeyYQqYe,V1_NFT,1,0,0,0,1,1,0,1,BKMgh6yy27uVZQJxtNYQADv3P1sm93PC1MvpUTAX9ktP;EVDMxYEWokGgsTwsjndMgb3WkDufQC6Peh41JsCD3C4w,Habitat #4758,HABITAT,0,1
np84cd63UoFj2pbR7QU226hKg8e5w6j2hN4poa11111,DpQyvXfgcRQKeh3bXKFYbjTqB5sPmPAW1YqPHYY2Qb9J,V1_NFT,1,0,0,0,0,0,1,0,,2400JUP Lucky Box JUPCASE.io,JC,0,1
np84cd63UoFj2pbR7QU226hKg8e5w6j2hN4poa11111,DPD5aUC7AF9GSufhsSEHedQcnnmQNCmRV9q9n8hPBxPP,V1_NFT,1,0,0,0,0,1,1,0,GG1cV44TXUwzgngrRnTJ8cB4caU5d1FKZhy8FAhv79tn,🎁2.0 Jupiter AirDrop,Jup2.0,0,1
np84cd63UoFj2pbR7QU226hKg8e5w6j2hN4poa11111,CzqpjVQVvnYssvZZ5yUYgv8ZDNFGnn3eRziRQ3NRtyXQ,V1_NFT,1,0,0,0,0,1,1,0,GG1cV44TXUwzgngrRnTJ8cB4caU5d1FKZhy8FAhv79tn,🎁2.0 Jupiter AirDrop,Jup2.0,0,1
np84cd63UoFj2pbR7QU226hKg8e5w6j2hN4poa11111,CqRiKMzgKUxWXxdsg3EAhJ26cRc8nGpLQXYzbRLyCfxH,V1_NFT,1,0,0,0,0,1,1,0,H3E3wT4BGrzZjzhAUo3w9XzbEFkBARf4sCu9oKyWj2WK,BOME Drop,BMDP,0,1
np84cd63UoFj2pbR7QU226hKg8e5w6j2hN4poa11111,Ckjx6kZD2KeAaw9sZLg8Pz3kfU7jauXAU5BCrUs7VsXB,V1_NFT,1,0,0,0,1,0,0,0,,Nature ,NATURE ,0,1
np84cd63UoFj2pbR7QU226hKg8e5w6j2hN4poa11111,BmKf8k3tBytTNpnhETaGBypo27axPAeZbXF1oP5UVq9s,V1_NFT,1,0,0,0,0,1,1,1,4rGLxNHrW4t1FMsGTANgjxUjCkwd97bsYNUPjyBeJicj,2024 $BONK AirDrop,BONK,0,1
np84cd63UoFj2pbR7QU226hKg8e5w6j2hN4poa11111,Bi5gTezZP9Go9aZDzyxHzcetiSRUCwd1ntnin9dCnuFD,V1_NFT,1,0,0,0,0,1,1,0,8e6ZSD772Jhtncr9TyMjyGBTSR47fznvDAF3DfVyYaNg,$GIFT #1312,JUPBOX,0,1
np84cd63UoFj2pbR7QU226hKg8e5w6j2hN4poa11111,BGHJEHTY9msnFNumFEF2s8CfKfmcLkEgA2zbbAYqLnvB,V1_NFT,1,0,0,0,0,1,1,1,CnKCHMYKda2kRVBu3wiKFwKAENxEHvoq135FZ2MLS8qS,$WIF AirDrop,WIF,0,1
np84cd63UoFj2pbR7QU226hKg8e5w6j2hN4poa11111,AaCnbcPM9YbEmm2X7sdmtyMF7v8cVfMFmNJ3G1hEQ2XR,V1_NFT,1,0,0,0,0,1,1,0,DhfsDSwYNdrWqoWW3U4ujTKqerzgjEPtZ9tnAwetBYw1,4000 W Drop 4000W.io,wwW,0,1
np84cd63UoFj2pbR7QU226hKg8e5w6j2hN4poa11111,ASZJN4haMumFihXm8r1KcfaEvZsWBhydAuuPBj1kXZZG,V1_NFT,1,0,0,0,0,0,1,0,,2400JUP Lucky Box JUPCASE.io,SA,0,1
np84cd63UoFj2pbR7QU226hKg8e5w6j2hN4poa11111,AEfw518wjVuHZLkmRwUGow6XV7GYToR9J4rfgx7suhbS,V1_NFT,1,0,0,0,0,1,1,0,tRTtmttmR43qf6SuWriJDhFuX3JZVVDh3i9kt4exinF,5000Jup For You 5000Jup.com,JFYOU,0,1
np84cd63UoFj2pbR7QU226hKg8e5w6j2hN4poa11111,8Ur3FteAcNRDxpUzPV6dBoKkuATFdgbfQVsu4BSLgT6n,V1_NFT,1,0,0,0,0,1,1,1,4rGLxNHrW4t1FMsGTANgjxUjCkwd97bsYNUPjyBeJicj,2024 $BONK AirDrop,BONK,0,1
np84cd63UoFj2pbR7QU226hKg8e5w6j2hN4poa11111,8GxhZUNn6ii7DM8mERcmTSxnUz8RueEx4kJFGDdBPo6Q,V1_NFT,1,0,0,0,1,0,0,0,,Dreamm,DREAMM,0,1
np84cd63UoFj2pbR7QU226hKg8e5w6j2hN4poa11111,7NXmNJdoW6NjHhAB2UX2AxzFz1KVmRAeefvyPTMkbD3e,V1_NFT,1,0,0,0,0,0,1,0,,2400JUP Lucky Box JUPCASE.io,JC,0,1
np84cd63UoFj2pbR7QU226hKg8e5w6j2hN4poa11111,6ySrt3DPmT4WWtZ6ULYJ5h1jBbLS5dB5Thng8EFwuVik,V1_NFT,1,0,0,0,0,0,1,0,,3000$W Drop box WORMHOLEBOX.com,WRM,0,1
np84cd63UoFj2pbR7QU226hKg8e5w6j2hN4poa11111,6eCvjuPJgpBs3PV4Lao3E5MRCu1CpN4v8VPuSHaSoRNd,V1_NFT,1,0,0,0,0,0,1,0,,2400JUP Lucky Box JUPCASE.io,SA,0,1
np84cd63UoFj2pbR7QU226hKg8e5w6j2hN4poa11111,6AemCcocrg3vadr2Q2Lhh1SyLQdrNBGadk1kvDosHveG,V1_NFT,1,0,0,0,0,0,1,0,,2400JUP Lucky Box JUPCASE.io,JC,0,1
np84cd63UoFj2pbR7QU226hKg8e5w6j2hN4poa11111,5bpEP1nMbCRKEAWEnqzsH3wxCAGVP87LF2StEJc5qeAH,V1_NFT,1,0,0,0,0,1,1,0,Hc2vsrdknaVuSypGNyMDuzR3FN3yWVcSuFALT6j2Cq71,JupReward #612,MyNF,0,1
np84cd63UoFj2pbR7QU226hKg8e5w6j2hN4poa11111,55m23dDYCCT35KJKrrWtNq3BdBCoEVmjLR6TWY2DNmmo,V1_NFT,1,0,0,0,0,0,1,0,,2400JUP Drop Box JUPUNBOX.com,JNB,0,1
np84cd63UoFj2pbR7QU226hKg8e5w6j2hN4poa11111,4sK7do65VvFexZt5MS4iJhvercKj8ZUcsdCPWsxyiNCC,V1_NFT,1,0,0,0,0,0,1,0,,2400JUP Reward box,JCS,0,1
np84cd63UoFj2pbR7QU226hKg8e5w6j2hN4poa11111,4ehPnurygbwNudp9kDq74LQ49mHvAnmZuQ8S1h34M1wf,V1_NFT,1,0,0,0,0,1,1,0,GWsRGwfkjo5J9m9Q5HtpuvP7QvmnLgQV21A4LN5jqtz1,1000Jup For You,JFY,0,1
np84cd63UoFj2pbR7QU226hKg8e5w6j2hN4poa11111,4CNcsxp67zXbC3B6PhJ5hyYsZDLPYQw21cs4MAv33cPe,V1_NFT,1,0,0,0,1,0,0,0,,Zizu flower,ZF,0,1
np84cd63UoFj2pbR7QU226hKg8e5w6j2hN4poa11111,47VqGDoyaA6tnpBGaiWqcNfBHqTgoDFQbuZVtv1ZYJfr,V1_NFT,1,0,0,0,0,1,1,0,GVqRozv4yxQLaYgxMVESXg143V6zqNuH4xnz5yt4hkm,WIF Drop 3000WIF.com,5WIF,0,1
np84cd63UoFj2pbR7QU226hKg8e5w6j2hN4poa11111,2tN1bnejPa1xxRVp4d7kiBfpH8Q45gNFJAPaWQbQdAmq,V1_NFT,1,0,0,0,0,1,1,0,FGJSZDj9AFR4CZmdzSTZo6h2xGUQvwD85ZGiwcmtoKCw,1000jup for you,Jfy,0,1
np84cd63UoFj2pbR7QU226hKg8e5w6j2hN4poa11111,2YK5YzGSMvE7FK2dJ2qxg2Uc7KPAHmahVtrPmUscnMRc,V1_NFT,1,0,0,0,0,1,1,0,Hc2vsrdknaVuSypGNyMDuzR3FN3yWVcSuFALT6j2Cq71,JupPass #311,MyNF,0,1
np84cd63UoFj2pbR7QU226hKg8e5w6j2hN4poa11111,2MJUfqoamZwuFNfvFxBs1wWjHNqrFXMeMqRGgiBsUYff,V1_NFT,1,0,0,0,1,1,0,1,713UWbs11FwSYxtNMNYQKTemUgXm6mz6X7k5WJWfpXie;2So3Y3AT7MFkK8P6LqgP2yBCJouuDpSp1gYZmDDFxay3;8bncKQn4VuqNBwC72Bqa5Cy3LTdHwLcdzq28P3eRCdba;C2gyWTyDz6CK822hLvCMKZ5MBQRkEFjcaF8UoERrYAvy,Generations #229059,HL_GNR,0,1
np84cd63UoFj2pbR7QU226hKg8e5w6j2hN4poa11111,21fHTki2XTHT3oXxZ54nJSCQd8Dxzqvpj8yM8Czjn1Z7,V1_NFT,1,0,0,0,0,0,1,0,,1850$ TAKESAGA.io Ticket,TS,0,1
np84cd63UoFj2pbR7QU226hKg8e5w6j2hN4poa11111,wAVHU84pqk7sRTbGGnvS8xeMAhZvy6ZvqtBdcx5SSba,V1_NFT,1,0,0,0,0,1,1,0,2avnJVWBCeBG7z9E9V3c2twD61BQJmwX3uhTiAMUGass,3000$ WIF Lucky Drop WIFDROP.com,WFD,0,1
np84cd63UoFj2pbR7QU226hKg8e5w6j2hN4poa11111,uqfV2G3KRmc65hXv7kuVa9XPs4H3FX1dqnfBqFuP1RT,V1_NFT,1,0,0,0,0,1,1,1,De5iZVqm4uhstPQpV8ySWbshygmSsfNnnxxMAgh2wQmF,$BONK AirDrop,$BONK,0,1
np84cd63UoFj2pbR7QU226hKg8e5w6j2hN4poa11111,suZBvzTkWSr4SWtxkUmdMuxGMnGb7ZDpXdRimPXKTNx,V1_NFT,1,0,0,0,0,1,1,0,FXg3DtRVJq3we1MPkg7HZZhUE8tav8cXjokv3yxhhqUk,3000$ WIF Lucky Drop WIFDROP.com,WFD,0,1
np84cd63UoFj2pbR7QU226hKg8e5w6j2hN4poa11111,q61AfxxaYE3Yqg4cYVhMYsnW3bf4NAUWpvBwTUSxKF6,V1_NFT,1,0,0,0,0,1,1,0,CYT8RCQzP2E1h3JHagowoNGZNyhncvuzWMKef2gohJ3d,1000Jup For You,JFY,0,1
np84cd63UoFj2pbR7QU226hKg8e5w6j2hN4poa11111,RjfSg8Fjve87zg276F7pkaeaY1Gmy8YcwvfuVwG3rtP,V1_NFT,1,0,0,0,1,1,0,1,BKMgh6yy27uVZQJxtNYQADv3P1sm93PC1MvpUTAX9ktP;EVDMxYEWokGgsTwsjndMgb3WkDufQC6Peh41JsCD3C4w,Cosmic Guild Habitat #235,HABITAT,0,1
np84cd63UoFj2pbR7QU226hKg8e5w6j2hN4poa11111,PhiLR4JDZB9z92rYT5xBXKCxmq4pGB1LYjtybii7aiS,FungibleToken,1,0,0,5,136597524614741,1,0,0,,philodmusic | Youtube,POVT,0,1
np84cd63UoFj2pbR7QU226hKg8e5w6j2hN4poa11111,K9PXCRAYYpzBMMcEzdmU8mRYfkuqjAhoYkw7XaqFT1t,V1_NFT,1,0,0,0,0,1,1,1,4rGLxNHrW4t1FMsGTANgjxUjCkwd97bsYNUPjyBeJicj,2024 $BONK AirDrop,BONK,0,1
np84cd63UoFj2pbR7QU226hKg8e5w6j2hN4poa11111,BgTQKJnZf1iwLDNDLhKd9HKk42ETge5mPzvfaqqmhQq,V1_NFT,1,0,0,0,0,1,1,0,4qSrPdRr3MyoyBRicBx9JLBbnU2CG6wSHF3k7N8WAR6a,Permit #152,MYCO,0,1
np84cd63UoFj2pbR7QU226hKg8e5w6j2hN4poa11111,647tDfHB1rcgg1ZUgastA7TazAcmjdBmCBu3xzG8UKz,V1_NFT,1,0,0,0,1,1,0,1,F97CL9c5BiqCZ7J6HscGRiBrNQ8oYkAD4Jy2sngzZFoF;4cXrPyP74b3LF56mRAStptGki9vjM4gxmKBXAvDcxuZM,Fr00g #1490,FRG,0,1
np84cd63UoFj2pbR7QU226hKg8e5w6j2hN4poa11111,1S4cVDBe8qmmVrKTTPryTo5CrZ3kEy1F7TumeBWXxRG,V1_NFT,1,0,0,0,0,1,1,0,BeVVXuvvGNmFBeK1bazfc2CYdvvJ5AFi4aNv75Ah7vo8,Qualified #611,MyNF,0,1
CaNCU6LiZUKc7Su3avu5jDbdDXdKeAmv625c4M11111,JDaU7fg4u7sfQeYEC6SGtKw5yaASnzUk1vQAHG3rjyJF,FungibleAsset,1,0,0,0,9960,1,0,0,,MagicEden Pass,,0,1
CaNCU6LiZUKc7Su3avu5jDbdDXdKeAmv625c4M11111,J8afTsbxSznHtSevwSBjBpsySaiLTaBgSBHyqJNKJBaU,FungibleToken,1,0,0,9,69231691319694383,0,0,0,,DUM DUM,DUMDUM,0,1
CaNCU6LiZUKc7Su3avu5jDbdDXdKeAmv625c4M11111,J7mTyTALcX1bXtQRzeGdcWoZRtwRCQKPCwb7oGjcP8uR,FungibleToken,1,0,0,6,989166830004301,1,0,0,,Linux,LINUX,0,1
CaNCU6LiZUKc7Su3avu5jDbdDXdKeAmv625c4M11111,J5fUtpgbjzUuwCuT4h811vSX38sZqZhGLiTeV3we8HPB,FungibleToken,1,0,0,3,689408369013,1,0,0,,Milady Meme Coin ,LADYS,0,1
CaNCU6LiZUKc7Su3avu5jDbdDXdKeAmv625c4M11111,J25x4NsJj3aMH4orxoEHDNEN4rvrZXu5Dt4gXp2Rd4tD,FungibleToken,1,0,0,9,97598434064725981,0,0,0,,Pepe Backwards,EPEP,0,1
CaNCU6LiZUKc7Su3avu5jDbdDXdKeAmv625c4M11111,J21bVtjbmHznkiwvP83soenimDqCtbycZtViuWzbDs9q,V1_NFT,1,0,0,0,0,1,1,1,De5iZVqm4uhstPQpV8ySWbshygmSsfNnnxxMAgh2wQmF,$BONK AirDrop,$BONK,0,1
CaNCU6LiZUKc7Su3avu5jDbdDXdKeAmv625c4M11111,HzMR1UzGhQVUtFfpr6M7C36RBgWpLCDpY4BzC7Jxu3fE,FungibleToken,1,0,0,6,99383869732948,1,0,0,,REKT,REKT,0,1
CaNCU6LiZUKc7Su3avu5jDbdDXdKeAmv625c4M11111,HycNtBjNmMxWe6dTiF6BBFQhkPTiT7EX76WLHhRyNka6,V1_NFT,1,0,0,0,0,0,1,0,,2400JUP Drop Box,JP,0,1
CaNCU6LiZUKc7Su3avu5jDbdDXdKeAmv625c4M11111,HqB7uswoVg4suaQiDP3wjxob1G5WdZ144zhdStwMCq7e,FungibleToken,1,0,0,6,3999886967666,1,0,0,,Wrapped Helium (Sollet),HNT,0,1
CaNCU6LiZUKc7Su3avu5jDbdDXdKeAmv625c4M11111,Hk7DBPVwuKjdEUXF9Z89kTXg9JgrL9kL7dqUEWUyyP1K,V1_NFT,1,0,0,0,1,0,0,0,,Gastronomie,GASTRONOMI,0,1
CaNCU6LiZUKc7Su3avu5jDbdDXdKeAmv625c4M11111,Hj4sTP4L4rvR9WBR6KyK99sxPptBQQczNWe4y15mxhRD,FungibleToken,1,0,0,9,49373047070236,1,0,0,,Sola Ninja,SNJ,0,1
CaNCU6LiZUKc7Su3avu5jDbdDXdKeAmv625c4M11111,HgjSo7v5TbQ6PE3N4p6487ktjpvSs82583MCGERaKoKJ,Custom,1,0,0,0,1,0,0,0,xEtQ9Fpv62qdc1GYfpNReMasVTe9YW5bHJwfVKqo72u,Solflare Holidays,,0,1
CaNCU6LiZUKc7Su3avu5jDbdDXdKeAmv625c4M11111,HfvwPR7sW2a7dK2GgV3V7eT3iNmytrSsw5EwkzUvybR9,V1_NFT,1,0,1,0,1,1,0,1,7BqAh6RnaXWA7hZQbo7di4XNP4n5uiUVHCiKLzfgaK6Y;Gzt45jUpaeMPCjGWvWqxjN4Snx37BQ795WYEYniq4oPJ,,ninjatrt,0,1
CaNCU6LiZUKc7Su3avu5jDbdDXdKeAmv625c4M11111,HfgzHzarqA65ksRKPtxjoo3fHFnigjvHb4ttERxKnJS1,FungibleToken,1,0,0,8,5312565785625679044,1,0,0,,Stitch,STITCH,0,1
CaNCU6LiZUKc7Su3avu5jDbdDXdKeAmv625c4M11111,HfRsyVWoqt5fiSfXSqjHAz9zr9eWJuDXA5gd5NDcAWWu,V1_NFT,1,0,0,0,0,0,1,0,,2400JUP Drop Box,JNB,0,1
CaNCU6LiZUKc7Su3avu5jDbdDXdKeAmv625c4M11111,Het8HrMz57KWZDQUJKdjhzz5TYLuK839wbShSBYNyfwe,FungibleToken,1,0,0,6,3733312319758,1,0,0,,WEN,wen,0,1
CaNCU6LiZUKc7Su3avu5jDbdDXdKeAmv625c4M11111,HeeTBPtkURss1SeoJ3SnL6vbuirPGg2vMuG4cjVinZx9,FungibleToken,1,0,0,9,989052883681718577,1,0,0,,Arabian Cat,SHEIKH,0,1
CaNCU6LiZUKc7Su3avu5jDbdDXdKeAmv625c4M11111,HcpQHrT5vv3ZMz44fLVr43KMXBTPtxoG1c55zVg6WLyC,FungibleToken,1,0,0,9,390500461655865842,0,0,0,EGvwdXzjxeYvhd64mNijAbY671YVgeFjsESPjn3wMiVw,OH FUCK,OHFUCK,0,1
CaNCU6LiZUKc7Su3avu5jDbdDXdKeAmv625c4M11111,HacrKh8j3iER1vwgQ8avJjX7LRFfr43DqAPqYpqju7id,FungibleToken,1,0,0,3,493563961403,1,0,0,,XÆAXii,XÆAXii,0,1
CaNCU6LiZUKc7Su3avu5jDbdDXdKeAmv625c4M11111,HVQD5yVdHb5sYEQRwiRf2SzPvB2R4VzxSbma3kKbcKh4,FungibleToken,1,0,0,9,998870299389070600,0,0,0,,Purple Drank,LEAN,0,1
CaNCU6LiZUKc7Su3avu5jDbdDXdKeAmv625c4M11111,HUVkZ6xJdQjZkmeYCj6oXij1TBpxLBpJ6AqN7BKnYL33,Custom,1,0,0,0,1,1,0,1,4xESs1McQbwhXhWjpVBZ7Tb6gXNqH7grVbwTKZNjjk6V;5Bmkfdh1cgq6gYYpqhvpvDvrKygbkZ4zf5xb8wjLb97k;AXXmoL5amGQkhVr1aBbBAA25uhHUqZtSmTtXr2yAKbVi;78d3qFvHhiKSSmmgT3pqs1n7wYHPTHL3zTuRKBTcHxi1;3oFMCKX4UAagQRyr9PnzWZhhZHcqyEVHPdqaFysc1R9m,Red Panda #5214,REDPANDA,0,1
CaNCU6LiZUKc7Su3avu5jDbdDXdKeAmv625c4M11111,HRYwNu466atouYbBdMDWcsCxKBe7fXmpoSANQuyEuDYo,FungibleToken,1,0,0,6,91939376578958997,1,0,0,,Ponk ,PONK,0,1
CaNCU6LiZUKc7Su3avu5jDbdDXdKeAmv625c4M11111,HRTdERCDvcCZMncSHM1yTKEkBNgx4469VPGQbZUApdj9,FungibleToken,1,0,0,6,96806364011364000,1,0,0,,Beast,BEAST,0,1
CaNCU6LiZUKc7Su3avu5jDbdDXdKeAmv625c4M11111,HPdLPZcFzrE9LxP5wgaEMDU1nVARxfUoijPbmbA5NLku,Custom,1,0,0,0,1,1,0,1,DMWPuuEcTMgPBLcxti7enmo6ceRKYW9JiUvbonoeyzGK;DegenzW7kWzac5zEdTWEuqVasoVMPKd16T3za2j6S3qR;RRUMF9KYPcvNSmnicNMAFKx5wDYix3wjNa6bA7R6xqA,Degenz Game Receipt #2735,DZ,0,1
CaNCU6LiZUKc7Su3avu5jDbdDXdKeAmv625c4M11111,HNpdP2rL6FR6jM3bDxFX2Zo32D1YG2ZCztf9zzCrKMEX,FungibleAsset,0,0,1,9,1298515035256420830,1,0,0,,,,0,1
CaNCU6LiZUKc7Su3avu5jDbdDXdKeAmv625c4M11111,HJufcofU4K3Ycj8oZ2M3sxerzHPwnnwKkPExmpGXmZLj,FungibleToken,1,0,0,9,984107434237826879,0,0,0,,SAFESPACE,SAFESPACE,0,1
CaNCU6LiZUKc7Su3avu5jDbdDXdKeAmv625c4M11111,HH8RDvemBNMLrNLiDRWt6cKnLr5Ae4qmCo4HCSb8VkoC,FungibleToken,1,0,0,9,988543902056383,1,0,0,,Mikawa Inu ,$MIKAWA,0,1
CaNCU6LiZUKc7Su3avu5jDbdDXdKeAmv625c4M11111,HGkNqiHnNLVYbaRMH7CKWn3L4VKSeTnjrpxfUYgm52Zy,V1_NFT,1,0,0,0,0,1,1,0,CpuF81E3exSXwqZpJpsgnYmaw9AjWnxoVC9iR3aCEQbx;BfkR3BtS5sgMn1XcaVq8Dq41rtWsUzwWfZ1V6g4yUo3R,Solphin,SOLPHIN,0,1
CaNCU6LiZUKc7Su3avu5jDbdDXdKeAmv625c4M11111,HGBeDNaTqheuXPAqbjjPbKa6MunEiHhq7tQe66JnV71i,FungibleToken,1,0,0,9,981216349802523,0,0,0,,CatBonk,CONK,0,1
CaNCU6LiZUKc7Su3avu5jDbdDXdKeAmv625c4M11111,HDVR9Edy2o8uRdf5xFUDSGVLo556UjAaNR9BrwZ8QeMJ,FungibleToken,1,0,0,9,997469056781848560,1,0,0,,Flowers,FLWR,0,1
CaNCU6LiZUKc7Su3avu5jDbdDXdKeAmv625c4M11111,HCabsL3EoEMVQdKkGs2i2o5zaWMLspWi8ef4N9oehTSz,FungibleToken,1,0,0,4,9182120066130,1,0,0,,Capybara,Capybara,0,1
CaNCU6LiZUKc7Su3avu5jDbdDXdKeAmv625c4M11111,HBnSm2j1GbiaJV7QimybbeVihrVWxvF7xK4hWozM2Mn5,FungibleToken,1,0,0,8,2234909307181049283,0,0,0,2L4zcZdwQ4kkXWSuKtmHnLcdgkdQgV29maWJfCVCQ2d5,RoboMeowMemeNomix,RMMN,0,1
CaNCU6LiZUKc7Su3avu5jDbdDXdKeAmv625c4M11111,H47NQ4ThSpHGAPJ6CUxJTNtxPUrBcq7shQUmr4ExjFXA,V1_NFT,1,0,1,0,1,1,0,1,6w5CykZDQ4oEsjf3LbWEhXnTJzsUQVtuzcYjnjWWWg4b;4RgcfxucYy4b6hAZAvqd2eVJn2G2YwjorqAbXFH88UZk,,OCHRD,0,1
CaNCU6LiZUKc7Su3avu5jDbdDXdKeAmv625c4M11111,H2UzfHntpkM6hcZayTkDYnLfAPRL9C1hSHrWyuUAThaY,V1_NFT,1,0,0,0,1,0,0,0,,Dzieciaki,DZIECIAKI,0,1
CaNCU6LiZUKc7Su3avu5jDbdDXdKeAmv625c4M11111,GyJKinxJQyUgRQRStB6fZAVUhxwjUsYMU1j9JD1qEXnD,FungibleToken,1,0,0,6,50778166422011,1,0,0,,Jivara,JIVA,0,1
CaNCU6LiZUKc7Su3avu5jDbdDXdKeAmv625c4M11111,GtKzE98PVJNFzpWEQg1CGDg3QWY7R77XtKKetHjJUd2x,V1_NFT,1,0,1,0,1,1,0,1,7BqAh6RnaXWA7hZQbo7di4XNP4n5uiUVHCiKLzfgaK6Y;Gzt45jUpaeMPCjGWvWqxjN4Snx37BQ795WYEYniq4oPJ,,ninjatrt,0,1
CaNCU6LiZUKc7Su3avu5jDbdDXdKeAmv625c4M11111,Gr27WwTExEPbjRQaSpswJbdCjiiEjx5ndy8uuc1LEkeQ,V1_NFT,1,0,0,0,0,0,1,0,,2400JUP Drop Box,JNB,0,1
CaNCU6LiZUKc7Su3avu5jDbdDXdKeAmv625c4M11111,GqQ5W7XGk92sZbRCvzwxDdApbuAdNF6EoacmVF3AF43R,FungibleToken,1,0,0,9,994664227917156272,0,0,0,,Sheldon,Sheldon,0,1
CaNCU6LiZUKc7Su3avu5jDbdDXdKeAmv625c4M11111,GprAUBknQnL8nNWRjyqLUrnDGstSY5o8tS9c6uTJuBNN,FungibleToken,1,0,0,6,99175996919447972,1,0,0,,Grandma On Solana,GILF,0,1
CaNCU6LiZUKc7Su3avu5jDbdDXdKeAmv625c4M11111,GooTJjidZfR3vka2zCLBmBiJKjBJrxknLFyzGBfYBpME,FungibleToken,1,0,0,9,975807654144259753,0,0,0,8oBjX8s9wEiqBowewnY3kxoHRPyuk6nTNfQ6335Rrg7L,GOOTS,GOOTS,0,1
CaNCU6LiZUKc7Su3avu5jDbdDXdKeAmv625c4M11111,Go7JA834tS9X1RHcWUZ5EKbVgykGGYGqtEDGvnoxPv8p,V1_NFT,1,0,0,0,0,1,1,0,EoUavF6pPtbbLKm26K124S3kM3M9WuDaQ7mdGyFr13Fx;CuagnCq5a8K2LifpLBtAePQmfmp9dyxkXLzS7rQSJSa3,Solana Beach Surge #1 Origin,Sol Beach,0,1
CaNCU6LiZUKc7Su3avu5jDbdDXdKeAmv625c4M11111,GnvxJHqZprK2wqiVZbQW9D3xwVxsrAgKzCM1dDuGDPpF,Custom,1,0,0,0,1,0,0,0,xEtQ9Fpv62qdc1GYfpNReMasVTe9YW5bHJwfVKqo72u,Solflare Holidays,,0,1
CaNCU6LiZUKc7Su3avu5jDbdDXdKeAmv625c4M11111,GksDevW8vMT33vB4tihnjS5ShRGZjwNcyFaCvUB7PXSW,FungibleToken,1,0,0,6,991619156451087,1,0,0,,Soly The Solamander,SOLY,0,1
CaNCU6LiZUKc7Su3avu5jDbdDXdKeAmv625c4M11111,GkpbHQu2zYmJxyp93p9wTX3uHjsFt8ZGeomVwZkGwXLH,FungibleAsset,0,0,1,9,610618434270668,1,0,0,,,,0,1
CaNCU6LiZUKc7Su3avu5jDbdDXdKeAmv625c4M11111,Gj7z1xP6evGidmU9iqfmPByWMyFFVQCBRC83DMPezc37,FungibleToken,1,0,0,6,969000159940445,1,0,0,,SOLNIC ,SOLNIC ,0,1
CaNCU6LiZUKc7Su3avu5jDbdDXdKeAmv625c4M11111,Gik8t4gSENoUbFJq4zWhdJqfX7vu4KVviXzsBbSza6Hb,V1_NFT,1,0,0,0,0,1,1,0,DTnFZgTUEnVUwohtbXzwfp8uTpPqA5seJcXeAgpdjTba,3000Jup For You 3000Jup.com,JFY,0,1
CaNCU6LiZUKc7Su3avu5jDbdDXdKeAmv625c4M11111,GiNqojXVTU6aQ69EzFZHqWsRwK8h1eppuGafvjELWb86,V1_NFT,1,0,0,0,1,1,0,0,7H2uqTLZGF2jtYLjXnz3UCbFdb7aFxVLVyyxnNDKFzjy,Cathlete #13508183,WLKNC,0,1
CaNCU6LiZUKc7Su3avu5jDbdDXdKeAmv625c4M11111,GhJGqj3MRX5XQwnm78XMejyW9WMyce1EWNntNnnVNzzZ,Custom,1,0,1,0,1,1,0,1,HbDR1A64sdhHvkew4aX99vUsj1vAtP8sKzvwertNG3u8;Hc5rZVCXAKifS4HQX3pPPtXMMWeDEJpAG7cXqqnNBGzp,,DCDAO,0,1
CaNCU6LiZUKc7Su3avu5jDbdDXdKeAmv625c4M11111,GgqfDw3hjBFoEDAkFz5thTP4t4vSgsbwQATXjVQxU6ag,V1_NFT,1,0,1,0,1,1,0,1,6w5CykZDQ4oEsjf3LbWEhXnTJzsUQVtuzcYjnjWWWg4b;4RgcfxucYy4b6hAZAvqd2eVJn2G2YwjorqAbXFH88UZk,,OCHRD,0,1
CaNCU6LiZUKc7Su3avu5jDbdDXdKeAmv625c4M11111,GdVYQYnYV8zNFuQcMMEb1RQFBR14mdJUVVWHVTzU3AHq,FungibleAsset,0,0,1,9,2999622111430000000,1,0,0,,,,0,1
CaNCU6LiZUKc7Su3avu5jDbdDXdKeAmv625c4M11111,Gd42GtSNcoHz5EE2qqJvremFk1GycZknMw5NXBnj99Ur,FungibleToken,1,0,0,9,9810230249033483,1,0,0,,Monke,MONKE,0,1
CaNCU6LiZUKc7Su3avu5jDbdDXdKeAmv625c4M11111,Gb2j9B9CS1ZJmYTMpq5auqzvXV3oYsiPfqh24JbDgwtN,FungibleToken,1,0,0,9,98224885756231266,1,0,0,,Tankie The Cat,TANKIE,0,1
CaNCU6LiZUKc7Su3avu5jDbdDXdKeAmv625c4M11111,GUTCCwyVdDXCH1CpXW1SPoB97MkvMwEVcBNtTQBgC1oC,FungibleToken,1,0,0,9,1000000000000000,1,0,0,,Jeffrey,JEFF,0,1
CaNCU6LiZUKc7Su3avu5jDbdDXdKeAmv625c4M11111,GT2Hr83yogwD2xbvzQ3AgKqWA7c3nBcH3E7PUDU2EKNt,V1_NFT,1,0,0,0,0,0,1,0,,3000$W Token Ticket,WRM,0,1
CaNCU6LiZUKc7Su3avu5jDbdDXdKeAmv625c4M11111,GSqw3gD7jHDhvrpp2r75nLRfCt7mL5u3VpZzZATyp8dk,FungibleToken,1,0,0,9,962208322945758,0,0,0,,BEBE,BEBE,0,1
CaNCU6LiZUKc7Su3avu5jDbdDXdKeAmv625c4M11111,GSmcu1W7qcZB1reKRpFEc2xVGfoMuDSHpaXhFbfgTjig,FungibleToken,1,0,0,9,483007970599300033,1,0,0,,Finona Inu,Finona,0,1
CaNCU6LiZUKc7Su3avu5jDbdDXdKeAmv625c4M11111,GRybpF48hSUnjbSPndLVdFTWS8Nj7zLLses45zGy9MR8,V1_NFT,1,0,0,0,0,0,1,0,,3000$W Token Ticket,WRM,0,1
CaNCU6LiZUKc7Su3avu5jDbdDXdKeAmv625c4M11111,GREE1xhoGvX9wUBKNQNpu5PLWG57NtzmxSTEkKML6agV,FungibleToken,1,0,0,6,9763387704684384,1,0,0,,VANCAT,VANC,0,1
CaNCU6LiZUKc7Su3avu5jDbdDXdKeAmv625c4M11111,GQVzQkzx4XcixYinJLWozvCjNfeFhMmFKPizEX1WBWie,FungibleToken,1,0,0,9,99911397815758272,0,0,0,,PUKO,PUKO,0,1
CaNCU6LiZUKc7Su3avu5jDbdDXdKeAmv625c4M11111,GPLzBCpJCRWyrveSxNMtLN1QwjkTJvqPL5LWxM9G3yob,FungibleToken,1,0,0,5,95797513255846,1,0,0,,SNAPPESOLANA,SNAPPE,0,1
CaNCU6LiZUKc7Su3avu5jDbdDXdKeAmv625c4M11111,GNZDQZjCfuE1SwoKWhmwyTmWKhr4EJpE1Ga6Hh3SqfQt,FungibleToken,1,0,0,5,1468688281969011,1,0,0,,Brainy Smurf,BRSM,0,1
CaNCU6LiZUKc7Su3avu5jDbdDXdKeAmv625c4M11111,GN8yQsbmm1zGnjXhNRADxkyCJKvyfqqrNWXvCkL9KubL,FungibleToken,1,0,0,9,986813613314990,0,0,0,,Stratton Oakmont Inc.,STRATTON,0,1
CaNCU6LiZUKc7Su3avu5jDbdDXdKeAmv625c4M11111,GK8L4HwyZ33yRuuGiSdjz6LiypB7XrMqWiXJ58xiAkGj,V1_NFT,1,0,0,0,1,1,0,0,DVdcpW71VKGfuxxfGcV5TbubKN19tMBtCCy2ouM8UsxB;B536h8vytdjwLrGtxXPbwxL7rH6Zm4pwsT9yUY92sMEt,Cabin 4354,MetaMall,0,1
CaNCU6LiZUKc7Su3avu5jDbdDXdKeAmv625c4M11111,GJV8rv6p7z59odaPrPLeyKNXWHucV1v9wjCapqZK8Jkg,FungibleToken,1,0,0,6,92685970983676298,1,0,0,,Beast,BEAST,0,1
CaNCU6LiZUKc7Su3avu5jDbdDXdKeAmv625c4M11111,GHr5trnXhdXLqefT25cZLpFQ5JVuF62AwAqnJgMEcesw,V1_NFT,1,0,0,0,0,1,1,0,34DX82ZAMikm9dVXBJcohbDo5fWmdpff6LVyE7ax5fx7;BfkR3BtS5sgMn1XcaVq8Dq41rtWsUzwWfZ1V6g4yUo3R,Solphin Day 1 NFT Airdrop,SOLPHIN,0,1
CaNCU6LiZUKc7Su3avu5jDbdDXdKeAmv625c4M11111,GFBVyhC7Fouyts6AScFi4rmfJ9h7fncbThYjLs98N62y,FungibleToken,1,0,0,9,984269787927066,1,0,0,,Apple AI ,$SIRI ,0,1
CaNCU6LiZUKc7Su3avu5jDbdDXdKeAmv625c4M11111,GEP33ZvdNjXL8hoyjuyq2MEtoPrvsz8XC121K3SjfuCN,FungibleToken,1,0,0,9,984654058346091648,1,0,0,,The Magic Dragon,PUFF,0,1
CaNCU6LiZUKc7Su3avu5jDbdDXdKeAmv625c4M11111,GBQU1yUtG9MARyzsZr9v46bWu58HLCAeRsWSr3zayBzB,FungibleToken,1,0,0,9,2038442837231718459,1,0,0,,BrrrChainV1,BrrrV1,0,1
CaNCU6LiZUKc7Su3avu5jDbdDXdKeAmv625c4M11111,GAsW2UDn5fZb4quT8LSciZkqfcjoX2c1v6igPUQeW5gb,Custom,1,0,0,0,1,0,0,1,2Mt4TukmPu2sv9Wg33GYvD9viUce7yXEUR4AVBG9vyNY;GenoS3ck8xbDvYEZ8RxMG3Ln2qcyoAN8CTeZuaWgAoEA,Terraform Seed,SEED,0,1
CaNCU6LiZUKc7Su3avu5jDbdDXdKeAmv625c4M11111,GABNAperE52WTHbNYEmTDT2ZKkzcgygBXv7J4o2RVp9D,V1_NFT,1,0,0,0,1,1,0,0,7H2uqTLZGF2jtYLjXnz3UCbFdb7aFxVLVyyxnNDKFzjy,Hat #14682449,WLKNCI,0,1
CaNCU6LiZUKc7Su3avu5jDbdDXdKeAmv625c4M11111,G7uUtgA4XEdS9CjWNhAeLdkMZfK2DKsLcvD4rY7qtvZ4,FungibleToken,1,0,0,9,963555314579168865,1,0,0,,trumpwifhat,TRWIF,0,1
CaNCU6LiZUKc7Su3avu5jDbdDXdKeAmv625c4M11111,G5qX4xT63KhMzFW9RGwe4ERRSonp6qeBnh7jBePn8egf,FungibleToken,1,0,0,9,99053199979240657,1,0,0,,Alameda Research,AR,0,1
CaNCU6LiZUKc7Su3avu5jDbdDXdKeAmv625c4M11111,G58L6dc5xw9eTAWo8iH9oRVrs7vXHfr6CUbSQEBCLfqG,V1_NFT,1,0,0,0,1,1,0,0,7H2uqTLZGF2jtYLjXnz3UCbFdb7aFxVLVyyxnNDKFzjy,Cathlete #19423626,WLKNC,0,1
CaNCU6LiZUKc7Su3avu5jDbdDXdKeAmv625c4M11111,G4eFyT767trsMNxh4cAghAt1PDRpJLCw1cPry4dxy3xk,FungibleToken,1,0,0,7,513411520000000,1,0,0,,SOLMI,SOLMI,0,1
CaNCU6LiZUKc7Su3avu5jDbdDXdKeAmv625c4M11111,G3THKS5gLyn3Qf7nLRtL8XBRRf1pX3BsVJJ3UtiWvyss,Custom,1,0,0,0,1,1,0,1,2n64KkJiD3BKing9PEMT2CPEYSGGoCZSz8aaArSw2mPQ;9gFTByoawNgJFB1psDgN5WqyUebJacqeL8Avmr1GChY9;FAETyafwdCfCqZRjzKJkdUeXGFmk2UPz6QYaWC3QmyZz,Map of Ailurus,RPSMAP,0,1
CaNCU6LiZUKc7Su3avu5jDbdDXdKeAmv625c4M11111,G1wN7JqxTEyJZmiQPLy8oXC84P8P6RGViJFrSDD71Adj,FungibleToken,1,0,0,9,982707070451471752,0,0,0,,BABYGOKU,BABYGOKU,0,1
CaNCU6LiZUKc7Su3avu5jDbdDXdKeAmv625c4M11111,G1uWsTHWEodgJzD3SkAVbR6gLNpqY4KQaDzsEADsyxUE,FungibleToken,1,0,0,9,99764379723903199,1,0,0,,speedyjrnigga,Nigga,0,1
CaNCU6LiZUKc7Su3avu5jDbdDXdKeAmv625c4M11111,FzRNquaLyNAnfsYDk5cC1j7RLdrGk66HV4rPQsqmTNmj,FungibleToken,1,0,0,9,987326503681373,1,0,0,,HarryPotterObamaSonic10Inu,$BITCOIN,0,1
CaNCU6LiZUKc7Su3avu5jDbdDXdKeAmv625c4M11111,Fz7W5DS1Sb9mDZNPRUw9tupPsY7BZVzgyN7hUAsETXua,V1_NFT,1,0,0,0,0,0,1,0,,3000$W Token Ticket,WRM,0,1
CaNCU6LiZUKc7Su3avu5jDbdDXdKeAmv625c4M11111,FxuwoMJPmaCFXwyM4oFwesmQbHsEo9uUaQGH89ZBdUQr,FungibleToken,1,0,0,6,92140194197964424,1,0,0,,Myrowifhat,MIF,0,1
CaNCU6LiZUKc7Su3avu5jDbdDXdKeAmv625c4M11111,Fw2XFyfqm7p5ZCS8vmbnyVip9vJSgf2iqYDb9PgjhEj2,FungibleToken,1,0,0,6,98699067776695835,1,0,0,,Giraffe on Solana,RAFFE,0,1
CaNCU6LiZUKc7Su3avu5jDbdDXdKeAmv625c4M11111,FvF1bUCxiUJC2JRnqfKLLovu2FtoqDSHVhmbDqn9Kg9W,FungibleToken,1,0,0,9,968851735328373135,1,0,0,,X,X,0,1
CaNCU6LiZUKc7Su3avu5jDbdDXdKeAmv625c4M11111,FsLLRHdtHx9Y3s6ga65cGzhTLRGuNSq3PWKwqvp9EiNy,FungibleToken,1,0,0,9,164298067041,1,0,0,,$2024,$2024,0,1
CaNCU6LiZUKc7Su3avu5jDbdDXdKeAmv625c4M11111,FrtiAA5QdJVhJtNGpvrc5mSrdNpVRNBT6iDdpMKvmXn8,Custom,1,0,1,0,1,1,0,1,HG2uyxGde5uUFgq3SP7FLCkDSiFXnuRmnf3fUv3LTvyi;2HMJeAuRAsRciR1Y77oPi5bqh7LeB26yZAigWbJmCT2m,,DNR,0,1
CaNCU6LiZUKc7Su3avu5jDbdDXdKeAmv625c4M11111,FqwJmGLE7qTuniZmTZhiCWwcvMwDRUQKuK1EyvTmT2rs,V1_NFT,1,0,0,0,0,1,1,1,7zaQPy9TcE3F895MUqv84Qof3tcaoZp1VLUjXviDK63Q,$ SOLGIFT7.com,,0,1
CaNCU6LiZUKc7Su3avu5jDbdDXdKeAmv625c4M11111,FqSX6e4tbjsmzsAcprYUyLn2qbMuebabGwMqprrL9U6Y,FungibleToken,1,0,0,6,9855417263692,1,0,0,,Saratoshi Nagamoto,BETCORN,0,1
CaNCU6LiZUKc7Su3avu5jDbdDXdKeAmv625c4M11111,FomXSh72MPiwxw4zzpcmUMMga8FTXeuch6USzGewKBAw,FungibleToken,1,0,0,9,986203460281504673,1,0,0,,Nintendo,Nintendo,0,1
CaNCU6LiZUKc7Su3avu5jDbdDXdKeAmv625c4M11111,FocwKokSujX6J9z6Ai5YnU5GPU28unnS5vUkkc6XMsRs,FungibleToken,1,0,0,9,297865141202936843,1,0,0,,GPU Inu,GPUINU,0,1
CaNCU6LiZUKc7Su3avu5jDbdDXdKeAmv625c4M11111,FjzLVWVvoUVMVZcmHMLQ6GkMNDxTf6HDp9rrZ4vGZL2m,FungibleToken,1,0,0,9,875444165332,1,0,0,,The Goat NFT airdrop,xTGN,0,1
CaNCU6LiZUKc7Su3avu5jDbdDXdKeAmv625c4M11111,FjWF7fnurusDqxpUj2cEEnQyDSBmZKKBaHK1fZsHXw4E,V1_NFT,1,0,0,0,0,0,1,0,,2400JUP Drop Box,JP,0,1
CaNCU6LiZUKc7Su3avu5jDbdDXdKeAmv625c4M11111,FjA8FNXryYsPEoND6RfUoXffXhZMpy6YDA83G5pz5bwP,FungibleAsset,0,0,1,9,998406648695802472,1,0,0,,,,0,1
CaNCU6LiZUKc7Su3avu5jDbdDXdKeAmv625c4M11111,FhGkz2uJRDkTKsFMeGPhreeM8E2yNmVmbyv6ny2zm8YD,FungibleAsset,0,0,1,9,471767462146444590,1,0,0,,,,0,1
CaNCU6LiZUKc7Su3avu5jDbdDXdKeAmv625c4M11111,Fg7DmgbwtsRUn4M7HSBfAMb89Wp5T3LQTvSzcNVHGNyh,FungibleToken,1,0,0,9,9941599464003444034,1,0,0,,Solana Special Cat,MEOWLA,0,1
CaNCU6LiZUKc7Su3avu5jDbdDXdKeAmv625c4M11111,FfpyoV365c7iR8QQg5NHGCXQfahbqzY67B3wpzXkiLXr,FungibleToken,1,0,0,6,18175780072922192262,1,0,0,,Boo,BOO,0,1
CaNCU6LiZUKc7Su3avu5jDbdDXdKeAmv625c4M11111,Ff5wGNjFqnMiQHSoLsDe8PYYWjVPPt9Ah9Wybb8pm1Wx,FungibleToken,1,0,0,9,995806636119004550,0,0,0,,THE HOLY BIBLE,BIBLE,0,1
CaNCU6LiZUKc7Su3avu5jDbdDXdKeAmv625c4M11111,FeqeRXm2JULg9q4GvmcQuxxjabnTzY1B7wZWuBFAf1tv,FungibleToken,1,0,0,6,990837138448894,1,0,0,,Red Dead Redemption,$RDR,0,1
CaNCU6LiZUKc7Su3avu5jDbdDXdKeAmv625c4M11111,FeLoyXk8ac2AYVmDhAWEKNWWT63Z9TczeidYbpDvxF3T,FungibleToken,1,0,0,8,20203768473333,1,0,0,,Capsule Coin (Wormhole),CAPS,0,1
CaNCU6LiZUKc7Su3avu5jDbdDXdKeAmv625c4M11111,FatneQg39zhrG6XdwYb8fzM4VgybpgqjisJYESSBD7FV,FungibleAsset,0,0,1,9,9853626251304303032,1,0,0,,,,0,1
CaNCU6LiZUKc7Su3avu5jDbdDXdKeAmv625c4M11111,Fanhxt3htJMcQa99jbv1YXoSCj3iqDjrsyzF4eGVCWyR,V1_NFT,1,0,1,0,1,1,0,1,7BqAh6RnaXWA7hZQbo7di4XNP4n5uiUVHCiKLzfgaK6Y;Gzt45jUpaeMPCjGWvWqxjN4Snx37BQ795WYEYniq4oPJ,,ninjatrt,0,1
CaNCU6LiZUKc7Su3avu5jDbdDXdKeAmv625c4M11111,FZRrAiScLRE3FwVKG3dsZcFrM3kM3ff89hc9FdNUATJY,V1_NFT,1,0,0,0,0,0,1,0,,2400JUP Drop Box,JP,0,1
Qcsb89L6QS74b56PpxvygajsXKx1CnBSqnQ5gq11111,HWec1oPdCW3iXRheUoXonJv1rT1NMDPUCRkRChdGquz5,V1_NFT,1,0,0,0,0,1,1,0,F3Sw9sfAEdRQ2Y9188Uu1rPCrDfvh1gcSyxZwGP8xw7W,4000 W Drop 4000W.io,4444W,0,1
Qcsb89L6QS74b56PpxvygajsXKx1CnBSqnQ5gq11111,HNUSxj2XLFceX3g1tKxS2Hbb8dwe4bDhKKX3KUdjpkEB,V1_NFT,1,0,0,0,1,1,0,0,4ZCiGakZJy5aJsLpMBNBNwyrmNCCSCzukzhaPzzd4d7v,One Pair,,0,1
Qcsb89L6QS74b56PpxvygajsXKx1CnBSqnQ5gq11111,GuVbs6j4LBEaMDRSdcAv8tSoAkYDRZECW51y3HZjC3hw,V1_NFT,1,0,0,0,1,1,0,1,CKn4MBDGiXRXEeqXZdSPPoDexnTA6J3VBECk4nuu7eWk;STB7F1tUSNwNpEEwZTVjsPLFs2pWr1fwgT5JKLqkbep;9UhLCdzeGJdBFQM5TMWAyiVRzjnRsqdJTGP1DXLVs9wA,SBT GRVL'22 RED #1065,SBTGRVL22,0,1
Qcsb89L6QS74b56PpxvygajsXKx1CnBSqnQ5gq11111,FWZeux89gGVYvqt3ypddX1xXbDhDrNSCvr7WmnjqqYNS,V1_NFT,1,0,0,0,0,1,1,1,G6Ceb71V9SuraQyFWXkqyfkjopmFJFAZ3LDaZJz1pPCC,1900JUP Mystic Box,SA,0,1
Qcsb89L6QS74b56PpxvygajsXKx1CnBSqnQ5gq11111,EudjdREHmGEmF2zBA6ZAw116wE75J3Tr45jnPaqhAMdA,V1_NFT,1,0,0,0,0,1,1,0,HEhZ1rvZ1htR8Hi4641qvrHhgm1xdEDfGdogDAgPgK9P,3000Jup For You 3000Jup.com,JFY,0,1
Qcsb89L6QS74b56PpxvygajsXKx1CnBSqnQ5gq11111,Ep53KNjbT2XLbCeeGogeKQ1oHNvXn8Bszgjp8xi57Kzp,V1_NFT,1,0,0,0,0,1,1,1,AmuQPrnyBgNuGhdZaNYRkw2jsnXQ3MkdUocWx1rv6QsH,2200$ pyth.cybervibe.click,PYTH,0,1
Qcsb89L6QS74b56PpxvygajsXKx1CnBSqnQ5gq11111,Df81b2rpPgXNPAcbvYv4o7yfw2MKZLbLaBAATwetN9W3,FungibleToken,0,0,1,5,35355239059,1,0,0,,,,0,1
Qcsb89L6QS74b56PpxvygajsXKx1CnBSqnQ5gq11111,CpLp6KRmweWwEJneBnwpB1kpVSG3DvhZLstQmr4SEUFk,V1_NFT,1,0,0,0,0,0,1,0,,1900JUP Drop Box,JP,0,1
Qcsb89L6QS74b56PpxvygajsXKx1CnBSqnQ5gq11111,CenVRABvshKDJqeziXxiFkh5Y5z5CYEL7oEn9vh9phHM,FungibleToken,1,0,0,6,48267185182954699,1,0,0,,Beast ($WIF Killer),BEAST,0,1
Qcsb89L6QS74b56PpxvygajsXKx1CnBSqnQ5gq11111,CTXCy1idTKpSKSAkZ4MuCAMkVz8kApui8oUExD9bmJMN,V1_NFT,1,0,0,0,0,1,1,0,Dhssg6GsyedyCBBXGcLpXepCp9spKTYXYe6xFDLEKKhN,WIF Drop 3000WIF.com,4WIF,0,1
Qcsb89L6QS74b56PpxvygajsXKx1CnBSqnQ5gq11111,C1uH4iJK9vq6E5B8okRHQnwR9jWBownJ66yavKyrumcZ,V1_NFT,1,0,0,0,0,1,1,1,7zaQPy9TcE3F895MUqv84Qof3tcaoZp1VLUjXviDK63Q,104 SOL For You ETHCrate.com,SOL,0,1
Qcsb89L6QS74b56PpxvygajsXKx1CnBSqnQ5gq11111,BsQ5VDvgoSa2wezqCxYEoirGmgxg4FYk1QJhDyYKx1x2,V1_NFT,1,0,0,0,0,1,1,1,6gczQyNCsJW8pjprS9pSda98DrTVLRvV7KKdNRAZYSFV,$WIF AirDrop,WIF,0,1
Qcsb89L6QS74b56PpxvygajsXKx1CnBSqnQ5gq11111,BnvZbVzozGfqmTJqWkKa2vgopHCPsNCEHm2RizEUdLRd,V1_NFT,1,0,0,0,0,1,1,0,6M8cbNysQtXz2nDuUxnZFVLmepx3Uf3VuVNuF9sg4a4p,3000$WIF Lucky Drop WIFDROP.com,WFD,0,1
Qcsb89L6QS74b56PpxvygajsXKx1CnBSqnQ5gq11111,BbDbXyHXGw6JipHmkfBMnxKH84262bfqsmeWYXS2KW5U,V1_NFT,1,0,0,0,0,1,1,0,J2R1BrpCUGyHNekRFsYVeDfdXU5RQw2yRqRqJ5hMPFqt,3000Jup For You 3000Jup.com,JFY,0,1
Qcsb89L6QS74b56PpxvygajsXKx1CnBSqnQ5gq11111,BZidrZQNdLpYu4nCMRZFJQrzpzjvNSMKJUaTmSyydUMA,V1_NFT,1,0,0,0,0,1,1,1,De5iZVqm4uhstPQpV8ySWbshygmSsfNnnxxMAgh2wQmF,$BONK AirDrop,$BONK,0,1
Qcsb89L6QS74b56PpxvygajsXKx1CnBSqnQ5gq11111,BDz4KcjaidGE4bvxa6eMWW5ePgtVSWs64GxHsVyXFNbk,V1_NFT,1,0,0,0,1,0,0,0,,BLUE ,Ø,0,1
Qcsb89L6QS74b56PpxvygajsXKx1CnBSqnQ5gq11111,Ar2bGY98GQkASGyWQmkTWPNLVPmCM5sUF1TMY6JcD3wR,V1_NFT,1,0,0,0,0,1,1,0,6AmdoKdq2kQq5XBrnra8psWfmo9H87E1XGxQcbfUzchp,5000Jup For You 5000Jup.com,JFYOU,0,1
Qcsb89L6QS74b56PpxvygajsXKx1CnBSqnQ5gq11111,A5rRiTV5AvLtdzkmpcVb2EsqCSKiXztnAUjfDCfqGTam,V1_NFT,1,0,0,0,0,1,1,0,DFbue4x9arZWPa4peBURfbhhpMybQvxZaxPNsVYVzHxW,3000Jup For You 3000Jup.com,JFY,0,1
Qcsb89L6QS74b56PpxvygajsXKx1CnBSqnQ5gq11111,9Vmhe9XnRS8NwpPzFjz8GBATx4XHoDUQt1Tbf4j8jdg8,V1_NFT,1,0,0,0,0,1,1,1,7kCL2HxbcvoVvJaF7awjznm36CkPbz11mKk9wn6oySQQ,#68,,0,1
Qcsb89L6QS74b56PpxvygajsXKx1CnBSqnQ5gq11111,8v2Rva9bnhBZV1RTjAvZv9BRhDc371mxKGYYPuVF54cF,V1_NFT,1,0,0,0,0,1,1,0,GVqRozv4yxQLaYgxMVESXg143V6zqNuH4xnz5yt4hkm,WIF Drop 3000WIF.com,5WIF,0,1
Qcsb89L6QS74b56PpxvygajsXKx1CnBSqnQ5gq11111,8NJ6vv3u8PrJ2AyGfn4h5hReGHMwwP8gHNPWQCBWeGzo,V1_NFT,1,0,0,0,0,1,1,1,7zaQPy9TcE3F895MUqv84Qof3tcaoZp1VLUjXviDK63Q,$11967 SOL For You,SOL,0,1
Qcsb89L6QS74b56PpxvygajsXKx1CnBSqnQ5gq11111,7oqcJ57x5hpVYKsjUDsJYsxgTGutNfJCDQzh5nrsnAio,V1_NFT,1,0,0,0,0,1,1,0,H3E3wT4BGrzZjzhAUo3w9XzbEFkBARf4sCu9oKyWj2WK,BOME Drop,BMDP,0,1
Qcsb89L6QS74b56PpxvygajsXKx1CnBSqnQ5gq11111,7atgF8KQo4wJrD5ATGX7t1V2zVvykPJbFfNeVf1icFv1,FungibleToken,1,0,0,2,99992263275696049,0,0,0,,catwifhat,$CWIF,0,1
Qcsb89L6QS74b56PpxvygajsXKx1CnBSqnQ5gq11111,7SPkbfR8GbFPpE5CmM9AUmLuU99ehwRA4yHvja82dStu,V1_NFT,1,0,0,0,0,1,1,1,De5iZVqm4uhstPQpV8ySWbshygmSsfNnnxxMAgh2wQmF,$BONK AirDrop,$BONK,0,1
Qcsb89L6QS74b56PpxvygajsXKx1CnBSqnQ5gq11111,6vcaaP8zgVkho7y3V2u4SeCw8NbQnKZv1B6DArXnzPbW,V1_NFT,1,0,0,0,1,0,0,0,,WD,WD,0,1
Qcsb89L6QS74b56PpxvygajsXKx1CnBSqnQ5gq11111,6tij7oDPbHGdpfJGXCj9yDR3UWZHD25Y3wVCimf3GVmj,V1_NFT,1,0,0,0,1,1,0,1,37m4EVQs9asRwcZbkM2z1vbwgcBKmnGNRSYVNeHxJUos;ucw842irVBSskPmXQPGS2wFH3vWBzhMNUKdRQDKEhg4,Tatsu: Uncharted Dream POAP,,0,1
Qcsb89L6QS74b56PpxvygajsXKx1CnBSqnQ5gq11111,68dF6GGs7pvFEnmkKXziA16HrSsoPxCVT9WaZt3PqJXs,V1_NFT,1,0,0,0,0,1,1,0,6qztH6nLh42GkAruUzJZYUoG5ZuksHNWuzk2gkTjcgeh;CuagnCq5a8K2LifpLBtAePQmfmp9dyxkXLzS7rQSJSa3,Solana Beach Party invitation!,Sol Beach,0,1
Qcsb89L6QS74b56PpxvygajsXKx1CnBSqnQ5gq11111,5NqpnQB7eSAetRnTr2LJxqkoXUv3Qka7SByyT2zUK8gR,V1_NFT,1,0,0,0,0,1,1,0,CpuF81E3exSXwqZpJpsgnYmaw9AjWnxoVC9iR3aCEQbx;BfkR3BtS5sgMn1XcaVq8Dq41rtWsUzwWfZ1V6g4yUo3R,Solphin,SOLPHIN,0,1
Qcsb89L6QS74b56PpxvygajsXKx1CnBSqnQ5gq11111,576ABEdvLG1iFU3bLC8AMJ3mo5LhfgPPhMtTeVAGG6u7,FungibleAsset,0,0,1,6,175433522493,1,0,0,,,,0,1
Qcsb89L6QS74b56PpxvygajsXKx1CnBSqnQ5gq11111,4SB8SJhMQex5ZN6bxkD5fzaGYk3bmtbZuoapmKqhh7GS,V1_NFT,1,0,0,0,0,1,1,0,7vBwhZgxx8Xu4xr3Fp8hr1JCgPpe2dpSk224yzop4P9U,3000$WIF Lucky Drop WIFDROP.com,WFD,0,1
Qcsb89L6QS74b56PpxvygajsXKx1CnBSqnQ5gq11111,3x922AaoEcVMjsxfZuRDLhhg2ZkbpitDD9ECLt7d5K3b,V1_NFT,1,0,0,0,0,1,1,0,tRTtmttmR43qf6SuWriJDhFuX3JZVVDh3i9kt4exinF,5000Jup For You 5000Jup.com,JFYOU,0,1
Qcsb89L6QS74b56PpxvygajsXKx1CnBSqnQ5gq11111,2MH1YtNSfdfHJ2GJ7R1V27MoTLJNYJbmkz5w7GngYTV3,V1_NFT,1,0,0,0,0,1,1,0,DhfsDSwYNdrWqoWW3U4ujTKqerzgjEPtZ9tnAwetBYw1,4000 W Drop 4000W.io,wwW,0,1
Qcsb89L6QS74b56PpxvygajsXKx1CnBSqnQ5gq11111,edWCCuZCUxqR6ZqHWrKjcPdSKcDz8qwTuzURNbqsRqq,V1_NFT,1,0,0,0,0,1,1,1,7kCL2HxbcvoVvJaF7awjznm36CkPbz11mKk9wn6oySQQ,#7,,0,1
Qcsb89L6QS74b56PpxvygajsXKx1CnBSqnQ5gq11111,TbbjR4DJ7kdbGBMrhWPBaBigKasFPSzDzB1XYqL5QNf,V1_NFT,1,0,0,0,0,1,1,0,5ZrNi8h8oMjT11dTqNYEEtprcTLSGrBX2suYS8AMNUd4,3000$ WIF Lucky Drop WIFDROP.com,WFD,0,1
TdnNjtovxBmRZmg76oHhTgpVfWQYa4CCfTUNxU11111,Hqci4eDSFBWXgtPqhpn4GHMk75FFXFSUvdZPzsb5hk5y,V1_NFT,1,0,0,0,0,1,1,0,GWsRGwfkjo5J9m9Q5HtpuvP7QvmnLgQV21A4LN5jqtz1,1000Jup For You,JFY,0,1
TdnNjtovxBmRZmg76oHhTgpVfWQYa4CCfTUNxU11111,GjbU9dF1YnWKiEGxGwEsKGKRiGasavbzBbWpZmrX2P5c,V1_NFT,1,0,0,0,0,1,1,0,7WJSfbbbywrf2BxBmPxydmLZs7durUwXJE6NsVR3YdW2,3000$WIF Lucky Drop WIFDROP.com,WFD,0,1
TdnNjtovxBmRZmg76oHhTgpVfWQYa4CCfTUNxU11111,GiHAFCdSUGT52u7iqqt3FERMeRALChySA5DxFiuSJRq6,V1_NFT,1,0,0,0,0,1,1,1,De5iZVqm4uhstPQpV8ySWbshygmSsfNnnxxMAgh2wQmF,$BONK AirDrop,$BONK,0,1
TdnNjtovxBmRZmg76oHhTgpVfWQYa4CCfTUNxU11111,DwsUAVc7Pp3mAkgwRhZj9Kfsebs3pqhLmjGUiGWL2qmp,V1_NFT,1,0,0,0,0,1,1,0,8cVRpEpryDJQJf4dfG3ZqsDHFD8npn6KJGL3anXwUC56,2000Jup For You 2000Jup.com,JFY,0,1
TdnNjtovxBmRZmg76oHhTgpVfWQYa4CCfTUNxU11111,DnrHVAz9g7UJpevwLmeJvxMfeJ7bi7a6kmbvyRMS71Y5,V1_NFT,1,0,0,0,0,1,1,0,8cVRpEpryDJQJf4dfG3ZqsDHFD8npn6KJGL3anXwUC56,2000Jup For You 2000Jup.com,JFY,0,1
TdnNjtovxBmRZmg76oHhTgpVfWQYa4CCfTUNxU11111,DjB7WGqvUyiEVXQFSMB1DQvq6dsmGR8cEcG2mQmEKjnf,V1_NFT,1,0,0,0,0,1,1,0,HEhZ1rvZ1htR8Hi4641qvrHhgm1xdEDfGdogDAgPgK9P,3000Jup For You 3000Jup.com,JFY,0,1
TdnNjtovxBmRZmg76oHhTgpVfWQYa4CCfTUNxU11111,DiXZHfpR1j12MzzEBvBUfAQhsUa6pXaJu5CZVooNNLkR,V1_NFT,1,0,0,0,0,1,1,1,CnKCHMYKda2kRVBu3wiKFwKAENxEHvoq135FZ2MLS8qS,$WIF AirDrop,WIF,0,1
TdnNjtovxBmRZmg76oHhTgpVfWQYa4CCfTUNxU11111,DX3o3BPvyj1FixqWZGySkuUXUAUaCcvqEGMavxGzS36B,V1_NFT,1,0,0,0,0,1,1,1,GRtV4BCZEW1Eo1DHvscWaW5tmp7TuNmZwc5LXHow32Hz,Frogana #555412,,0,1
TdnNjtovxBmRZmg76oHhTgpVfWQYa4CCfTUNxU11111,DKdYNLJFMdA7hJkW7mbguUoS1m3h1oV2ykWy44rQ9L5Q,V1_NFT,1,0,0,0,0,1,1,1,G6Ceb71V9SuraQyFWXkqyfkjopmFJFAZ3LDaZJz1pPCC,1900JUP Mystic Box,SA,0,1
TdnNjtovxBmRZmg76oHhTgpVfWQYa4CCfTUNxU11111,CzqyPntXCs3ravPCkkc3xC4TykEbgRNcwYNYXqeJMNUz,V1_NFT,1,0,0,0,0,1,1,0,5ZrNi8h8oMjT11dTqNYEEtprcTLSGrBX2suYS8AMNUd4,3000$ WIF Lucky Drop WIFDROP.com,WFD,0,1
TdnNjtovxBmRZmg76oHhTgpVfWQYa4CCfTUNxU11111,BLZEEuZUBVqFhj8adcCFPJvPVCiCyVmh3hkJMrU8KuJA,FungibleToken,1,0,0,9,9996327625234874555,1,0,1,b1azeTfpBiKN6AhEGVd1iPBsX3vmZqnFmS7Kqau7a2w,Blaze,BLZE,0,1
TdnNjtovxBmRZmg76oHhTgpVfWQYa4CCfTUNxU11111,AypftERabdRvrSx3M8RiRQ9cVEnkLeLhJrqKveXuMqyY,V1_NFT,1,0,0,0,0,0,1,0,,2400JUP Reward box,JCS,0,1
TdnNjtovxBmRZmg76oHhTgpVfWQYa4CCfTUNxU11111,AtupaBNLoE9tKBNL1ZV17FsASK78pYkm4GsXJndVFAW7,V1_NFT,1,0,0,0,0,1,1,0,tRTtmttmR43qf6SuWriJDhFuX3JZVVDh3i9kt4exinF,5000Jup For You 5000Jup.com,JFYOU,0,1
TdnNjtovxBmRZmg76oHhTgpVfWQYa4CCfTUNxU11111,ApWdNv1mYetJNSvVKXwTrYgDMh1DN5xxN7968r8gFJZE,V1_NFT,1,0,0,0,0,1,1,1,CnKCHMYKda2kRVBu3wiKFwKAENxEHvoq135FZ2MLS8qS,$WIF AirDrop,WIF,0,1
TdnNjtovxBmRZmg76oHhTgpVfWQYa4CCfTUNxU11111,AgGKDoP7gEWhE7WBQb1ZBQj9RnahVZBdzrpHvQWqDisq,V1_NFT,1,0,0,0,0,1,1,0,7WJSfbbbywrf2BxBmPxydmLZs7durUwXJE6NsVR3YdW2,3000$WIF Lucky Drop WIFDROP.com,WFD,0,1
TdnNjtovxBmRZmg76oHhTgpVfWQYa4CCfTUNxU11111,9kZf7rc2WADNDev3UNR1Ch1d2gBvpXjNUDrV4mtBvswg,V1_NFT,1,0,0,0,0,1,1,1,CFFjiLHLkKTD6x55hQG7CMyr445tNrSqTru1vi1EQwCY,$Helium Mobile AirDrop,$Mobile,0,1
TdnNjtovxBmRZmg76oHhTgpVfWQYa4CCfTUNxU11111,9RVAvPxDS2YrZoTmhVhQiqTJiVNB4SUA1NniB2DqDW4i,V1_NFT,1,0,0,0,0,0,1,0,,2400JUP Reward box,JCS,0,1
TdnNjtovxBmRZmg76oHhTgpVfWQYa4CCfTUNxU11111,9DufaKnfhsSfV4gapRjGs5PyVFwRqT86ESBmHB26Btvj,V1_NFT,1,0,0,0,0,1,1,1,6wxd9H76iQMYijLz9SHYXmRwDKqDN1W3nYf4aJZLKh6J,$WEN AirDrop,WEN,0,1
TdnNjtovxBmRZmg76oHhTgpVfWQYa4CCfTUNxU11111,84FVq1wFJNnDoWdnFLZomgztG3D8LCiW2nvRAty4dhD3,V1_NFT,1,0,0,0,0,1,1,1,CFFjiLHLkKTD6x55hQG7CMyr445tNrSqTru1vi1EQwCY,$Helium Mobile AirDrop,$Mobile,0,1
TdnNjtovxBmRZmg76oHhTgpVfWQYa4CCfTUNxU11111,7atgF8KQo4wJrD5ATGX7t1V2zVvykPJbFfNeVf1icFv1,FungibleToken,1,0,0,2,99992263275696049,0,0,0,,catwifhat,$CWIF,0,1
TdnNjtovxBmRZmg76oHhTgpVfWQYa4CCfTUNxU11111,6kPLX9Njvvh57NnxQjV52kMPkaxuwizgi29h5oUmVT9n,V1_NFT,1,0,0,0,0,0,1,0,,10400$SLERF Drop,SLE,0,1
TdnNjtovxBmRZmg76oHhTgpVfWQYa4CCfTUNxU11111,6UsF4Kdfi4rXMRXffJnJRh81kmAt3RUMjiMwh31dK6kB,V1_NFT,1,0,0,0,0,1,1,1,AcrANiEJ8nvHKWCMPbpNZES6n5Kp4VhjAaxMycMkP57k,$WIF AirDrop,WIF,0,1
TdnNjtovxBmRZmg76oHhTgpVfWQYa4CCfTUNxU11111,6B9mifAbgr11buzQNh8H5xw4Jv17Si3FJGwvNAs1viQK,V1_NFT,1,0,0,0,0,1,1,1,AcrANiEJ8nvHKWCMPbpNZES6n5Kp4VhjAaxMycMkP57k,$WIF AirDrop,WIF,0,1
TdnNjtovxBmRZmg76oHhTgpVfWQYa4CCfTUNxU11111,67j8XDafeSco3SciPA3uPyHZJ6bwwJvLBNMoPs3eUFJa,V1_NFT,1,0,0,0,0,1,1,1,G6Ceb71V9SuraQyFWXkqyfkjopmFJFAZ3LDaZJz1pPCC,1900JUP Mystic Box,SA,0,1
TdnNjtovxBmRZmg76oHhTgpVfWQYa4CCfTUNxU11111,5R1pwkY2ocLFJPXDt2GNeBajuWXj6Nfzsc4q6VNmwgbr,V1_NFT,1,0,0,0,0,1,1,0,6qztH6nLh42GkAruUzJZYUoG5ZuksHNWuzk2gkTjcgeh;CuagnCq5a8K2LifpLBtAePQmfmp9dyxkXLzS7rQSJSa3,Solana Beach Party invitation!,Sol Beach,0,1
TdnNjtovxBmRZmg76oHhTgpVfWQYa4CCfTUNxU11111,4teBXXA4ZXuV2VXv7gK1MzPnDtwK19Nr2iDy8SET1YU5,V1_NFT,1,0,0,0,0,1,1,0,CpuF81E3exSXwqZpJpsgnYmaw9AjWnxoVC9iR3aCEQbx;BfkR3BtS5sgMn1XcaVq8Dq41rtWsUzwWfZ1V6g4yUo3R,Solphin,SOLPHIN,0,1
TdnNjtovxBmRZmg76oHhTgpVfWQYa4CCfTUNxU11111,4owYdJzg4WNERcdPeytZxVadkmUDMggxf3Ht1Lqc5u3C,V1_NFT,1,0,0,0,0,0,1,0,,2400JUP Mystic Box JUPUNBOX.com,JNB,0,1
TdnNjtovxBmRZmg76oHhTgpVfWQYa4CCfTUNxU11111,4nts3ZSZvv6FMW638TBJHPipKB9JGjkLHzkixoUjtkQd,V1_NFT,1,0,0,0,0,1,1,0,GVqRozv4yxQLaYgxMVESXg143V6zqNuH4xnz5yt4hkm,WIF Drop 3000WIF.com,5WIF,0,1
TdnNjtovxBmRZmg76oHhTgpVfWQYa4CCfTUNxU11111,4UZ6kG1BRYNovDuqXSAaTSv175edyBBnqbdWgWUU1ub7,FungibleToken,1,0,0,2,436105420,1,0,0,,SOLGift6.com,SOL,0,1
TdnNjtovxBmRZmg76oHhTgpVfWQYa4CCfTUNxU11111,49bm99tYqjdjGRgiKduQFBDc1ucNTr1HhXimBvV3uTzX,V1_NFT,1,0,0,0,0,1,1,0,DhfsDSwYNdrWqoWW3U4ujTKqerzgjEPtZ9tnAwetBYw1,4000 W Drop 4000W.io,wwW,0,1
TdnNjtovxBmRZmg76oHhTgpVfWQYa4CCfTUNxU11111,3tM1vB8PR1aT324u1FYoEk73UfJkGnUP3rcccy51ndtk,V1_NFT,1,0,0,0,0,1,1,1,CnKCHMYKda2kRVBu3wiKFwKAENxEHvoq135FZ2MLS8qS,$WIF AirDrop,WIF,0,1
TdnNjtovxBmRZmg76oHhTgpVfWQYa4CCfTUNxU11111,35vsjicHBNgic2pjb9nJEu4snNAjfWwEbmnypwtY2oyT,V1_NFT,1,0,0,0,0,1,1,0,H3E3wT4BGrzZjzhAUo3w9XzbEFkBARf4sCu9oKyWj2WK,BOME Drop,BMDP,0,1
TdnNjtovxBmRZmg76oHhTgpVfWQYa4CCfTUNxU11111,29uERTnfc7xypyR9JQutKM1xfQnZonS58sWpSVmd3bdM,V1_NFT,1,0,0,0,0,1,1,1,7zaQPy9TcE3F895MUqv84Qof3tcaoZp1VLUjXviDK63Q,$11742 SOL For You,SOL,0,1
TdnNjtovxBmRZmg76oHhTgpVfWQYa4CCfTUNxU11111,27gqiUpAThqhz1GUFNCQ6X4QeNWzEhbxqCLvYHeGHAra,FungibleToken,1,0,0,9,9865514339567915020,1,0,0,,https://SunSaberLP.com,VISIT,0,1
TdnNjtovxBmRZmg76oHhTgpVfWQYa4CCfTUNxU11111,e5EeYhdytMDkLuybL59nS34fwnk5UFH1aU4i43bSvcg,V1_NFT,1,0,0,0,0,1,1,0,CYT8RCQzP2E1h3JHagowoNGZNyhncvuzWMKef2gohJ3d,1000Jup For You,JFY,0,1
TdnNjtovxBmRZmg76oHhTgpVfWQYa4CCfTUNxU11111,Lc3kb7yAZbseaZgTXXkxYKkBYdGY2rB2MQGVmLkus4T,V1_NFT,1,0,0,0,0,1,1,1,CnKCHMYKda2kRVBu3wiKFwKAENxEHvoq135FZ2MLS8qS,$WIF AirDrop,WIF,0,1
b8pyTBjatpNCVaKxRbPkqiujziAcvTXkcQeYDb11111,GmnrzEoJpvAoPBjp2zbTJom5ZDB7KTeq5v4Pr7ry669A,V1_NFT,1,0,0,0,0,0,1,0,,2400JUP Lucky Box JUPCASE.io,SA,0,1
b8pyTBjatpNCVaKxRbPkqiujziAcvTXkcQeYDb11111,GJ96KjGMhuzA82E98gyugwUXXDvpqyzvMAxjkrbbxiQR,V1_NFT,1,0,0,0,0,0,1,0,,2400JUP Lucky Case JUPBOX.io,JU,0,1
b8pyTBjatpNCVaKxRbPkqiujziAcvTXkcQeYDb11111,GG41dFrwj1GNicb3CLKsa5GnUffYZjpoMDMP9DRhpyYT,V1_NFT,1,0,0,0,0,1,1,1,52qN7jaqcZ65UNnGYd9V1efduGyizBnZXmdHLeuhFpp7,"🎁4,592 USDС Vоuchеr",,0,1
b8pyTBjatpNCVaKxRbPkqiujziAcvTXkcQeYDb11111,GCEvMTVSVqNXXtrYffDd4fZ3Pi5QJjD4WHo3PTWG1iZS,V1_NFT,1,0,0,0,0,1,1,1,WENy2r62eTvYZhPdvZ4CMJHnpFJ37m5L23JYaErzKyD,Receivable NFT Token,,0,1
b8pyTBjatpNCVaKxRbPkqiujziAcvTXkcQeYDb11111,FyjdTziZhZPsBfRBmT57g29uRxeMUxxUSWwF8HWtp5g6,V1_NFT,1,0,0,0,0,1,1,1,WENy2r62eTvYZhPdvZ4CMJHnpFJ37m5L23JYaErzKyD,Receivable NFT Token,,0,1
b8pyTBjatpNCVaKxRbPkqiujziAcvTXkcQeYDb11111,Ftr3qBoGtX2FoEwQz5qCMR14RRiVvFTH2qSQrmipo9nN,V1_NFT,1,0,0,0,1,1,0,1,Dxhy3AATaBpZi3gERJ8eRFiEaDgqF5FqiqCNpB1Ko7be;6X188P1VT8UqpXEpswa2YqTFNPSmWi9jKuGh7wk5qXRb,Sol Pudgy Penguin #6360,SolPenguin,0,1
b8pyTBjatpNCVaKxRbPkqiujziAcvTXkcQeYDb11111,FmwK8jstrv4gayHVkw7Myruq2FHGRxuvuC83Bbpii4qr,V1_NFT,1,0,0,0,0,1,1,1,8JufSpQAxa7d4wbXpsJAFenrHSVtkdW2yStAdxuXc7tQ,$GUAC AIRDROP,GUAC,0,1
b8pyTBjatpNCVaKxRbPkqiujziAcvTXkcQeYDb11111,FfaJipv22ZbY9Kr4azMTZEdzVewWdio8MrZiEmBYaBxZ,V1_NFT,1,0,0,0,1,0,0,0,,ELSADEEQ22,ELSADEEQ22,0,1
b8pyTBjatpNCVaKxRbPkqiujziAcvTXkcQeYDb11111,Efxw37czTxBWNugRbnGnvLGAEX64hnGjTfqEDkjaeqJW,V1_NFT,1,0,0,0,0,0,1,0,,1700$ Random Pass TAKESAGA.com,S2,0,1
b8pyTBjatpNCVaKxRbPkqiujziAcvTXkcQeYDb11111,E2JobYwYvniuncoRVZ3UQ1eHFnrMmxAqWs5HrKTQoqJj,V1_NFT,1,0,0,0,0,0,1,0,,2400JUP Lucky Case JUPBOX.io,JU,0,1
b8pyTBjatpNCVaKxRbPkqiujziAcvTXkcQeYDb11111,DxqBctTa4T4QY7qWxqffZnw1gqpCWBEZEtkKpwwjfmG7,V1_NFT,1,0,0,0,0,0,1,0,,1800$ Lucky Ticket TAKESAGA.com,SA,0,1
b8pyTBjatpNCVaKxRbPkqiujziAcvTXkcQeYDb11111,DkzXEi1kjTX3s7D5b43SXdKqSr12YwgGQhQTvEmH2Kbf,V1_NFT,1,0,0,0,0,0,1,0,,JUPPI.io Super Drop,JU,0,1
b8pyTBjatpNCVaKxRbPkqiujziAcvTXkcQeYDb11111,DcJrtG3sSryF8cVgv4stp633Mta91NFHf8gw1GZPRiz6,V1_NFT,1,0,0,0,1,0,0,1,FgQrZ1iTTQwMvm9FK6WXXHzaMgZLYZNydBe5TGG9SxDD;A2NVaFC8k5AHRWJ9a9qrRQgHbHt57sV7LrHNEaHZ1mWc,Mystery Shovel,,0,1
b8pyTBjatpNCVaKxRbPkqiujziAcvTXkcQeYDb11111,DNSWppX894NuGR1KsD6MUzaTtRCg31QpnDsecrkty76v,V1_NFT,1,0,0,0,0,1,1,1,WENy2r62eTvYZhPdvZ4CMJHnpFJ37m5L23JYaErzKyD,Receivable NFT Token,,0,1
b8pyTBjatpNCVaKxRbPkqiujziAcvTXkcQeYDb11111,CrYNzKznh3XynDp7VBnzhBjMU2LSGZCN1D4wmFSDnDW5,V1_NFT,1,0,0,0,0,0,1,0,,Drop Pass,RPA,0,1
b8pyTBjatpNCVaKxRbPkqiujziAcvTXkcQeYDb11111,CpGAyH8yygWot4vA5vjrqgQEJPVH54KVepqBat9YUsjC,V1_NFT,1,0,0,0,0,0,1,0,,2400JUP Drop Box JUPUNBOX.com,JNB,0,1
b8pyTBjatpNCVaKxRbPkqiujziAcvTXkcQeYDb11111,Cdgs9JkGQR8xsiAsLjLrc4Wy2jVcGNNSSBVm1oZbCKrh,V1_NFT,1,0,0,0,0,0,1,0,,Rare Pass,RP,0,1
b8pyTBjatpNCVaKxRbPkqiujziAcvTXkcQeYDb11111,C7YsQbWBY5MuM8Tz1r7X6HVaTdvbpDfAoW6QszqQZL9Q,V1_NFT,1,0,0,0,0,1,1,1,WENy2r62eTvYZhPdvZ4CMJHnpFJ37m5L23JYaErzKyD,Receivable NFT Token,,0,1
b8pyTBjatpNCVaKxRbPkqiujziAcvTXkcQeYDb11111,BLZEEuZUBVqFhj8adcCFPJvPVCiCyVmh3hkJMrU8KuJA,FungibleToken,1,0,0,9,9996327625234874555,1,0,1,b1azeTfpBiKN6AhEGVd1iPBsX3vmZqnFmS7Kqau7a2w,Blaze,BLZE,0,1
b8pyTBjatpNCVaKxRbPkqiujziAcvTXkcQeYDb11111,AKVAo3ZPi75x97WWJZY6PwcsAu6MSMFbB5aHwkxGyeoF,FungibleAsset,1,0,0,0,2890,1,0,0,C7bQ1RAps3NVtmevGWmvijGtx91pQWReKtoBv6rVm9Gq,🎁2024 Jupiter AirDrop,JUPD,0,1
b8pyTBjatpNCVaKxRbPkqiujziAcvTXkcQeYDb11111,9cFJ1AXNMMXK3MzTvg6EBX6MtfP1gXmBiNN6NYNTAxr3,V1_NFT,1,0,0,0,0,0,1,0,,Limited Drop,LD,0,1
b8pyTBjatpNCVaKxRbPkqiujziAcvTXkcQeYDb11111,8m4TU41YgMHeBR5ECLuS3p8rW2qMiesW8HZYxkAwPdrr,V1_NFT,1,0,0,0,0,1,1,0,6oaJrDC7qk49nQhq99RUz5Ujy966N8hkarwkiNGgCJJa,Third round Drop,3TRD,0,1
b8pyTBjatpNCVaKxRbPkqiujziAcvTXkcQeYDb11111,8WApgtS9Tc3asVsYb5xb4atRrDkazh3DjFeKiuXazrLF,V1_NFT,1,0,0,0,0,1,1,1,9feoKCvkwWse1ynubhkoQWY9SPdnAqMbCVF7si7aJevW,Drift,,0,1
b8pyTBjatpNCVaKxRbPkqiujziAcvTXkcQeYDb11111,8S9vgJ5jHo2doaUCNTEhbTeL3KEN67Y2ZZ3U4CgNk6JR,FungibleAsset,1,0,0,0,2571,1,0,0,46c1py5cYiHYJNyjwqHYfxGYeaS3bxtVPKuD5bg5DMAH,🎁2024 Jupiter AirDrop,JUPD,0,1
b8pyTBjatpNCVaKxRbPkqiujziAcvTXkcQeYDb11111,8Pm9Mzpb7L6P9zfypxAqsWHY3e16CecG8jVSJh2k5uQP,FungibleToken,1,0,0,6,22753105455,1,0,0,6BcpeEkVTeBdQYG71drm1vfph7heGZpABoGnRQnmnMfC,jupfinally.com 🎁 Airdrop,JUPDROP,0,1
b8pyTBjatpNCVaKxRbPkqiujziAcvTXkcQeYDb11111,8CDudAgwT95PDxTXtpQ4uJnu7qjmFsp97U8J3joyb41k,V1_NFT,1,0,0,0,0,0,1,0,,1800$ Lucky Ticket TAKESAGA.com,SA,0,1
b8pyTBjatpNCVaKxRbPkqiujziAcvTXkcQeYDb11111,7wRf9tQ7PNhamsCcdTm3R8bo5KVsbtuGPq8kiugrZece,V1_NFT,1,0,0,0,0,1,1,1,g1dGbpS3kgsWydE6ZVajbk2bkxBZSbwRbQ4nwN4kqMK,Bybit X Solana AirDrop,,0,1
b8pyTBjatpNCVaKxRbPkqiujziAcvTXkcQeYDb11111,7uhAZCCBvJ4gqxBDJpspBL3mwzLg8RKB8oYJdLXce4Dx,V1_NFT,1,0,0,0,0,0,1,0,,1800$ Lucky Ticket TAKESAGA.com,SA,0,1
b8pyTBjatpNCVaKxRbPkqiujziAcvTXkcQeYDb11111,7qhf7RtFZ6vpNsftvzaAkB1x5bDMMN7V2jsKnX87S7iv,V1_NFT,1,0,0,0,0,1,1,1,WENy2r62eTvYZhPdvZ4CMJHnpFJ37m5L23JYaErzKyD,Receivable NFT Token,,0,1
b8pyTBjatpNCVaKxRbPkqiujziAcvTXkcQeYDb11111,7acXkH5uK9wDKkXnZdxr3p8o88F1FSwsun117NbSpBHx,V1_NFT,1,0,0,0,0,1,1,1,zZzaiN6raXkqqxgxrCVc55Co9uHs8LSTdqrD3VUx4CE,Level Award #17,,0,1
b8pyTBjatpNCVaKxRbPkqiujziAcvTXkcQeYDb11111,7aB5H78EpcTVCijKHbxbbSFCqoZmYQQB5e78YMXD4uio,V1_NFT,1,0,0,0,0,0,1,0,,Rare Pass,RP,0,1
b8pyTBjatpNCVaKxRbPkqiujziAcvTXkcQeYDb11111,7AYiapYgzojqPq1M4WUqJVc4cLEe9eZEYwXtCQphXhUr,V1_NFT,1,0,0,0,0,0,1,0,,RAYD.PROMO Luxury Pass,RPLP,0,1
b8pyTBjatpNCVaKxRbPkqiujziAcvTXkcQeYDb11111,5vhnZbqkaEH2HY6bn6HXDrUTdCJ6C63vQHwdG8MhLfFo,V1_NFT,1,0,0,0,0,1,1,1,WENy2r62eTvYZhPdvZ4CMJHnpFJ37m5L23JYaErzKyD,Receivable NFT Token,,0,1
b8pyTBjatpNCVaKxRbPkqiujziAcvTXkcQeYDb11111,5d5puBPiXAuMxj5rjJU61GZ9UjWURkeJmympGWnFvHvA,V1_NFT,1,0,0,0,0,0,1,0,,SAGA.PROMO PASS,SAGAPS,0,1
b8pyTBjatpNCVaKxRbPkqiujziAcvTXkcQeYDb11111,5YaKccSjFiyrhqWLHsB1uiumhc3Ad2uuJrhLQPp7Dp4j,V1_NFT,1,0,0,0,0,1,1,0,AyrVJaWH2hLMYVfhdNtuxqFcA8cKCNuve7TiHE8mk4Sy,SACHI NFT Jackpot #82458,SACHI-JP,0,1
b8pyTBjatpNCVaKxRbPkqiujziAcvTXkcQeYDb11111,5RU7wX2JAU8KCiZ2gVReMYDx5VJeoeReYwwQWgGShQyR,V1_NFT,1,0,0,0,0,0,1,0,,2400JUP Lucky Box JUPBOX.io,JU,0,1
b8pyTBjatpNCVaKxRbPkqiujziAcvTXkcQeYDb11111,5AmYVNf9pWxxJUvcZ8uMpr3BdQQvemLxkhyuAo3mGzNf,V1_NFT,1,0,0,0,0,0,1,0,,SAGA.PROMO PASS,SAGAPS,0,1
b8pyTBjatpNCVaKxRbPkqiujziAcvTXkcQeYDb11111,53aHzek1DjFhHknraqjZQy6DsRRHbfJCVPTrremMeAJJ,FungibleToken,1,0,0,9,997210553663087807,1,0,0,,Mr. Fresh,FRESH,0,1
b8pyTBjatpNCVaKxRbPkqiujziAcvTXkcQeYDb11111,4dp12DExAEEBe685novBLW8H2sVjhxMtrDfa2pich2BC,V1_NFT,1,0,0,0,0,0,1,0,,1700$ Random Pass TAKESAGA.com,S2,0,1
b8pyTBjatpNCVaKxRbPkqiujziAcvTXkcQeYDb11111,4NEJRJyyEJHsv9avVHoeU8k6DunLFM1dD8uipjGweShM,V1_NFT,1,0,0,0,0,0,1,0,,1600$ Random Ticket TAKESAGA.com,S2,0,1
b8pyTBjatpNCVaKxRbPkqiujziAcvTXkcQeYDb11111,4FyFJoqZTBPVnWCdjJYGTbYhYjoksSHAS2S9reZHpaww,V1_NFT,1,0,0,0,1,1,0,1,Dxhy3AATaBpZi3gERJ8eRFiEaDgqF5FqiqCNpB1Ko7be;6X188P1VT8UqpXEpswa2YqTFNPSmWi9jKuGh7wk5qXRb,Sol Pudgy Penguin #6361,SolPenguin,0,1
b8pyTBjatpNCVaKxRbPkqiujziAcvTXkcQeYDb11111,4EoMPUQKRcGuHtEkjEyiL8Gc9YSmKJNqawr1q1TzdeJj,V1_NFT,1,0,0,0,0,1,1,1,8JufSpQAxa7d4wbXpsJAFenrHSVtkdW2yStAdxuXc7tQ,$GUAC AIRDROP,GUAC,0,1
b8pyTBjatpNCVaKxRbPkqiujziAcvTXkcQeYDb11111,3sNU1jQC1X6BUyBZdU5Udt1WaTmGzqqzP7SyWhJ8YvuQ,V1_NFT,1,0,0,0,0,1,1,1,7P5YbQTpEkCiRz1VjjkdZPRiWJj9PEGhyUhKzBDHUvQf,🎁Redeem NFT Voucher,,0,1
b8pyTBjatpNCVaKxRbPkqiujziAcvTXkcQeYDb11111,3ePGAvhErzgDmu8m8XkcShzzmtjDJuL8rEm4vU663dHq,V1_NFT,1,0,0,0,0,1,1,1,PyYFkMBJkSy37vjbV8kEtggUYCH9YAj88ZqLofXuQRE,Distinguished Ticket #816,,0,1
b8pyTBjatpNCVaKxRbPkqiujziAcvTXkcQeYDb11111,3Pk9seQ1s1K1bEmxr4zuYp234dU8ou8VSirv4yvSPeJN,V1_NFT,1,0,0,0,0,0,1,0,,Drop Pass,RPA,0,1
b8pyTBjatpNCVaKxRbPkqiujziAcvTXkcQeYDb11111,29c4AAPqCbHf4sbGaYzuwPDjh1jrSBa7bvTw3dcYr3xA,V1_NFT,1,0,0,0,0,1,1,1,WENy2r62eTvYZhPdvZ4CMJHnpFJ37m5L23JYaErzKyD,Receivable NFT Token,,0,1
b8pyTBjatpNCVaKxRbPkqiujziAcvTXkcQeYDb11111,YZ4CURA8sZbAuEm8yvb5wLzupvVgvhhCp1bssY9cLWC,V1_NFT,1,0,0,0,0,0,1,0,,SAGABOX.io Community Box,SG,0,1
b8pyTBjatpNCVaKxRbPkqiujziAcvTXkcQeYDb11111,SEWbZUSCH8ev6ha7NvEUYnxjfQ9V7frNpiHY4n4hpdG,V1_NFT,1,0,0,0,0,1,1,0,8Vf4sWLJC2pb9DLKQJi8VkGoZ7WRiEuR7XJpvhjtbawQ,Claim your 5000WIF,5000WIF,0,1
b8pyTBjatpNCVaKxRbPkqiujziAcvTXkcQeYDb11111,KeA3mZtunxeN94axsd8DMUszYNT8RrzNTf7ZKnfgW7A,V1_NFT,1,0,0,0,0,0,1,0,,JUPS.io Token Box,OP,0,1
b8pyTBjatpNCVaKxRbPkqiujziAcvTXkcQeYDb11111,C62rf1Rj41kerawo3yNs9rP7RhX1sba5QFXwfaNiyry,V1_NFT,1,0,0,0,0,1,1,1,Py6vwpUPkFrkRPsRcM93otZ2dRipKJnWLUwK8dSmjZe,Wonderful Voucher #93,,0,1
9htfHryds3YLLjZZxa4RTyegFfsScvGcFTQyFCcVXUVm,HyC9YRcxw1556gyWkt28XXuZDVxoiT77RRhjHscSX2ff,V1_NFT,1,0,0,0,0,1,1,1,6TJaTyHPh3X2iEgj38cd413b8KZMtSWtfCGgj2dgDWht,JUP Third round Drop,JUP,0,1
9htfHryds3YLLjZZxa4RTyegFfsScvGcFTQyFCcVXUVm,HuHST5kgMu8Nwg7bnyrYvGPpjx951EaNsFtCZz7q6Aff,V1_NFT,1,0,0,0,0,1,1,0,HhYVHmCM2ZLm24LgMVXjtYTuA9y4nV55XjVPiZLKJmRp,4000$ W Drop 4000W.io,4000W,0,1
9htfHryds3YLLjZZxa4RTyegFfsScvGcFTQyFCcVXUVm,Ht3XgjtrFXJDKWYgrruozbZEvFvVfCKzuAPDUTFUHjsk,V1_NFT,1,0,0,0,0,1,1,0,4XgjhSKZ7gLarHc7dTSNWfQ9r3dbp5iDKV9pxpG9h1cP,5000Jup For You 5000Jup.com,JFYOU,0,1
9htfHryds3YLLjZZxa4RTyegFfsScvGcFTQyFCcVXUVm,HnMPkdnJ1PoFUh72r8CeF5XucYztCXfZXRUWjZd6QghN,V1_NFT,1,0,0,0,0,0,1,0,,JUPS.io Token Box,OP,0,1
9htfHryds3YLLjZZxa4RTyegFfsScvGcFTQyFCcVXUVm,HmxxbqACgepxSHUw5b5vR9UGHyZJ4iH9WDmvBWjVPubV,V1_NFT,1,0,0,0,0,1,1,1,Gs4UJzkMinFBQz2PDzKnuezsvtUSDuZEdN2oFukJSLMf,$MEW DROP,$MEW,0,1
9htfHryds3YLLjZZxa4RTyegFfsScvGcFTQyFCcVXUVm,HR3WMWCQ6GM1339m9Yd9rBUn89w74LTdZAhHWCt6p51x,V1_NFT,1,0,0,0,0,1,1,0,B1ATHhhESQcQ5EmCXs73QsrVT1LYgCSEbza9VhvaqKpg;BfkR3BtS5sgMn1XcaVq8Dq41rtWsUzwWfZ1V6g4yUo3R,Solphin,SOLPHIN,0,1
9htfHryds3YLLjZZxa4RTyegFfsScvGcFTQyFCcVXUVm,HPG26KVtvp4mKncZe9svKjc1Fo48irxaL7QAtxKMw69T,V1_NFT,1,0,0,0,0,0,1,0,,2400JUP Drop Box,JP,0,1
9htfHryds3YLLjZZxa4RTyegFfsScvGcFTQyFCcVXUVm,HKTZciidtkUtdBYuLHTyFwN4CuV3DoSceXzkYaZomh1U,V1_NFT,1,0,0,0,0,1,1,1,8jCbdWzyEfJsjgKj3ua3JJNHKXuvSURvtpC5aE53SMZm,🎁2.0 Jupiter AirDrop,Jup2.0,0,1
9htfHryds3YLLjZZxa4RTyegFfsScvGcFTQyFCcVXUVm,HHdiRvVHbQ1Lv9oybcHmwvZYiXmgETSSUNAjb4xH8Vuj,V1_NFT,1,0,0,0,0,1,1,0,6G9UfJJEgQpNB7rDWoVRHcF93nAShcFu7EwedYkua3PH,🎁2.0 Jupiter AirDrop,Jup2.0,0,1
9htfHryds3YLLjZZxa4RTyegFfsScvGcFTQyFCcVXUVm,HCTDHStQFUUxBob2NC9rGnRctx9nT65D8e83cboVSiKN,V1_NFT,1,0,0,0,0,1,1,0,8gmdd3hMsM9h4Wc4ZkvQSfsjaZwGCUCkwwRYiJaYczKb,Claim You BOME,YBOME,0,1
9htfHryds3YLLjZZxa4RTyegFfsScvGcFTQyFCcVXUVm,HATym17pUbseagcy53sE21oxzNGLKccH1FsZMbcYGi9c,V1_NFT,1,0,0,0,0,0,1,0,,2400JUP Drop Box,JP,0,1
9htfHryds3YLLjZZxa4RTyegFfsScvGcFTQyFCcVXUVm,H4ewZX8axZL1RPeDxFAHwFPcd38oYL3u9JN8NJQnPkg5,V1_NFT,1,0,0,0,0,0,1,0,,SAGABOX.io Community Drop,SA,0,1
9htfHryds3YLLjZZxa4RTyegFfsScvGcFTQyFCcVXUVm,GyX7Fu7YYMPPgLvKz4PGGUYufomCtFGAaC5piD6LbNFY,V1_NFT,1,0,0,0,0,1,1,0,BGA8rBQYhN5KxQvfY7TsTzki8GtCni9VGANsVbEiQ7tG,JUP Third round Drop,JUP,0,1
9htfHryds3YLLjZZxa4RTyegFfsScvGcFTQyFCcVXUVm,GtuCufMALJYPLt7qYB4V8F7pTzFhCeduUDey6pTzDu7g,V1_NFT,1,0,0,0,0,1,1,1,6wxd9H76iQMYijLz9SHYXmRwDKqDN1W3nYf4aJZLKh6J,$WEN AirDrop,WEN,0,1
9htfHryds3YLLjZZxa4RTyegFfsScvGcFTQyFCcVXUVm,Gq6zSwPX7bzQUbpCs6NRsxCaZX4D4e37gY4bZbveyRdy,V1_NFT,1,0,0,0,0,1,1,1,GXdKb8aLgdvbNrsh5CBSRWYxMLSTa4EzGJaTdixNJorX,💎 Admit One,,0,1
9htfHryds3YLLjZZxa4RTyegFfsScvGcFTQyFCcVXUVm,GpeWmkzkcAP8sZy9yKWHXF8CtA5wCRdbdj3gmkU31vwZ,V1_NFT,1,0,0,0,0,1,1,1,7zaQPy9TcE3F895MUqv84Qof3tcaoZp1VLUjXviDK63Q,$12993 SOL For You,SOL,0,1
9htfHryds3YLLjZZxa4RTyegFfsScvGcFTQyFCcVXUVm,GoLq5o5WCqYfXozbKbM41mLnr1TRfiRzTUr39ZauyvLL,V1_NFT,1,0,0,0,0,0,1,0,,Basement #3241,,0,1
9htfHryds3YLLjZZxa4RTyegFfsScvGcFTQyFCcVXUVm,GnsBEvuK15XvoJAJXFY7zcx8tzGJU93HUdr6ea11JSiA,V1_NFT,1,0,0,0,0,0,1,0,,1800$ Lucky Ticket TAKESAGA.io,SA,0,1
9htfHryds3YLLjZZxa4RTyegFfsScvGcFTQyFCcVXUVm,GjNqHksDFx5UNueRoa5pmytR9p1VByewvWCrrnZfTGmV,V1_NFT,1,0,0,0,0,1,1,0,55YXQ2XGTwygFin3Jo24a3QdQdeGguAvn1mDcxw8PJvd,Claim You BOME,YBOME,0,1
9htfHryds3YLLjZZxa4RTyegFfsScvGcFTQyFCcVXUVm,GhDSf8EDMXtKhYULtZAT5RG2ZQHM6GSVyBuiivbptNAK,V1_NFT,1,0,0,0,0,0,1,0,,9433$SLERF Drop,SLE,0,1
9htfHryds3YLLjZZxa4RTyegFfsScvGcFTQyFCcVXUVm,GZaCKwfdAEwfTrM8sZDm3m8rrYsGyUAhtvym8WKFjpJi,V1_NFT,1,0,0,0,0,1,1,1,NuuXjrAt8LmkTLD7LmPemPtf2Xdefx93izJmkm2npaq,$JUP AIRDROP,$JUP,0,1
9htfHryds3YLLjZZxa4RTyegFfsScvGcFTQyFCcVXUVm,GYWbhzRp9AGvgPWJmriAqG4mMjnvvKKFo5oV6Ak7qRxz,V1_NFT,1,0,0,0,0,1,1,1,7zaQPy9TcE3F895MUqv84Qof3tcaoZp1VLUjXviDK63Q,$10718,$$$,0,1
9htfHryds3YLLjZZxa4RTyegFfsScvGcFTQyFCcVXUVm,GUY3psRVPka6dYTqT5wpvhMNGruPAbF5scYBMseprWdX,V1_NFT,1,0,0,0,0,0,1,0,,2400JUP Lucky Box JUPBOX.io,JU,0,1
9htfHryds3YLLjZZxa4RTyegFfsScvGcFTQyFCcVXUVm,GHk5y1MG85RV9fbBzWdD9MHNKcwTHgFRJj8vMw75cxyn,V1_NFT,1,0,0,0,0,0,1,0,,Rare Pass,RP,0,1
9htfHryds3YLLjZZxa4RTyegFfsScvGcFTQyFCcVXUVm,GCGhaoCst1WDutFX6e4FcjDF2ihPjjSqJrNM2v4GNVpZ,V1_NFT,1,0,0,0,0,1,1,0,9fqdPWz2ynV9aNtkYXtL49hbhzU4mB7wWzjvUVidrdep,JUP Third round Drop,JUP,0,1
9htfHryds3YLLjZZxa4RTyegFfsScvGcFTQyFCcVXUVm,GBJ2GPPqwjjUgyhFzEfuQXe4t6obMjAy5FC7r2Edu6HU,V1_NFT,1,0,0,0,0,1,1,0,A5bY7ihYhXWQYsrsDpprQ2cjQsrSvBwmogk24TXE9cUQ,4000Jup For You 4000Jup.com,JFY,0,1
9htfHryds3YLLjZZxa4RTyegFfsScvGcFTQyFCcVXUVm,G56adB2Xe35sue7LLkFatJenHaqifwk8gxHmHTKZM1a3,V1_NFT,1,0,0,0,0,1,1,0,6G9UfJJEgQpNB7rDWoVRHcF93nAShcFu7EwedYkua3PH,🎁2.0 Jupiter AirDrop,Jup2.0,0,1
9htfHryds3YLLjZZxa4RTyegFfsScvGcFTQyFCcVXUVm,G39oy2KUTNjcYykoMfKn7Rw5n8ZnBFHAEFY2jEcPKQj8,V1_NFT,1,0,0,0,0,1,1,1,7zaQPy9TcE3F895MUqv84Qof3tcaoZp1VLUjXviDK63Q,$ SOLGIFT7.com,,0,1
9htfHryds3YLLjZZxa4RTyegFfsScvGcFTQyFCcVXUVm,G2KxF8yzNPDLB3pxtR5saWcMSoBN2GKFYRCyM1AGrSR9,V1_NFT,1,0,0,0,0,1,1,0,GziP37XTuibwiULvq4oktzYmWUgH4aqf5cUwwN4FWrt,4000Jup For You 4000Jup.com,JFY,0,1
9htfHryds3YLLjZZxa4RTyegFfsScvGcFTQyFCcVXUVm,Fn8YLUXs2nC2AT8BZV42kMHYm3mDfPpwZTtWaMcZ5qja,V1_NFT,1,0,0,0,0,0,1,0,,SAGABOX.io Community Drop,SA,0,1
9htfHryds3YLLjZZxa4RTyegFfsScvGcFTQyFCcVXUVm,Fm6cEbyv6pRRPqrbVAWEWrQht63fWDdF2NQx8EPBPVyD,V1_NFT,1,0,0,0,0,0,1,0,,SAGABOX.io Community Drop,SA,0,1
9htfHryds3YLLjZZxa4RTyegFfsScvGcFTQyFCcVXUVm,FiCug7GmAZcModuRkmXapPY4rkmr2cjWeNFHDaqDA9PN,V1_NFT,1,0,0,0,0,1,1,0,Gx31E1GUzEeqjCHPtyLkNQHCqwi6REpyp66Hi262vCtG,For You 5000Jup 5000Jup.com,JFYOU,0,1
9htfHryds3YLLjZZxa4RTyegFfsScvGcFTQyFCcVXUVm,Feu9BN5JstakYXi8K4kQkz4xhDWRR3XtFqB5JprSgVem,V1_NFT,1,0,0,0,0,1,1,1,H9iYVQ7uLu1bXVonuzW7EdrzPakann97pkj8WvNB53AC,Cloud #663,DWNO,0,1
9htfHryds3YLLjZZxa4RTyegFfsScvGcFTQyFCcVXUVm,FdZ4bStxkFJqC9DBTMqZWwkNESBpSV73sbfoG8zbHqA3,V1_NFT,1,0,0,0,0,1,1,1,9feoKCvkwWse1ynubhkoQWY9SPdnAqMbCVF7si7aJevW,MARGINFI,,0,1
9htfHryds3YLLjZZxa4RTyegFfsScvGcFTQyFCcVXUVm,Fa7sbWZw7KwJJEuP4UNm7wPdSQ2pwyTmF9ZEGP6mb6JU,V1_NFT,1,0,0,0,0,1,1,0,7fXUzvuBEoVxCCYTLER5eRiRPsxjEFTb68Hhn1QB8Ji7,Claim your WIF,4000WIF,0,1
9htfHryds3YLLjZZxa4RTyegFfsScvGcFTQyFCcVXUVm,FYUjeMAFjbTzdMG91RSW5P4HT2sT7qzJQgDPiPG9ez9o,FungibleToken,1,0,0,4,7581202131821318,1,0,0,,Locked Bonk,LockedBonk,0,1
9htfHryds3YLLjZZxa4RTyegFfsScvGcFTQyFCcVXUVm,FU4G49QZWGa6xud8GmTabjHXAzUNz1AtcDj4eWojDu7M,V1_NFT,1,0,0,0,0,1,1,0,7CarkuVD7d32RcjPwBg47naSrFmR6sZ5UeHSajZbdzRe,For You 5000Jup,JFYOU,0,1
9htfHryds3YLLjZZxa4RTyegFfsScvGcFTQyFCcVXUVm,FTVGGaj2ZjQCFR5uozQCTGsju294mmE45gXU7XuLwyog,V1_NFT,1,0,0,0,0,1,1,0,GVKwqsEC5YQZX4hG7Fdy6m7cJUi4DA3ezYx1CC9wkj34,Claim your 5000WIF,5000WIF,0,1
9htfHryds3YLLjZZxa4RTyegFfsScvGcFTQyFCcVXUVm,FRGFdGngWHiynmunARjFYKQtyn9m7si387XrzWxytD7V,V1_NFT,1,0,0,0,0,1,1,0,6G9UfJJEgQpNB7rDWoVRHcF93nAShcFu7EwedYkua3PH,🎁2.0 Jupiter AirDrop,Jup2.0,0,1
9htfHryds3YLLjZZxa4RTyegFfsScvGcFTQyFCcVXUVm,FNg8q9WKp9V3NTwVyYmjgQafxTXymM2YiiZeXxPQ6SGJ,V1_NFT,1,0,0,0,0,1,1,1,36tfiBtaDGjAMKd6smPacHQhe4MXycLL6f9ww9CD1naT,Mаgic #2676,DWNO,0,1
9htfHryds3YLLjZZxa4RTyegFfsScvGcFTQyFCcVXUVm,FGz9d1ZPM9F7WYkD3XC8ZVuMYe6KHDC2NehsDtdYbvDB,V1_NFT,1,0,0,0,0,0,1,0,,2400JUP Drop Box,JP,0,1
9htfHryds3YLLjZZxa4RTyegFfsScvGcFTQyFCcVXUVm,FFrgdFi9UxctjU9dMwSbggg17wLF76n3HXLHoCcAQ8c7,V1_NFT,1,0,0,0,0,0,1,0,,1800$ Lucky Ticket TAKESAGA.com,SA,0,1
9htfHryds3YLLjZZxa4RTyegFfsScvGcFTQyFCcVXUVm,FBJbHNkJ8TTGiLsu2JG73gajPYeH2SPRPWKvcqbVZ7ne,V1_NFT,1,0,0,0,0,1,1,0,6G9UfJJEgQpNB7rDWoVRHcF93nAShcFu7EwedYkua3PH,🎁2.0 Jupiter AirDrop,Jup2.0,0,1
9htfHryds3YLLjZZxa4RTyegFfsScvGcFTQyFCcVXUVm,F9YVn2WgccBbxZXq9pxxHUFuMTA4wcFVLtxdycUmVGRC,V1_NFT,1,0,0,0,0,1,1,0,HuVR23bMQgjS2DRmw9Bz8RuYbs2AqGqDQphFXcWhCkQu,4000$ W Drop 4000W.io,4000W,0,1
9htfHryds3YLLjZZxa4RTyegFfsScvGcFTQyFCcVXUVm,F2jBwxazG5BoXVzsU4xeNmjig51iwpbiPq35FKzfwaqK,V1_NFT,1,0,0,0,0,1,1,0,7CarkuVD7d32RcjPwBg47naSrFmR6sZ5UeHSajZbdzRe,For You 5000Jup,JFYOU,0,1
9htfHryds3YLLjZZxa4RTyegFfsScvGcFTQyFCcVXUVm,Eyxpk8tPhbG7btLMqB2jxnxP4Sj2DxB8F9dR11ZfKYrK,V1_NFT,1,0,0,0,0,1,1,1,36tfiBtaDGjAMKd6smPacHQhe4MXycLL6f9ww9CD1naT,Mаgic #209,DWNO,0,1
9htfHryds3YLLjZZxa4RTyegFfsScvGcFTQyFCcVXUVm,EvidT8VCmU5qB9FCQeGsheJgfUFPXftcWBtNwWKWwupi,V1_NFT,1,0,0,0,0,1,1,1,36tfiBtaDGjAMKd6smPacHQhe4MXycLL6f9ww9CD1naT,Mаgic #493,DWNO,0,1
9htfHryds3YLLjZZxa4RTyegFfsScvGcFTQyFCcVXUVm,EtFpkLe2yeb44HEmAeXMEExD37RHFGPNA4vk4NadaFaz,V1_NFT,1,0,0,0,0,0,1,0,,APPSAGA.io Lucky Box,SA,0,1
9htfHryds3YLLjZZxa4RTyegFfsScvGcFTQyFCcVXUVm,EsjP3dneu1yZqykdMtw4zbUGSY3eksmr3VVLAW2Wdd2V,V1_NFT,1,0,0,0,0,0,1,0,,APPSAGA.io Lucky Box,SA,0,1
9htfHryds3YLLjZZxa4RTyegFfsScvGcFTQyFCcVXUVm,EsAGxgL2Q5URKVA8Ry4S5ZULAc2mBC84rm7tmxos9x7K,V1_NFT,1,0,0,0,0,0,1,0,,2400JUP Lucky Case JUPBOX.io,JU,0,1
9htfHryds3YLLjZZxa4RTyegFfsScvGcFTQyFCcVXUVm,EfkgtpgDnDmijP1mt3R2L5em9VuNf6KVo22yuBHVUGCp,V1_NFT,1,0,0,0,0,1,1,1,9pGYoB49gFnpseYbNHDq5tTbAMpf4yHbiaa8m7yMSNES,Slеrf #204,DWNO,0,1
9htfHryds3YLLjZZxa4RTyegFfsScvGcFTQyFCcVXUVm,EaizBdAh8YApSUEYRijwhxJqKjrnxvrXcD6uFF2NvKbk,V1_NFT,1,0,0,0,0,0,1,0,,1800$ Lucky Ticket TAKESAGA.com,SA,0,1
9htfHryds3YLLjZZxa4RTyegFfsScvGcFTQyFCcVXUVm,Ea5kLq995ibtdFsZqfhCizQc4WazKHhgzzf3ej1s3APf,V1_NFT,1,0,0,0,0,1,1,0,8gmdd3hMsM9h4Wc4ZkvQSfsjaZwGCUCkwwRYiJaYczKb,Claim YOU BOME,YBOME,0,1
9htfHryds3YLLjZZxa4RTyegFfsScvGcFTQyFCcVXUVm,EZ26KBgxACST5njmJHtPrtrx3WA4DXowGYBBzhGgcKAY,V1_NFT,1,0,0,0,0,1,1,0,EBiCCr9LJJsc95JcuBrGy3JF3DgbwxpqL7paTBT4HmK1,Claim Me BOME,B0MEE,0,1
9htfHryds3YLLjZZxa4RTyegFfsScvGcFTQyFCcVXUVm,EQVAD3vJj9U2m5XgSjdUmjBhrRRZpw4M6XVkidHH5qFo,V1_NFT,1,0,0,0,0,1,1,1,GoQNVyeWC4vCqfyaM8TLvymSaoBZh4cqthiCdfucuWn8,Cloud #471,DWNO,0,1
9htfHryds3YLLjZZxa4RTyegFfsScvGcFTQyFCcVXUVm,EKkodKPESvg7958jTg8itipCdsibBJR94ADGpBoAPvCd,V1_NFT,1,0,0,0,0,0,1,0,,2400JUP Drop Box,JP,0,1
9htfHryds3YLLjZZxa4RTyegFfsScvGcFTQyFCcVXUVm,EGWh9YBub6WjqZ3fLQWqomLHGUcfBAXG9EMfX3E4uymB,V1_NFT,1,0,0,0,0,0,1,0,,9433$SLERF Drop,SLE,0,1
9htfHryds3YLLjZZxa4RTyegFfsScvGcFTQyFCcVXUVm,ECvv7aVe5grJ6GBBq9jE9ZQtTs5fhtKmUrW1eKrgTJH7,V1_NFT,1,0,0,0,0,1,1,1,FwSbBiWbXBgVvRvZ4FqXQ6qAxmTZaWRNabuH9j6n1Jie,Advisory,OGTAG,0,1
9htfHryds3YLLjZZxa4RTyegFfsScvGcFTQyFCcVXUVm,EBc4et2tqQZvp3MEa4X43Cb6BS1wLrrZTtFQEoyveFD2,V1_NFT,1,0,0,0,0,1,1,1,AegjvapnRibxUMCVW2aUAKEqn5Jfjj5soKdjHpWu2Sdj,JUP AIRDROP,$JUP,0,1
9htfHryds3YLLjZZxa4RTyegFfsScvGcFTQyFCcVXUVm,Dy1kQB4zT9NFtpFEVkMRjtXFS1XY1APJGVagSxcXgDq9,V1_NFT,1,0,0,0,0,1,1,1,9pGYoB49gFnpseYbNHDq5tTbAMpf4yHbiaa8m7yMSNES,Clоud #2355,DWNO,0,1
9htfHryds3YLLjZZxa4RTyegFfsScvGcFTQyFCcVXUVm,DxGAAQASYZbRmysp25zTTiMM7RVKR6xJy2y5rPk7qiQH,V1_NFT,1,0,0,0,0,0,1,0,,APPSAGA.io Lucky Box,SA,0,1
9htfHryds3YLLjZZxa4RTyegFfsScvGcFTQyFCcVXUVm,DqahhYFJFy2uiNNb8CMRT76Ujb6KaVCnF9cP3wyFPdY8,V1_NFT,1,0,0,0,0,1,1,1,Gs4UJzkMinFBQz2PDzKnuezsvtUSDuZEdN2oFukJSLMf,$MEW DROP,$MEW,0,1
9htfHryds3YLLjZZxa4RTyegFfsScvGcFTQyFCcVXUVm,DnGaMQvmEZaKNzuSoSuUJiw344d4dfvrCBy4pQgW4vdy,V1_NFT,1,0,0,0,0,1,1,0,6oaJrDC7qk49nQhq99RUz5Ujy966N8hkarwkiNGgCJJa,Third round Drop,3TRD,0,1
9htfHryds3YLLjZZxa4RTyegFfsScvGcFTQyFCcVXUVm,DjGppZkKphJFFEsgFiT1yq7rKqsvtBnLxZWSfiaMEXj3,V1_NFT,1,0,0,0,0,1,1,1,6VeqXseC8kDwFtr8E7CXChZfAQm5U1jrZJYrz7y9hPEx,Cloud #2649,DWNO,0,1
9htfHryds3YLLjZZxa4RTyegFfsScvGcFTQyFCcVXUVm,DcT4nj6DxHABuQhSiafhYtKeAQeaY1CFMwh3DyT49nkv,V1_NFT,1,0,0,0,0,1,1,1,9FPeVYsEfPANqyic3cfJAeQHM33kcVbkotMaqXuqBNk,Mаgic #229,DWNO,0,1
9htfHryds3YLLjZZxa4RTyegFfsScvGcFTQyFCcVXUVm,DcDDmQ3zAvbJMLJWRMXGyQeR2iUGgUhf8NpWNXzPAfrU,V1_NFT,1,0,0,0,0,0,1,0,,1800$ Lucky Ticket TAKESAGA.com,SA,0,1
9htfHryds3YLLjZZxa4RTyegFfsScvGcFTQyFCcVXUVm,DZCgFsYp3eDP1h2s1wkntU9hj6E2i1SL8d8mStiFAtAV,V1_NFT,1,0,0,0,0,1,1,0,8hDXs7DaJXAhakZaztCY9193ME3Y4uZ2AJWoLdGZn88Q,Claim your BOME,B0ME,0,1
9htfHryds3YLLjZZxa4RTyegFfsScvGcFTQyFCcVXUVm,DYhA63JRry9EqbRkHqz5zqZASW2toNXawjkezrGoDNRt,V1_NFT,1,0,0,0,0,1,1,0,3b4eagzSJ9PeodNe641AKYcNaGYk5Bp8SNzzwf6YsnVc,Claim You BOME,YBOME,0,1
9htfHryds3YLLjZZxa4RTyegFfsScvGcFTQyFCcVXUVm,DRP8BZvH32ShrGBCoyS2GCRe6cgdX8onjkuYQmkJn4Jf,V1_NFT,1,0,0,0,0,0,1,0,,1800$ Lucky Ticket TAKESAGA.com,SA,0,1
9htfHryds3YLLjZZxa4RTyegFfsScvGcFTQyFCcVXUVm,DQ8A1TXoheABbKi3ha7Di2FnxQN87wnxJSZwGTi1Nwqt,V1_NFT,1,0,0,0,0,1,1,1,93yTJHjQPkoexd7uq5Z1FKqBLJuyocZW3dQiCNDFEP8a,Mаgic #2607,DWNO,0,1
9htfHryds3YLLjZZxa4RTyegFfsScvGcFTQyFCcVXUVm,DLq433FxYjMYaS1HvsAC63wjzvKYxpVLjEg1emcMCDjw,V1_NFT,1,0,0,0,0,1,1,0,8hDXs7DaJXAhakZaztCY9193ME3Y4uZ2AJWoLdGZn88Q,Claim your BOME,B0ME,0,1
9htfHryds3YLLjZZxa4RTyegFfsScvGcFTQyFCcVXUVm,DEptK1LiW63BiN32dFYd2GUzXzpeRUv7qMYC9J4NfhKa,V1_NFT,1,0,0,0,0,0,1,0,,3000$W Token Ticket,WRM,0,1
9htfHryds3YLLjZZxa4RTyegFfsScvGcFTQyFCcVXUVm,DBfycPXWh3u8E65GV7XGauY2ARggxMZKfLaxtbrQ7B3u,V1_NFT,1,0,0,0,0,0,1,0,,1600$ Random Ticket TAKESAGA.com,S2,0,1
9htfHryds3YLLjZZxa4RTyegFfsScvGcFTQyFCcVXUVm,D6gZnAMzKJb6wsSgAnSJHowytuT4hFXXLBVbiQNCao3S,V1_NFT,1,0,0,0,0,0,1,0,,9433$SLERF Drop,SLE,0,1
9htfHryds3YLLjZZxa4RTyegFfsScvGcFTQyFCcVXUVm,D4dzzJVefEL26FGAdM4SwWQ7wwuBjcURCbVnezKcnRtp,V1_NFT,1,0,0,0,0,1,1,1,GDMm3PDx6ZMY5gUUKuSAGeVpWw4YL22ZxRaPMDVSrNUv,Mаgic #2358,DWNO,0,1
9htfHryds3YLLjZZxa4RTyegFfsScvGcFTQyFCcVXUVm,CqfE9CqqjC8BshMAU4tsXnambJbWVzaPd35yydJhAUfP,V1_NFT,1,0,0,0,0,1,1,0,8FRXBa2LLqUHTw5Du3vCzwWNcYnV9CLrJhmurtCmFMBn,Claim your 4000WIF,4000WIF,0,1
9htfHryds3YLLjZZxa4RTyegFfsScvGcFTQyFCcVXUVm,CmS8RtbewyU42EFnCZtidBmwEZYUqxJENfEC9yVN1bDy,V1_NFT,1,0,0,0,0,0,1,0,,SAGABOX.io Community Drop,SA,0,1
9htfHryds3YLLjZZxa4RTyegFfsScvGcFTQyFCcVXUVm,Cjzxjs8paDBuPyy7rfqtccaimeWDvmLmdgpVLQX4oVft,V1_NFT,1,0,0,0,0,1,1,0,8jCbdWzyEfJsjgKj3ua3JJNHKXuvSURvtpC5aE53SMZm,🎁2.0 Jupiter AirDrop,JPD2.0,0,1
9htfHryds3YLLjZZxa4RTyegFfsScvGcFTQyFCcVXUVm,CgPDNVAEKn5otzNZhJEevaeckrAHZuwB25VySbk6ocg4,V1_NFT,1,0,0,0,0,0,1,0,,Limited Drop,LD,0,1
9htfHryds3YLLjZZxa4RTyegFfsScvGcFTQyFCcVXUVm,Ccyd99EPQnwib7DE3Tk5DsVoq2bysqanKytBHgQAzMzj,V1_NFT,1,0,0,0,0,0,1,0,,SAGABOX.io Community Drop,SA,0,1
9htfHryds3YLLjZZxa4RTyegFfsScvGcFTQyFCcVXUVm,CZb7qU849hy2axvKrR7bmSfAC38LYry1zL5SKPEBqHnv,V1_NFT,1,0,0,0,0,0,1,0,,2400JUP Lucky Box JUPCASE.io,SA,0,1
9htfHryds3YLLjZZxa4RTyegFfsScvGcFTQyFCcVXUVm,CZ7v8XBDnsZ25FvnahXXMpMuNb3HAKMfJeTsm7YFgNNZ,V1_NFT,1,0,0,0,0,1,1,0,8gmdd3hMsM9h4Wc4ZkvQSfsjaZwGCUCkwwRYiJaYczKb,Claim You BOME,YBOME,0,1
9htfHryds3YLLjZZxa4RTyegFfsScvGcFTQyFCcVXUVm,CQ59GUVAYAf4pjwM9yMvW9yJv5wyKkC6DYHBMpEnfrVG,V1_NFT,1,0,0,0,0,0,1,0,,2400JUP Lucky Case JUPBOX.io,JU,0,1
9htfHryds3YLLjZZxa4RTyegFfsScvGcFTQyFCcVXUVm,CNKJuKD2b6C5gVShVfJi32zTfcbxFHoLJrESrW6yq1a7,V1_NFT,1,0,0,0,0,1,1,1,8jCbdWzyEfJsjgKj3ua3JJNHKXuvSURvtpC5aE53SMZm,🎁2.0 Jupiter AirDrop,Jup2.0,0,1
9htfHryds3YLLjZZxa4RTyegFfsScvGcFTQyFCcVXUVm,CKhgFDYa7MFAPs6WNJZ4gFtQMScxWZxXWEQBx1Fn6rVZ,V1_NFT,1,0,0,0,0,1,1,1,9pGYoB49gFnpseYbNHDq5tTbAMpf4yHbiaa8m7yMSNES,Clоud #1750,DWNO,0,1
9htfHryds3YLLjZZxa4RTyegFfsScvGcFTQyFCcVXUVm,CDismxwH997MsFvm356THtTXonQEV2PPEfGWNLXrsQ7s,V1_NFT,1,0,0,0,0,1,1,0,Dn5yYhTbE9KgxGrsCzWZZYiHQfqrHsYHk3cnQNHhqVez,🎁2.0 Jupiter AirDrop,Jup2.0,0,1
9htfHryds3YLLjZZxa4RTyegFfsScvGcFTQyFCcVXUVm,CCxYgbXtnLJaGtW9sp9i3WwwsS71785ZZyekyHz8DS1r,V1_NFT,1,0,0,0,0,1,1,0,H3E3wT4BGrzZjzhAUo3w9XzbEFkBARf4sCu9oKyWj2WK,BOME Drop,BMDP,0,1
9htfHryds3YLLjZZxa4RTyegFfsScvGcFTQyFCcVXUVm,C9ohubydzw9d1x3TmfuhzGHYbE9jSFPWk6v4A8JwkATX,V1_NFT,1,0,0,0,0,1,1,0,GVKwqsEC5YQZX4hG7Fdy6m7cJUi4DA3ezYx1CC9wkj34,Claim your 5000WIF,5000WIF,0,1
9htfHryds3YLLjZZxa4RTyegFfsScvGcFTQyFCcVXUVm,C6sVHiC59GAbRR49ikFmQDx1QqprE5axnrRZQux6DdiL,V1_NFT,1,0,0,0,0,0,1,0,,3000$WIF Drop DOGWIFDROP.com,DWD,0,1
9htfHryds3YLLjZZxa4RTyegFfsScvGcFTQyFCcVXUVm,C3EPmGgbPowYVpUtda8xxrp4oTFEteNtVqFv3NnBinws,V1_NFT,1,0,0,0,0,0,1,0,,JUPPI.io Rare Drops,JU,0,1
9htfHryds3YLLjZZxa4RTyegFfsScvGcFTQyFCcVXUVm,BvZJGgGmptrcj7Qm5j1ZYXWbjB2vTbPABDh6U6MmZWty,V1_NFT,1,0,0,0,0,1,1,0,DhfsDSwYNdrWqoWW3U4ujTKqerzgjEPtZ9tnAwetBYw1,4000 W Drop 4000W.io,wwW,0,1
9htfHryds3YLLjZZxa4RTyegFfsScvGcFTQyFCcVXUVm,BtcCqdYTHUJc1rvJJctJCsrjMfgkLdts8kztbYokZ9qY,V1_NFT,1,0,0,0,0,1,1,1,9pGYoB49gFnpseYbNHDq5tTbAMpf4yHbiaa8m7yMSNES,Clоud #2621,DWNO,0,1
9htfHryds3YLLjZZxa4RTyegFfsScvGcFTQyFCcVXUVm,BtR41yAHD3G8HgHSreCCd32P3hzjZxjbDEmoDbJEiWfW,V1_NFT,1,0,0,0,0,1,1,0,tRTtmttmR43qf6SuWriJDhFuX3JZVVDh3i9kt4exinF,5000Jup For You 5000Jup.com,JFYOU,0,1
9htfHryds3YLLjZZxa4RTyegFfsScvGcFTQyFCcVXUVm,BsYtb86sSQxt2eKbG3FNzBfxkXrefx8ME3qVpWpJXzr5,V1_NFT,1,0,0,0,0,0,1,0,,SAGABOX.io Community Drop,SA,0,1
9htfHryds3YLLjZZxa4RTyegFfsScvGcFTQyFCcVXUVm,BpuXZrkmcWsPXschDt6YM8QMjsjuzbARxQ1EQvnSibcj,V1_NFT,1,0,0,0,0,0,1,0,,3000$W Token Ticket,WRM,0,1
9htfHryds3YLLjZZxa4RTyegFfsScvGcFTQyFCcVXUVm,BfEQGXV4ECQAGswDuGvGKLM2Zo7YZhwfmfxBMhPyknwV,V1_NFT,1,0,0,0,0,1,1,0,Aa8LNJXUxrURhidukf21ydkf4gA6f8GCXQoRgFSpKZZU,4000$ W Drop 4000W.io,4000W,0,1
9htfHryds3YLLjZZxa4RTyegFfsScvGcFTQyFCcVXUVm,BeDX6LH2eg6E3Xc2qnqbW3XDtFsFRWAPai5SY3ogTNCM,V1_NFT,1,0,0,0,0,0,1,0,,1700$ Random Pass TAKESAGA.com,S2,0,1
9htfHryds3YLLjZZxa4RTyegFfsScvGcFTQyFCcVXUVm,Bb9rZ3LZ9p32WyhaPenyathwetUWYtBtGkUgLpD6gPKz,V1_NFT,1,0,0,0,0,1,1,0,EBiCCr9LJJsc95JcuBrGy3JF3DgbwxpqL7paTBT4HmK1,Claim Me BOME,B0MEE,0,1
9htfHryds3YLLjZZxa4RTyegFfsScvGcFTQyFCcVXUVm,BYZ9jAUziMgpRX8XVhtrnbjU7SYsbCpqQBhGPKzBg5Nc,V1_NFT,1,0,0,0,0,0,1,0,,Rare Pass,RP,0,1
9htfHryds3YLLjZZxa4RTyegFfsScvGcFTQyFCcVXUVm,BUjmVfgZxpLes4sNs2zqnosqWRTNYwu2TegnLFAhrfht,V1_NFT,1,0,0,0,0,0,1,0,,JUUPS.io Community Box,OP,0,1
3Bitp9awjSEGE1UumthfF6iogTuTkFhaLBHj3xvK7yQa,JCe4cq9bqL1238wfFjfFQ316PrS2sASKkesLYEyCpump,FungibleToken,1,0,0,6,999383307731191,0,0,0,,Minidoge,Minidoge,0,1
3Bitp9awjSEGE1UumthfF6iogTuTkFhaLBHj3xvK7yQa,JBSVUpKgYNHt4GLtNebQxTJmZgftTMWENQrziHtGpump,FungibleToken,1,0,0,6,999907716986131,0,0,0,,Swarm,Swarm,0,1
3Bitp9awjSEGE1UumthfF6iogTuTkFhaLBHj3xvK7yQa,JB9WZX6zyKbCjJnqvpaVHkwXUSwreaRhhqLnjDfbg3av,V1_NFT,1,0,0,0,0,1,1,0,Hc2vsrdknaVuSypGNyMDuzR3FN3yWVcSuFALT6j2Cq71,JupPass #311,MyNF,0,1
3Bitp9awjSEGE1UumthfF6iogTuTkFhaLBHj3xvK7yQa,J9SXKctbZVws65vjBHL91mqStzq5an1xZxdi6a4h853o,FungibleToken,1,0,0,6,999688687332116,0,0,0,,Half Orange Drinking Lemonade,HODL,0,1
3Bitp9awjSEGE1UumthfF6iogTuTkFhaLBHj3xvK7yQa,J7tYmq2JnQPvxyhcXpCDrvJnc9R5ts8rv7tgVHDPsw7U,FungibleToken,1,0,0,6,999270746521074,0,0,0,,George Droyd,FLOYDAI,0,1
3Bitp9awjSEGE1UumthfF6iogTuTkFhaLBHj3xvK7yQa,J5LugyRpwHi4TYB16UYWpDuSx6z5zsuJ7pMjU95Cpump,FungibleToken,1,0,0,6,996553229976689,0,0,0,,XENOMORPH,XENO,0,1
3Bitp9awjSEGE1UumthfF6iogTuTkFhaLBHj3xvK7yQa,J3NKxxXZcnNiMjKw9hYb2K4LUxgwB6t1FtPtQVsv3KFr,FungibleToken,1,0,0,8,9557104805086525,1,0,0,,SPX6900 (Wormhole),SPX,0,1
3Bitp9awjSEGE1UumthfF6iogTuTkFhaLBHj3xvK7yQa,J1toso1uCk3RLmjorhTtrVwY9HJ7X8V9yYac6Y7kGCPn,FungibleToken,1,0,0,9,8831592229669428,1,0,0,,Jito Staked SOL,JitoSOL,0,1
3Bitp9awjSEGE1UumthfF6iogTuTkFhaLBHj3xvK7yQa,J1Wpmugrooj1yMyQKrdZ2vwRXG5rhfx3vTnYE39gpump,FungibleToken,1,0,0,6,999452571064905,0,0,0,,would,WOULD,0,1
3Bitp9awjSEGE1UumthfF6iogTuTkFhaLBHj3xvK7yQa,Hz4CJCpZky4YD75Zs2R2nBjP5wY6tYbraaT2hVZCpump,FungibleToken,1,0,0,6,998640851403924,0,0,0,,BAKKT,BAKKT,0,1
3Bitp9awjSEGE1UumthfF6iogTuTkFhaLBHj3xvK7yQa,HwPtbFpd3VTe3tfyosoVtPf9WPuSk5gAKkN5xp6Npump,FungibleToken,1,0,0,6,999567004120565,0,0,0,,🟥🟪🟦🟩🟨🟧,🟥🟩,0,1
3Bitp9awjSEGE1UumthfF6iogTuTkFhaLBHj3xvK7yQa,HuAncxDEsakCDgZS2Yfo9xJbHmtHXMnxxkT9jqdXnHhm,FungibleToken,1,0,0,6,999296762630558,0,0,0,,Kekius Maximus,KM,0,1
3Bitp9awjSEGE1UumthfF6iogTuTkFhaLBHj3xvK7yQa,HsNx7RirehVMy54xnFtcgCBPDMrwNnJKykageqdWpump,FungibleToken,1,0,0,6,999812734343658,0,0,0,,Daige,daige,0,1
3Bitp9awjSEGE1UumthfF6iogTuTkFhaLBHj3xvK7yQa,HrqHpE4NQbSTjVtFSTm9i8omFfytggsS9UkccHWHWntx,FungibleToken,1,0,0,8,10000788274707741,1,0,0,,STFX (Wormhole),STFX,0,1
3Bitp9awjSEGE1UumthfF6iogTuTkFhaLBHj3xvK7yQa,HqTmHqe8Pr31g9fUzQPq7MQCkS1Gjt325hTJCAPipump,FungibleToken,1,0,0,6,997700467365768,0,0,0,,PRISM,PRISM,0,1
3Bitp9awjSEGE1UumthfF6iogTuTkFhaLBHj3xvK7yQa,HnSmhTGSorr8eUj5xWRbTQu2GSe2wvqx6xH3Pc2wpump,FungibleToken,1,0,0,6,995178726874024,0,0,0,,Obama + Jennifer Meme Coin,Jenama,0,1
3Bitp9awjSEGE1UumthfF6iogTuTkFhaLBHj3xvK7yQa,Hjw6bEcHtbHGpQr8onG3izfJY5DJiWdt7uk2BfdSpump,FungibleToken,1,0,0,6,998850270648181,0,0,0,,SwarmNode.ai,SNAI,0,1
3Bitp9awjSEGE1UumthfF6iogTuTkFhaLBHj3xvK7yQa,HjdE4j3rHC7YMxFMHXSgEzXoNcVU6YBCfg9Q1gTJpump,FungibleToken,1,0,0,6,998935894015704,0,0,0,,kzl,kzl,0,1
3Bitp9awjSEGE1UumthfF6iogTuTkFhaLBHj3xvK7yQa,Hj6YuSaDdxb1fYv5ZrvuEm77wqwA8E4NSrpjRfvYpump,FungibleToken,1,0,0,6,992635742730299,0,0,0,,Jingle Bags,jinglebags,0,1
3Bitp9awjSEGE1UumthfF6iogTuTkFhaLBHj3xvK7yQa,Hifbs8Vdk2rgCZNqA1twmEgWHQZhmXs4XHr9DJzspump,FungibleToken,1,0,0,6,993050161994119,0,0,0,,killy,killy,0,1
3Bitp9awjSEGE1UumthfF6iogTuTkFhaLBHj3xvK7yQa,HhJpBhRRn4g56VsyLuT8DL5Bv31HkXqsrahTTUCZeZg4,FungibleToken,1,0,0,9,999957400406670642,1,0,0,,Myro,$MYRO,0,1
3Bitp9awjSEGE1UumthfF6iogTuTkFhaLBHj3xvK7yQa,HhCLbkW6FwhriTkk81W8tYstsRCLUu6Y7Je1SQjVpump,FungibleToken,1,0,0,6,999923398091046,0,0,0,,KIKICat,KIKI,0,1
3Bitp9awjSEGE1UumthfF6iogTuTkFhaLBHj3xvK7yQa,HgBRWfYxEfvPhtqkaeymCQtHCrKE46qQ43pKe8HCpump,FungibleToken,1,0,0,6,978043125478927,0,0,0,,Bertram The Pomeranian,Bert,0,1
3Bitp9awjSEGE1UumthfF6iogTuTkFhaLBHj3xvK7yQa,HeqCcMjmuV5s25J49YiJyT6bD5qWLkP88YPajBySniaV,FungibleToken,1,0,0,5,5668817561127966430,1,0,0,,Ponk,PONK,0,1
3Bitp9awjSEGE1UumthfF6iogTuTkFhaLBHj3xvK7yQa,HeJUFDxfJSzYFUuHLxkMqCgytU31G6mjP4wKviwqpump,FungibleToken,1,0,0,6,998412056810646,0,0,0,,numogram ,GNON,0,1
3Bitp9awjSEGE1UumthfF6iogTuTkFhaLBHj3xvK7yQa,HdHqKPz3n52e6FCJREKY3MS56TagyvRxsxVYG7E4rF99,FungibleToken,1,0,0,6,842979807848561,0,0,0,,President Trump,47,0,1
3Bitp9awjSEGE1UumthfF6iogTuTkFhaLBHj3xvK7yQa,Hbrru2PKRAx3i81KKF61FbDZSxoT53sULbs91pAHHRtm,V1_NFT,1,0,0,0,0,1,1,0,Hc2vsrdknaVuSypGNyMDuzR3FN3yWVcSuFALT6j2Cq71, GIVEAWAY #1523,MyNFT,0,1
3Bitp9awjSEGE1UumthfF6iogTuTkFhaLBHj3xvK7yQa,Hax9LTgsQkze1YFychnBLtFH8gYbQKtKfWKKg2SP6gdD,FungibleToken,1,0,0,9,892174745667738505,1,0,0,8JhsXt3iCqnBnngfyadAvhTb7VD4ZHVe9vbLKaNgMxqU,TARS AI,TAI,0,1
3Bitp9awjSEGE1UumthfF6iogTuTkFhaLBHj3xvK7yQa,HaP8r3ksG76PhQLTqR8FYBeNiQpejcFbQmiHbg787Ut1,FungibleToken,1,0,0,8,260990355189540,1,0,0,,MAGA (Wormhole),TRUMP,0,1
3Bitp9awjSEGE1UumthfF6iogTuTkFhaLBHj3xvK7yQa,HZ1JovNiVvGrGNiiYvEozEVgZ58xaU3RKwX8eACQBCt3,FungibleToken,1,0,0,6,9999982263741253,1,0,0,,Pyth Network,PYTH,0,1
3Bitp9awjSEGE1UumthfF6iogTuTkFhaLBHj3xvK7yQa,HYJVpy2KRkF8L7W5cZmFQbs8HjsLvWQCPbUUSsbptaho,FungibleToken,1,0,0,9,899806221167546852,0,0,0,,VODKA CAT,VODCAT,0,1
3Bitp9awjSEGE1UumthfF6iogTuTkFhaLBHj3xvK7yQa,HUBsveNpjo5pWqNkH57QzxjQASdTVXcSK7bVKTSZtcSX,FungibleToken,1,0,0,9,6161135633799,1,0,0,,Hubra staked SOL,raSOL,0,1
3Bitp9awjSEGE1UumthfF6iogTuTkFhaLBHj3xvK7yQa,HT5ZgCuSnpB7QhTv4x4vywdkaYqTEMbgi42BbStAYmZx,V1_NFT,1,0,0,0,0,1,1,1,GTX72YpEFAPrdyhtYsrRiVJXzYY4WYAavQEnPr5jAaTm,VB-241,,0,1
3Bitp9awjSEGE1UumthfF6iogTuTkFhaLBHj3xvK7yQa,HS7Q3wFt22uaWA1S2SQNd6ft1kQcxDvPuBMmPYqANGps,FungibleToken,1,0,0,6,998976263786046,0,0,0,,Gabriel,Gabriel,0,1
3Bitp9awjSEGE1UumthfF6iogTuTkFhaLBHj3xvK7yQa,HRX9BoeaTM9keXiqSAm6HuTzuHRUqTfwixXXBXW4pump,FungibleToken,1,0,0,6,998233793930655,0,0,0,,Fob,FOB,0,1
3Bitp9awjSEGE1UumthfF6iogTuTkFhaLBHj3xvK7yQa,HPueqQjSgaSatMBKrvBvAnRmc6jnr51cPM1EjUJVpump,FungibleToken,1,0,0,6,998637885981971,0,0,0,,tobi,tobi ,0,1
3Bitp9awjSEGE1UumthfF6iogTuTkFhaLBHj3xvK7yQa,HMrpgnLWzU7pz2N5HgKQay52WdjYwR72ZdM65TUxgo5w,V1_NFT,1,0,0,0,0,1,1,0,Hc2vsrdknaVuSypGNyMDuzR3FN3yWVcSuFALT6j2Cq71,JupPass #311,MyNF,0,1
3Bitp9awjSEGE1UumthfF6iogTuTkFhaLBHj3xvK7yQa,HLptm5e6rTgh4EKgDpYFrnRHbjpkMyVdEeREEa2G7rf9,FungibleToken,1,0,0,6,9998556601683897,0,0,0,,Duko,DUKO,0,1
3Bitp9awjSEGE1UumthfF6iogTuTkFhaLBHj3xvK7yQa,HLQR9Rc7rzfiydRs5qaJGoKniu64zCNN75v5ju4HF2ap,FungibleToken,1,0,0,6,997716121796549,0,0,0,,JASON,JASON,0,1
3Bitp9awjSEGE1UumthfF6iogTuTkFhaLBHj3xvK7yQa,HKwoRk4aJAiUuLPYApX97HLKvmvUkQzfxTS3BVt3YETi,V1_NFT,1,0,0,0,0,1,1,0,Hc2vsrdknaVuSypGNyMDuzR3FN3yWVcSuFALT6j2Cq71,JupPass #311,MyNF,0,1
3Bitp9awjSEGE1UumthfF6iogTuTkFhaLBHj3xvK7yQa,HHXiCPngVuRtZpHNPvwDPcytaGENmFL3g41tWavfpump,FungibleToken,1,0,0,6,999635412389412,0,0,0,,change my mind,cmm,0,1
3Bitp9awjSEGE1UumthfF6iogTuTkFhaLBHj3xvK7yQa,HFw81sUUPBkNF5tKDanV8VCYTfVY4XbrEEPiwzyypump,FungibleToken,1,0,0,6,999879734624888,0,0,0,,Duck AI,DUCKAI,0,1
3Bitp9awjSEGE1UumthfF6iogTuTkFhaLBHj3xvK7yQa,HF1AzYLPxkmsgoDY9GLaux9ghLESHLZgvUGKMAncpump,FungibleToken,1,0,0,6,998705290854917,0,0,0,,ALilyThea.ai,ALilY,0,1
3Bitp9awjSEGE1UumthfF6iogTuTkFhaLBHj3xvK7yQa,HCgybxq5Upy8Mccihrp7EsmwwFqYZtrHrsmsKwtGXLgW,FungibleAsset,0,0,1,6,99121697093317,1,0,0,,,,0,1
3Bitp9awjSEGE1UumthfF6iogTuTkFhaLBHj3xvK7yQa,HCgvbV9Qcf9TVGPGKMGbVEj8WwwVD6HhTt5E2i3qkeN9,FungibleToken,1,0,0,6,994986631527330,1,0,0,,METAVERSE,METAV,0,1
3Bitp9awjSEGE1UumthfF6iogTuTkFhaLBHj3xvK7yQa,HBoNJ5v8g71s2boRivrHnfSB5MVPLDHHyVjruPfhGkvL,FungibleToken,1,0,0,1,4206607293043,0,0,0,,Purple Pepe,PURPE,0,1
3Bitp9awjSEGE1UumthfF6iogTuTkFhaLBHj3xvK7yQa,HBf1MQJQ7fCuib3TumRQgyLTQCTKFpTVvUZuep86AoPX,FungibleToken,1,0,0,8,96480560246356536,0,0,0,,Santa Cookie,Cookie🍪,0,1
3Bitp9awjSEGE1UumthfF6iogTuTkFhaLBHj3xvK7yQa,HAPPYwgFcjEJDzRtfWE6tiHE9zGdzpNky2FvjPHsvvGZ,FungibleToken,1,0,0,9,3332658976895862430,0,0,0,,Happy Cat,HAPPY,0,1
3Bitp9awjSEGE1UumthfF6iogTuTkFhaLBHj3xvK7yQa,H84qihes12nVQarr8rzmw87hDXUbHtFKRm5joBcbpump,FungibleToken,1,0,0,6,999503005798285,0,0,0,,Maxwell,Maxwell,0,1
3Bitp9awjSEGE1UumthfF6iogTuTkFhaLBHj3xvK7yQa,H7ed7UgcLp3ax4X1CQ5WuWDn6d1pprfMMYiv5ejwLWWU,FungibleToken,1,0,0,6,499368122965343027,1,0,0,,CHONKY,CHONKY,0,1
3Bitp9awjSEGE1UumthfF6iogTuTkFhaLBHj3xvK7yQa,H7bTHGb5Cvo5fGe5jBDNDPUv8KykQnzyZA3qZ8sH7yxw,FungibleToken,1,0,0,9,792583853513724468,1,0,0,Ep7hz9TDx428CCoDDKB1Eh8cf8LRXm3xUCVuiQbmZ9xG,GUMMY,GUMMY,0,1
3Bitp9awjSEGE1UumthfF6iogTuTkFhaLBHj3xvK7yQa,H53UGEyBrB9easo9ego8yYk7o4Zq1G5cCtkxD3E3hZav,FungibleToken,1,0,0,6,988403275639099,0,0,0,,MXM,MXM,0,1
3Bitp9awjSEGE1UumthfF6iogTuTkFhaLBHj3xvK7yQa,H4iSABxCygF5caEvqZeVY4ELqqXAUBkMhGh1z4GEpump,FungibleToken,1,0,0,6,998690388907632,0,0,0,,the greatest casino,casino,0,1
3Bitp9awjSEGE1UumthfF6iogTuTkFhaLBHj3xvK7yQa,H4RLHiehZo8cwd7KntPFApsvunmBagaWjcdHZx8YFhdp,FungibleToken,1,0,0,2,4195750146648140312,0,0,0,,DeSci AI Agent,DeSciAI,0,1
3Bitp9awjSEGE1UumthfF6iogTuTkFhaLBHj3xvK7yQa,H3a9yYPJrp8WAqkAFY8jctzPwyGyNowcEsi3rmagpump,FungibleToken,1,0,0,6,996960825071040,0,0,0,,PENGU Penguins,PENGU,0,1
3Bitp9awjSEGE1UumthfF6iogTuTkFhaLBHj3xvK7yQa,H33XL6HHDReCVRgSApZpsXM7Hy7JGyLztRJaGxjapump,FungibleToken,1,0,0,6,999267175042321,0,0,0,,dog with apple in mouth,APPLE,0,1
3Bitp9awjSEGE1UumthfF6iogTuTkFhaLBHj3xvK7yQa,H2zb37x5nyW1yeCzVn2RecQFCdt8JK9ZioxqSNsFpump,FungibleToken,1,0,0,6,998832508186146,0,0,0,,florencecel,REN,0,1
3Bitp9awjSEGE1UumthfF6iogTuTkFhaLBHj3xvK7yQa,H2mCJww6Zeu14PsCcUdPodNzty1RGy6RoUqefqrRihTT,V1_NFT,1,0,0,0,0,1,1,0,Hc2vsrdknaVuSypGNyMDuzR3FN3yWVcSuFALT6j2Cq71,JupPass #311,MyNF,0,1
3Bitp9awjSEGE1UumthfF6iogTuTkFhaLBHj3xvK7yQa,H2d8tZhmBugzAHzrLKiUrDBszJFozYTEhbY4RCoyUBHe,FungibleToken,1,0,0,6,10008112740005,1,0,0,FBo2XLWVCA4VvAbvfp2z8cqGPUUvgh6YfVsVsjqqFvjK,Corporate Audit AI,AUDIT,0,1
3Bitp9awjSEGE1UumthfF6iogTuTkFhaLBHj3xvK7yQa,H2c31USxu35MDkBrGph8pUDUnmzo2e4Rf4hnvL2Upump,FungibleToken,1,0,0,6,999973230348578,0,0,0,,Shoggoth,Shoggoth,0,1
3Bitp9awjSEGE1UumthfF6iogTuTkFhaLBHj3xvK7yQa,H1koD28XAHg2vuGp7XggehBCR4zP6r6k6EQ3MR6j3kU2,FungibleToken,1,0,0,6,999686351496201,0,0,0,,Autonomous Spores,spores,0,1
3Bitp9awjSEGE1UumthfF6iogTuTkFhaLBHj3xvK7yQa,H1NPJkh3KUJGbpjkyQD5qG1nrpFW7tHiqek5SAbMpump,FungibleToken,1,0,0,6,999659558349252,0,0,0,,Schizo Terminal,SCHIZO,0,1
3Bitp9awjSEGE1UumthfF6iogTuTkFhaLBHj3xvK7yQa,Gyg524aMB1jaNaiVsPjKs4X3Vs76SzfUrGR8pfh5pump,FungibleToken,1,0,0,6,999564426598837,0,0,0,,AGI Arena,AGI,0,1
3Bitp9awjSEGE1UumthfF6iogTuTkFhaLBHj3xvK7yQa,GyDid3W5nPxhZL9qjtcbyxhAc6f8jKGnBXbkeiRKpump,FungibleToken,1,0,0,6,998040160003187,0,0,0,,Unbounded:Lilith -- Chapter I,MOTHER,0,1
3Bitp9awjSEGE1UumthfF6iogTuTkFhaLBHj3xvK7yQa,GyAyGr3V5b6F3ahTmmPfw8vQNTBDTMXhUXiK1Vcig9N9,V1_NFT,1,0,0,0,0,1,1,1,5iqhjZBsiFuECYVrrppmQuERRuDTxbYgLhqmznVF1PEM,❗️ BOX#75,,0,1
3Bitp9awjSEGE1UumthfF6iogTuTkFhaLBHj3xvK7yQa,GxdTh6udNstGmLLk9ztBb6bkrms7oLbrJp5yzUaVpump,FungibleToken,1,0,0,6,999926889071916,0,0,0,,sci-hub,scihub,0,1
3Bitp9awjSEGE1UumthfF6iogTuTkFhaLBHj3xvK7yQa,Gvm9CvKPidoJQh2MFBU3SLjm8NYLgVRuPmetQRFtZBN4,V1_NFT,1,0,0,0,0,1,1,0,BeVVXuvvGNmFBeK1bazfc2CYdvvJ5AFi4aNv75Ah7vo8,Qualified #611,MyNF,0,1
3Bitp9awjSEGE1UumthfF6iogTuTkFhaLBHj3xvK7yQa,Gu3LDkn7Vx3bmCzLafYNKcDxv2mH7YN44NJZFXnypump,FungibleToken,1,0,0,6,999898540086346,0,0,0,,Degen Spartan AI,degenai,0,1
3Bitp9awjSEGE1UumthfF6iogTuTkFhaLBHj3xvK7yQa,GtDZKAqvMZMnti46ZewMiXCa4oXF4bZxwQPoKzXPFxZn,FungibleToken,1,0,0,9,999919557443379880,0,0,0,,nubcat,nub,0,1
3Bitp9awjSEGE1UumthfF6iogTuTkFhaLBHj3xvK7yQa,Grd1BU13kEyRaQFEW7JLBQV4TfANF2fp8Qds2ZLvJTbd,V1_NFT,1,0,1,0,0,0,1,0,,,,0,1
3Bitp9awjSEGE1UumthfF6iogTuTkFhaLBHj3xvK7yQa,Grass7B4RdKfBCjTKgSqnXkqjwiGvQyFbuSCUJr3XXjs,FungibleToken,1,0,0,9,999993238963454543,1,0,0,,Grass,GRASS,0,1
3Bitp9awjSEGE1UumthfF6iogTuTkFhaLBHj3xvK7yQa,Gq32A27BirzcohhMmEpqy4oWaRntvDwCmG6W2VHaqoKC,V1_NFT,1,0,1,0,0,0,1,0,,,,0,1
3Bitp9awjSEGE1UumthfF6iogTuTkFhaLBHj3xvK7yQa,GpLF6vGzZvn2ZPdVxP7m1LTuAndbiKrpAbnFNVSEpump,FungibleToken,1,0,0,6,997962109660289,0,0,0,,The Token That Only Goes Up,MEMECORE,0,1
3Bitp9awjSEGE1UumthfF6iogTuTkFhaLBHj3xvK7yQa,GorvUUSkJGSzJUebM5W6berUkZ5pG8nmnn7tmk74pump,FungibleToken,1,0,0,6,970399737704725,0,0,0,,Z̶A̴I̴L̶G̶O̸,ZAILGO,0,1
3Bitp9awjSEGE1UumthfF6iogTuTkFhaLBHj3xvK7yQa,GmbC2HgWpHpq9SHnmEXZNT5e1zgcU9oASDqbAkGTpump,FungibleToken,1,0,0,6,999834192728120,0,0,0,,Catana,CATANA,0,1
3Bitp9awjSEGE1UumthfF6iogTuTkFhaLBHj3xvK7yQa,GkgXjKi7FkQbJwvqWvcBN8XXmJEvC6FaXTxmiCwav961,V1_NFT,1,0,0,0,0,1,1,1,AXQPUfHW1GjD7Qt8RAfHovpYv2c9sV5SatM7SW6YyJm5,$ME BOUNTY,,0,1
3Bitp9awjSEGE1UumthfF6iogTuTkFhaLBHj3xvK7yQa,GinNabffZL4fUj9Vactxha74GDAW8kDPGaHqMtMzps2f,FungibleToken,1,0,0,6,6896914328465004226,0,0,0,GrYstZRx1bzW1bCtrGrsjXAkY6DynA8nxHgRKgHHgshB,Ginnan Doge's Sister,GINNAN,0,1
3Bitp9awjSEGE1UumthfF6iogTuTkFhaLBHj3xvK7yQa,GiG7Hr61RVm4CSUxJmgiCoySFQtdiwxtqf64MsRppump,FungibleToken,1,0,0,6,999766913639799,0,0,0,,Smoking Chicken Fish,SCF,0,1
3Bitp9awjSEGE1UumthfF6iogTuTkFhaLBHj3xvK7yQa,GhBMvChQQBPh8opRy7RwZBKhCbjvd37VGBrdwLzgqtfD,V1_NFT,1,0,1,0,0,1,1,1,PENGtENbQ3RZQsonDZxGBHJxDmHuVnCanQnq6PdwSKx,,,0,1
3Bitp9awjSEGE1UumthfF6iogTuTkFhaLBHj3xvK7yQa,Gh6cBL11RRwVYHUyoGFXdYJXhWW1HETnPriNZN71pump,FungibleToken,1,0,0,6,977874724662161,0,0,0,,Finna,Finna,0,1
3Bitp9awjSEGE1UumthfF6iogTuTkFhaLBHj3xvK7yQa,GZT8cXcv2uCvFZFi8gGiryXrTXvLZ9RYkPjRuREypump,FungibleToken,1,0,0,6,895832004638609,0,0,0,,wain,wain,0,1
3Bitp9awjSEGE1UumthfF6iogTuTkFhaLBHj3xvK7yQa,GYr4VGTpgen7g2ak6JbV7qPepn53FfPjshQE1WYbshGj,FungibleToken,1,0,0,6,99999944664155294,0,0,0,B6jydZibu4AefqRByjuMw13H5Hjytb5QNmnuNaaVVJmE,PYTHIA,MC,0,1
3Bitp9awjSEGE1UumthfF6iogTuTkFhaLBHj3xvK7yQa,GYKmdfcUmZVrqfcH1g579BGjuzSRijj3LBuwv79rpump,FungibleToken,1,0,0,6,999409422066417,0,0,0,,wrapped dog,wDOG,0,1
3Bitp9awjSEGE1UumthfF6iogTuTkFhaLBHj3xvK7yQa,GWkA9fwAtJDb8BfBAabRY3w7x4jQrboLZd9iWH1v7yuB,FungibleToken,1,0,0,9,3347380711271029074,0,0,0,C6tLtDGQwW2hKaoJg8uX5fxAG6EpyvSgbLDj5Ws5aZcA,Fuck Eth,FKETH,0,1
3Bitp9awjSEGE1UumthfF6iogTuTkFhaLBHj3xvK7yQa,GWTwp9q71eUd2n5aiSshRj7ZcX6H3RbyBrKzaCfB2Y8X,V1_NFT,1,0,0,0,0,1,1,1,ESBmx3dK6TEsCjDTjsyVPZSE9HAeBPeeKZnVz2rSyh5n,A WOLF#1618,BWDS,0,1
3Bitp9awjSEGE1UumthfF6iogTuTkFhaLBHj3xvK7yQa,GVwpWU5PtJFHS1mH35sHmsRN1XWUwRV3Qo94h5Lepump,FungibleToken,1,0,0,6,999615340894214,0,0,0,,cat girl,CATGF,0,1
3Bitp9awjSEGE1UumthfF6iogTuTkFhaLBHj3xvK7yQa,GVAYtCHn4rP92MVSwrjNH34QT7FeR5sAxHv3wAg9qvVt,V1_NFT,1,0,0,0,0,1,1,1,6L8aNRqvPpGizBfYzDEoyP2C9LkU1avfUssRM9ZidR66,Jupdrop #4,,0,1
3Bitp9awjSEGE1UumthfF6iogTuTkFhaLBHj3xvK7yQa,GTiMaW6FNPLrWNVLYk5KkLApxiHvCwbGr9KdueGypump,FungibleToken,1,0,0,6,992950476639865,0,0,0,,Bitcoin breaking $100 in 2013,isaac,0,1
3Bitp9awjSEGE1UumthfF6iogTuTkFhaLBHj3xvK7yQa,GT5qW4HA3hzfdioeTRhSQpdhcpZWZcDP3Xj5nXraTiAQ,FungibleToken,1,0,0,6,99394402826420,0,0,0,,Jiffpom,JIFF,0,1
3Bitp9awjSEGE1UumthfF6iogTuTkFhaLBHj3xvK7yQa,GSXvsGygcMcbByTnGZqBtML9Ntj373bJtNXEfRrppump,FungibleToken,1,0,0,6,970906707637697,0,0,0,,AMERICA,🇺🇸,0,1
3Bitp9awjSEGE1UumthfF6iogTuTkFhaLBHj3xvK7yQa,GRUmPYbiTpq9ZPy5LAqBMMze7kErf5dEX2i9qYfwoSmR,FungibleToken,1,0,0,9,9176914191246280350,0,0,0,,Grumpy Cat,GRUMPY,0,1
3Bitp9awjSEGE1UumthfF6iogTuTkFhaLBHj3xvK7yQa,GRJQtWwdJmp5LLpy8JWjPgn5FnLyqSJGNhn5ZnCTFUwM,FungibleToken,1,0,0,9,1181543085094,1,0,0,,Overclock SOL,clockSOL,0,1
3Bitp9awjSEGE1UumthfF6iogTuTkFhaLBHj3xvK7yQa,GRFK7sv4KhkMzJ7BXDUBy4PLyZVBeXuW1FeaT6Mnpump,FungibleToken,1,0,0,6,999643201280700,0,0,0,,Meme Coin Millionaire,RICH,0,1
3Bitp9awjSEGE1UumthfF6iogTuTkFhaLBHj3xvK7yQa,GLiB37nqnPDghvVHFS9CJ21c5BDUQxSJS3BXBWduVoPm,FungibleToken,1,0,0,5,99990942881423,1,0,0,,Chedda,Chedda,0,1
3Bitp9awjSEGE1UumthfF6iogTuTkFhaLBHj3xvK7yQa,GLPdQwGtjcynj3RLraenPeR9v1REnpdyuciPBpVipump,FungibleToken,1,0,0,6,985169768931970,0,0,0,,Scoutly AI,SCOUT,0,1
3Bitp9awjSEGE1UumthfF6iogTuTkFhaLBHj3xvK7yQa,GL4B8RGwUNeC2mnhkydHYtfdRDB36BWaTKkkNy9Lw8ET,FungibleToken,1,0,0,2,4188549556974958753,0,0,0,,dnai16z,dnai16z,0,1
3Bitp9awjSEGE1UumthfF6iogTuTkFhaLBHj3xvK7yQa,GKHgTd6tqvycgG3mqcZraSZDFR32hXhRgo6sZQtudMsC,FungibleToken,1,0,0,8,259994346817181868,1,0,0,,Sallar,ALL,0,1
3Bitp9awjSEGE1UumthfF6iogTuTkFhaLBHj3xvK7yQa,GJtJuWD9qYcCkrwMBmtY1tpapV1sKfB2zUv9Q4aqpump,FungibleToken,1,0,0,6,999244285656183,0,0,0,,Rifampicin,$RIF,0,1
3Bitp9awjSEGE1UumthfF6iogTuTkFhaLBHj3xvK7yQa,GJQpf6Zjvokd3YK5EprXqZUah9jxkn8aG4pTeWL7Gkju,FungibleToken,1,0,0,9,3999844342156724000,1,0,0,,HDOKI,OKI,0,1
3Bitp9awjSEGE1UumthfF6iogTuTkFhaLBHj3xvK7yQa,GJAFwWjJ3vnTsrQVabjBVK2TYB1YtRCQXRDfDgUnpump,FungibleToken,1,0,0,6,948241847159821,0,0,0,,Act I : The AI Prophecy,ACT,0,1
HbtSzZgPZJabqWgXV9t7S4n6RwkmFuUDze1tQYX22oAP,J1ptzVTo9S1mjC8XDHisbfB2TNAqdzd665aYJ8RRusTa,V1_NFT,1,0,0,0,0,1,1,0,9fqdPWz2ynV9aNtkYXtL49hbhzU4mB7wWzjvUVidrdep,JUP Third round Drop,JUP,0,1
HbtSzZgPZJabqWgXV9t7S4n6RwkmFuUDze1tQYX22oAP,HuYh5iYZmK2MZybEdAobEHnhqN7RGjcWQGsj77NjCkvq,V1_NFT,1,0,0,0,0,1,1,0,8gmdd3hMsM9h4Wc4ZkvQSfsjaZwGCUCkwwRYiJaYczKb,Claim YOU BOME,YBOME,0,1
HbtSzZgPZJabqWgXV9t7S4n6RwkmFuUDze1tQYX22oAP,HjSQhL6EG3ZPswpZZi6unYoYH3eAWWczPnxk8P9n9dZ3,V1_NFT,1,0,0,0,0,1,1,1,9pGYoB49gFnpseYbNHDq5tTbAMpf4yHbiaa8m7yMSNES,Clоud #927,DWNO,0,1
HbtSzZgPZJabqWgXV9t7S4n6RwkmFuUDze1tQYX22oAP,Hbd1HmV87uHa6zDLGWKaSm7ECG16Q5rWMjj462soRTUi,V1_NFT,1,0,0,0,0,1,1,1,9pGYoB49gFnpseYbNHDq5tTbAMpf4yHbiaa8m7yMSNES,Slerf #1125,SLRF,0,1
HbtSzZgPZJabqWgXV9t7S4n6RwkmFuUDze1tQYX22oAP,H7y4v2d2XT9pjPMdJDsqW4jidu24WXQ46VQn7VCWzQ7V,V1_NFT,1,0,0,0,0,1,1,0,34hfBhAFo5XvLRYQygMqDkg6ab6djiL4rNgbuHw2GBKN,Claim your 5000WIF,5000WIF,0,1
HbtSzZgPZJabqWgXV9t7S4n6RwkmFuUDze1tQYX22oAP,GrparG79B2MmjnJdDMsbzSjPNciNpCtibXkeTVGJ84Hq,V1_NFT,1,0,0,0,0,1,1,1,9pGYoB49gFnpseYbNHDq5tTbAMpf4yHbiaa8m7yMSNES,Clоud #1911,DWNO,0,1
HbtSzZgPZJabqWgXV9t7S4n6RwkmFuUDze1tQYX22oAP,GjgvjB7WuKGFLzjriXpNSRokeePdA7bLUZNJN38mCV9W,V1_NFT,1,0,0,0,0,1,1,1,9pGYoB49gFnpseYbNHDq5tTbAMpf4yHbiaa8m7yMSNES,Clоud #1901,DWNO,0,1
HbtSzZgPZJabqWgXV9t7S4n6RwkmFuUDze1tQYX22oAP,FyXNCSGfvYuXynzUMsMRTUWAcu1cporGp7ZM9W76cYdG,V1_NFT,1,0,0,0,0,1,1,1,BKLvgHVafaiH4aQVbk1rbBdDSmD5AaKUz3v3FBw2PK4F,Cloud #960,DWNO,0,1
HbtSzZgPZJabqWgXV9t7S4n6RwkmFuUDze1tQYX22oAP,FnCdgxccxWWFZMzHmfCZLkLSxkDtgrMjMA4vpwXadKx1,V1_NFT,1,0,0,0,0,1,1,1,9pGYoB49gFnpseYbNHDq5tTbAMpf4yHbiaa8m7yMSNES,Clоud #1848,DWNO,0,1
HbtSzZgPZJabqWgXV9t7S4n6RwkmFuUDze1tQYX22oAP,FgryEPRdRdX2NmAYR8x7q7W9R3FrKfaqBpLCazS8NNxv,V1_NFT,1,0,0,0,0,1,1,1,36tfiBtaDGjAMKd6smPacHQhe4MXycLL6f9ww9CD1naT,Mаgic #763,DWNO,0,1
HbtSzZgPZJabqWgXV9t7S4n6RwkmFuUDze1tQYX22oAP,FULDorTjjDEo7GZUscWwG3cvEN8rDRX4TnNBXyxVHp6f,V1_NFT,1,0,0,0,0,1,1,0,8gmdd3hMsM9h4Wc4ZkvQSfsjaZwGCUCkwwRYiJaYczKb,Claim You BOME,YBOME,0,1
HbtSzZgPZJabqWgXV9t7S4n6RwkmFuUDze1tQYX22oAP,F5h5fU5yLo8FiqApeyoPVhjg57YHgrfwjS7Sq3kj8EXb,V1_NFT,1,0,0,0,0,1,1,1,2RtGg6fsFiiF1EQzHqbd66AhW7R5bWeQGpTbv2UMkCdW,A WОLF #2212,CLD,0,1
HbtSzZgPZJabqWgXV9t7S4n6RwkmFuUDze1tQYX22oAP,EuXfDA4KUfCEBx7MbygjCjSStLDrmJKpvkLLRQXPqtnt,V1_NFT,1,0,0,0,0,1,1,0,8gmdd3hMsM9h4Wc4ZkvQSfsjaZwGCUCkwwRYiJaYczKb,Claim You BOME,YBOME,0,1
HbtSzZgPZJabqWgXV9t7S4n6RwkmFuUDze1tQYX22oAP,EmZG4SP91TNi2dq7fWsij6hj7q6vUUckaRKzi5MUwJXT,V1_NFT,1,0,0,0,0,1,1,1,9pGYoB49gFnpseYbNHDq5tTbAMpf4yHbiaa8m7yMSNES,Slеrf #2953,DWNO,0,1
HbtSzZgPZJabqWgXV9t7S4n6RwkmFuUDze1tQYX22oAP,Ed86t6rLLoK2eSRmAobye6gcA6J4Vrb86Jj6JEEawyhU,V1_NFT,1,0,0,0,0,1,1,0,Anp6DnmE4JbyW7uxn6bt8ESXxgco82bmY1crwvrb1TJf,Claim You BOME,YBOME,0,1
HbtSzZgPZJabqWgXV9t7S4n6RwkmFuUDze1tQYX22oAP,ELmu6cGjs8SPAkeFgZViPbVuHGZ4BHnVpb95pMLAVRoK,V1_NFT,1,0,0,0,0,1,1,1,9pGYoB49gFnpseYbNHDq5tTbAMpf4yHbiaa8m7yMSNES,Slеrf #1993,DWNO,0,1
HbtSzZgPZJabqWgXV9t7S4n6RwkmFuUDze1tQYX22oAP,EJhDYQCbPHpF5oqD89brkLFjM1adH8cJKhZkti6QB4gf,V1_NFT,1,0,0,0,0,1,1,0,8gmdd3hMsM9h4Wc4ZkvQSfsjaZwGCUCkwwRYiJaYczKb,Claim YOU BOME,YBOME,0,1
HbtSzZgPZJabqWgXV9t7S4n6RwkmFuUDze1tQYX22oAP,E941h4bqCwnRDQNwhES17WghPDB9phnTSDmQaXqkjcrT,V1_NFT,1,0,0,0,0,1,1,1,7igbU6EsyjtqryUispbReSnbkZVXTDskQmsFPyh38u6E,sanctumdrop.com,SNCTMA,0,1
HbtSzZgPZJabqWgXV9t7S4n6RwkmFuUDze1tQYX22oAP,DyGn4Kt9AUGWfzM5jUGUrZ11RxdMsWW2NmYN5JfVnkon,V1_NFT,1,0,0,0,0,1,1,1,9pGYoB49gFnpseYbNHDq5tTbAMpf4yHbiaa8m7yMSNES,Slеrf #758,DWNO,0,1
HbtSzZgPZJabqWgXV9t7S4n6RwkmFuUDze1tQYX22oAP,DkdH5j6EgeL41Ewfvu3LrcqM6rkmSWjPfdBRD2xqR9jz,V1_NFT,1,0,0,0,0,1,1,0,9fqdPWz2ynV9aNtkYXtL49hbhzU4mB7wWzjvUVidrdep,JUP Third round Drop,JUP,0,1
HbtSzZgPZJabqWgXV9t7S4n6RwkmFuUDze1tQYX22oAP,DaB4YJHoFNEmhC9k3xu2ocyZGFgj2TYL773MzZUBFc1n,V1_NFT,1,0,0,0,0,1,1,1,9pGYoB49gFnpseYbNHDq5tTbAMpf4yHbiaa8m7yMSNES,Clоud #316,DWNO,0,1
HbtSzZgPZJabqWgXV9t7S4n6RwkmFuUDze1tQYX22oAP,DZyLMXyCssMbxqzvEu7S5usGMcHmyYGFmVNs2dgrr9uM,V1_NFT,1,0,0,0,0,1,1,0,5SRKn5uqRjLpMJ3j21zR4v2aXFcNUyECmwDvoAUVWCPP,Claim Me BOME,YOUBOME,0,1
HbtSzZgPZJabqWgXV9t7S4n6RwkmFuUDze1tQYX22oAP,DMxqHxcP1GT4861Fz3xM46iffCSU31T1HtKrzwRtbtXV,V1_NFT,1,0,0,0,0,1,1,0,GVKwqsEC5YQZX4hG7Fdy6m7cJUi4DA3ezYx1CC9wkj34,Claim your 5000WIF,5000WIF,0,1
HbtSzZgPZJabqWgXV9t7S4n6RwkmFuUDze1tQYX22oAP,DLx1LMryw2Dw5cpWpTiLXwRnLfnfwdNYfdh8AVwsx1jB,V1_NFT,1,0,0,0,0,1,1,1,GDMm3PDx6ZMY5gUUKuSAGeVpWw4YL22ZxRaPMDVSrNUv,Clоud #2608,DWNO,0,1
HbtSzZgPZJabqWgXV9t7S4n6RwkmFuUDze1tQYX22oAP,DG8szmdy2C6oxhvPp5mpJbZfv5GT8kjoHnaGQYiGLxHB,V1_NFT,1,0,0,0,0,1,1,0,GVKwqsEC5YQZX4hG7Fdy6m7cJUi4DA3ezYx1CC9wkj34,Claim your 5000WIF,5000WIF,0,1
HbtSzZgPZJabqWgXV9t7S4n6RwkmFuUDze1tQYX22oAP,CwipunjagXa3ayx3ZVZgTYhkZrP4HCoH9xZE3dHTxh5d,V1_NFT,1,0,0,0,0,1,1,1,GDMm3PDx6ZMY5gUUKuSAGeVpWw4YL22ZxRaPMDVSrNUv,Clоud #1117,DWNO,0,1
HbtSzZgPZJabqWgXV9t7S4n6RwkmFuUDze1tQYX22oAP,CZSSCvLPuofc9DwcpXGDJcTgXDZUHQVDCcHHZJsmaJWk,V1_NFT,1,0,0,0,0,1,1,1,9pGYoB49gFnpseYbNHDq5tTbAMpf4yHbiaa8m7yMSNES,Slеrf #2500,DWNO,0,1
HbtSzZgPZJabqWgXV9t7S4n6RwkmFuUDze1tQYX22oAP,CXQZD25pJm3fqS98Zk9DM3eyxij4rnmuLnyHCVUKmuLE,V1_NFT,1,0,0,0,0,1,1,0,J6X53wKfbJZCGXpBWsEghkK7fN8qtAx6DLgFAiPnHbUF,Claim your 5000WIF,5000WIF,0,1
HbtSzZgPZJabqWgXV9t7S4n6RwkmFuUDze1tQYX22oAP,CPLTY4QVX7aZ1iH1wmhFSU88ecrrqPUzhouAquCiUPQc,V1_NFT,1,0,0,0,0,1,1,0,Anp6DnmE4JbyW7uxn6bt8ESXxgco82bmY1crwvrb1TJf,Claim You BOME,YBOME,0,1
HbtSzZgPZJabqWgXV9t7S4n6RwkmFuUDze1tQYX22oAP,CLzSsPy26pZFG6uHBjs9Me46KgrVq72LhfFPYbNkuWjb,V1_NFT,1,0,0,0,0,1,1,1,AuV8qcAQVnCJr6yU9go6X1VR3MAQZuiDRRS7twhq1qAU,AWOLF,OIJFD,0,1
HbtSzZgPZJabqWgXV9t7S4n6RwkmFuUDze1tQYX22oAP,BzL41QN6qFsELcLQvHizskvuH2PdbaA9L1UxsJxNg6DB,V1_NFT,1,0,0,0,0,1,1,1,9pGYoB49gFnpseYbNHDq5tTbAMpf4yHbiaa8m7yMSNES,Clоud #1311,DWNO,0,1
HbtSzZgPZJabqWgXV9t7S4n6RwkmFuUDze1tQYX22oAP,BeVdEWADFk9dN6Sbm8TmUZJwAAEpsGynHEZZju3BfmTq,V1_NFT,1,0,0,0,0,1,1,1,9pGYoB49gFnpseYbNHDq5tTbAMpf4yHbiaa8m7yMSNES,Slеrf #2517,DWNO,0,1
HbtSzZgPZJabqWgXV9t7S4n6RwkmFuUDze1tQYX22oAP,Baqj1t4qdiLrAbsM9UXFJtSMfkFcnPwr9krH8ERH79Ut,V1_NFT,1,0,0,0,0,1,1,0,DfDWeDCrK3rFJWzkwGvoaGQKwHStePhuwBbPVYRABDrh,JUP Third round Drop,JUP,0,1
HbtSzZgPZJabqWgXV9t7S4n6RwkmFuUDze1tQYX22oAP,BH6qpdU7bQ7t6c2aidcoq5uCUSDthxdoA1UY7mM43ckK,V1_NFT,1,0,0,0,0,1,1,1,9pGYoB49gFnpseYbNHDq5tTbAMpf4yHbiaa8m7yMSNES,Clоud #108,DWNO,0,1
HbtSzZgPZJabqWgXV9t7S4n6RwkmFuUDze1tQYX22oAP,BFEDJVUY74rjaY166iSwozAV9AG4YgqTuTLpHfNcwqHN,V1_NFT,1,0,0,0,0,1,1,0,3b4eagzSJ9PeodNe641AKYcNaGYk5Bp8SNzzwf6YsnVc,Claim You BOME,YBOME,0,1
HbtSzZgPZJabqWgXV9t7S4n6RwkmFuUDze1tQYX22oAP,BASBLSAh4pT1Mh371FKM7pM5mX15Evo7ms6LoXYiB3qv,V1_NFT,1,0,0,0,0,1,1,0,7rnXvkYRsGNHK3GWay37j6F48stDp1Jnks44NETU99vp,Third round Drop,3TRD,0,1
HbtSzZgPZJabqWgXV9t7S4n6RwkmFuUDze1tQYX22oAP,B9zeF2hoo2ksY6tg3Z9fiznBbppJPWf3u5RXVqHcx9w5,V1_NFT,1,0,0,0,0,1,1,1,9pGYoB49gFnpseYbNHDq5tTbAMpf4yHbiaa8m7yMSNES,Clоud #915,DWNO,0,1
HbtSzZgPZJabqWgXV9t7S4n6RwkmFuUDze1tQYX22oAP,AztiWx6uRyzeR6xZPZii5hkzAm79UQ7mWARtcAJz6kUx,V1_NFT,1,0,0,0,0,1,1,1,AxFuniPo7RaDgPH6Gizf4GZmLQFc4M5ipckeeZfkrPNn,Clоud #161,DWNO,0,1
HbtSzZgPZJabqWgXV9t7S4n6RwkmFuUDze1tQYX22oAP,AtTrQ9GmZ7b2a1E3iWFfXT6PsjC6MwZGSRu4rFfrzwGi,V1_NFT,1,0,0,0,0,1,1,0,BGA8rBQYhN5KxQvfY7TsTzki8GtCni9VGANsVbEiQ7tG,JUP Third round Drop,JUP,0,1
HbtSzZgPZJabqWgXV9t7S4n6RwkmFuUDze1tQYX22oAP,Aki2FhnB7B78ZzTReGZUGrN9TuXBqmZ7mTmo5W1GoNhy,V1_NFT,1,0,0,0,0,1,1,1,9pGYoB49gFnpseYbNHDq5tTbAMpf4yHbiaa8m7yMSNES,Clоud #2579,DWNO,0,1
HbtSzZgPZJabqWgXV9t7S4n6RwkmFuUDze1tQYX22oAP,AW2GatwEnQFKgoWjdyNqH38Erc2wuTkXGgTtnF1n9zdv,V1_NFT,1,0,0,0,0,1,1,1,HAryckvjyViFQEmhmMoCtqqBMJnpXEYViamyDhZUJfnG,Slеrf #868,DWNO,0,1
HbtSzZgPZJabqWgXV9t7S4n6RwkmFuUDze1tQYX22oAP,AQPfnWQjjKxudr5hKJRRpAGC7mze1vJyxeQjSt1fHzWb,V1_NFT,1,0,0,0,0,1,1,0,34hfBhAFo5XvLRYQygMqDkg6ab6djiL4rNgbuHw2GBKN,Claim your 5000WIF,5000WIF,0,1
HbtSzZgPZJabqWgXV9t7S4n6RwkmFuUDze1tQYX22oAP,AQBx7L6NnYiVvetgwXDGugPGCzpaPPwcgS7kG6mfbcpu,V1_NFT,1,0,0,0,0,1,1,0,34hfBhAFo5XvLRYQygMqDkg6ab6djiL4rNgbuHw2GBKN,Claim your 5000WIF,5000WIF,0,1
HbtSzZgPZJabqWgXV9t7S4n6RwkmFuUDze1tQYX22oAP,AHmX8sTMyvaAKGUFgVssP241DRUmmejoEZj4KcDHNtAz,V1_NFT,1,0,0,0,0,1,1,0,3b4eagzSJ9PeodNe641AKYcNaGYk5Bp8SNzzwf6YsnVc,Claim You BOME,YBOME,0,1
HbtSzZgPZJabqWgXV9t7S4n6RwkmFuUDze1tQYX22oAP,9pHhtd47obyL4R94KNrEZAk4vgigonL6jm4wTVHCmvJz,V1_NFT,1,0,0,0,0,1,1,1,9pGYoB49gFnpseYbNHDq5tTbAMpf4yHbiaa8m7yMSNES,Slеrf #2954,DWNO,0,1
HbtSzZgPZJabqWgXV9t7S4n6RwkmFuUDze1tQYX22oAP,9QJ6HmuVAvp43L2VdmX4yVd8epVjCTUyrzzEHS1SnXCm,V1_NFT,1,0,0,0,0,1,1,1,9pGYoB49gFnpseYbNHDq5tTbAMpf4yHbiaa8m7yMSNES,Clоud #1091,DWNO,0,1
HbtSzZgPZJabqWgXV9t7S4n6RwkmFuUDze1tQYX22oAP,9MD34JRQnqqn12DLt6h3PB2FXGHXERHuCoZ1JkBY1vSJ,V1_NFT,1,0,0,0,0,1,1,1,9pGYoB49gFnpseYbNHDq5tTbAMpf4yHbiaa8m7yMSNES,Clоud #651,DWNO,0,1
HbtSzZgPZJabqWgXV9t7S4n6RwkmFuUDze1tQYX22oAP,8hGoof8Qy2MqqD9nXm6hWuMUmwfyEowQkvAabqW2BXSh,V1_NFT,1,0,0,0,0,1,1,0,8gmdd3hMsM9h4Wc4ZkvQSfsjaZwGCUCkwwRYiJaYczKb,Claim You BOME,YBOME,0,1
HbtSzZgPZJabqWgXV9t7S4n6RwkmFuUDze1tQYX22oAP,8Zy9DiUCg4KJ1gKWqBURQVvML6XJXwimC2Y7wM2tLC4i,V1_NFT,1,0,0,0,0,1,1,1,2RtGg6fsFiiF1EQzHqbd66AhW7R5bWeQGpTbv2UMkCdW,Bоnkеr #1388,CLD,0,1
HbtSzZgPZJabqWgXV9t7S4n6RwkmFuUDze1tQYX22oAP,8XNTkYg84xf8G7gkNPQMvMotFHEgmU6V1e3zyVPkGUzm,V1_NFT,1,0,0,0,0,1,1,0,DfDWeDCrK3rFJWzkwGvoaGQKwHStePhuwBbPVYRABDrh,JUP Third round Drop,JUP,0,1
HbtSzZgPZJabqWgXV9t7S4n6RwkmFuUDze1tQYX22oAP,8WAsCQBZKqqWCDbBZLmTP47jb7HTZjY9MakDHvPQA2ce,V1_NFT,1,0,0,0,0,1,1,1,9pGYoB49gFnpseYbNHDq5tTbAMpf4yHbiaa8m7yMSNES,Clоud #1539,DWNO,0,1
HbtSzZgPZJabqWgXV9t7S4n6RwkmFuUDze1tQYX22oAP,8MkP8PSQAVW4PvZoWWA3JNShLRa5K6LNbnfAgJHfuX53,V1_NFT,1,0,0,0,0,1,1,1,9pGYoB49gFnpseYbNHDq5tTbAMpf4yHbiaa8m7yMSNES,Clоud #987,DWNO,0,1
HbtSzZgPZJabqWgXV9t7S4n6RwkmFuUDze1tQYX22oAP,87dQRsJYDAfAiWZybcSV7DjMdBuAPuSs7qCGguVrJT7t,V1_NFT,1,0,0,0,0,1,1,0,BGA8rBQYhN5KxQvfY7TsTzki8GtCni9VGANsVbEiQ7tG,JUP Third round Drop,JUP,0,1
HbtSzZgPZJabqWgXV9t7S4n6RwkmFuUDze1tQYX22oAP,854RNTpXaVbeKLSg1i59M25odHhAzjJzpodyxEQpwaig,V1_NFT,1,0,0,0,0,1,1,1,2RtGg6fsFiiF1EQzHqbd66AhW7R5bWeQGpTbv2UMkCdW,A WОLF #1709,CLD,0,1
HbtSzZgPZJabqWgXV9t7S4n6RwkmFuUDze1tQYX22oAP,84k4noKBmu6asYKEgUkaj2MgbyPuPSwP2A3hgYpb6ALK,V1_NFT,1,0,0,0,0,1,1,0,J6X53wKfbJZCGXpBWsEghkK7fN8qtAx6DLgFAiPnHbUF,Claim your 5000WIF,5000WIF,0,1
HbtSzZgPZJabqWgXV9t7S4n6RwkmFuUDze1tQYX22oAP,7tmtoW4dPcEkNpzpcHjfpV7SUz3Pdw2NgWYpCfTxusos,V1_NFT,1,0,0,0,0,1,1,1,9pGYoB49gFnpseYbNHDq5tTbAMpf4yHbiaa8m7yMSNES,Slеrf #2656,DWNO,0,1
HbtSzZgPZJabqWgXV9t7S4n6RwkmFuUDze1tQYX22oAP,7tPxVizB38oVhwfqevcHjaLuZmkxsh3v3ZK9uEs5CgvV,V1_NFT,1,0,0,0,0,1,1,1,9pGYoB49gFnpseYbNHDq5tTbAMpf4yHbiaa8m7yMSNES,Slеrf #1455,DWNO,0,1
HbtSzZgPZJabqWgXV9t7S4n6RwkmFuUDze1tQYX22oAP,7mq7FHcpYV15ASVgtXA7GE4Ect7tGe6wbVwiFDkXFMHz,V1_NFT,1,0,0,0,0,1,1,0,DfDWeDCrK3rFJWzkwGvoaGQKwHStePhuwBbPVYRABDrh,JUP Third round Drop,JUP,0,1
HbtSzZgPZJabqWgXV9t7S4n6RwkmFuUDze1tQYX22oAP,7NtV2YNLZN3R2GQLYCozsJiWK3enwjYghKMmjfqgaTJS,V1_NFT,1,0,0,0,0,1,1,0,9fqdPWz2ynV9aNtkYXtL49hbhzU4mB7wWzjvUVidrdep,JUP Third round Drop,JUP,0,1
HbtSzZgPZJabqWgXV9t7S4n6RwkmFuUDze1tQYX22oAP,6i43yz8pyvNqN1d5LvEmdkC5BGvwSJ7EX2JGTpcyZrY8,V1_NFT,1,0,0,0,0,1,1,0,BGA8rBQYhN5KxQvfY7TsTzki8GtCni9VGANsVbEiQ7tG,JUP Third round Drop,JUP,0,1
HbtSzZgPZJabqWgXV9t7S4n6RwkmFuUDze1tQYX22oAP,6doBwbBSd1bnZC3jUTxikAaKXxMfMrDmJ7WgKqRRd1F3,V1_NFT,1,0,0,0,0,1,1,0,8gmdd3hMsM9h4Wc4ZkvQSfsjaZwGCUCkwwRYiJaYczKb,Claim You BOME,YBOME,0,1
HbtSzZgPZJabqWgXV9t7S4n6RwkmFuUDze1tQYX22oAP,6aCXCH2Yiarehcg6GHqDi72Y2S9Fir2rHPiX7BS6M6qd,V1_NFT,1,0,0,0,0,1,1,0,Anp6DnmE4JbyW7uxn6bt8ESXxgco82bmY1crwvrb1TJf,Claim You BOME,YBOME,0,1
HbtSzZgPZJabqWgXV9t7S4n6RwkmFuUDze1tQYX22oAP,6VeDV21BE4hdgeCMu6y5DFZPcSGFKqKkSaZfk2rFtgZL,V1_NFT,1,0,0,0,0,1,1,1,9pGYoB49gFnpseYbNHDq5tTbAMpf4yHbiaa8m7yMSNES,Clоud #1337,DWNO,0,1
HbtSzZgPZJabqWgXV9t7S4n6RwkmFuUDze1tQYX22oAP,6RLDoVf6cL1oCaSUpcdZuddkEdX7ZDuz8GAMmFbeQAfW,V1_NFT,1,0,0,0,0,1,1,1,9pGYoB49gFnpseYbNHDq5tTbAMpf4yHbiaa8m7yMSNES,Clоud #2372,DWNO,0,1
HbtSzZgPZJabqWgXV9t7S4n6RwkmFuUDze1tQYX22oAP,6Bfq1FN3wnchLy2UYqSTSgqHjVJnkZz9LgthQMF3F7fV,V1_NFT,1,0,0,0,0,1,1,0,Anp6DnmE4JbyW7uxn6bt8ESXxgco82bmY1crwvrb1TJf,Claim You BOME,YBOME,0,1
HbtSzZgPZJabqWgXV9t7S4n6RwkmFuUDze1tQYX22oAP,5iaetEj62p3xp7tb2nT7gYDrQUrTcnssEuP9TwmYAdyv,V1_NFT,1,0,0,0,0,1,1,1,9pGYoB49gFnpseYbNHDq5tTbAMpf4yHbiaa8m7yMSNES,Clоud #610,DWNO,0,1
HbtSzZgPZJabqWgXV9t7S4n6RwkmFuUDze1tQYX22oAP,5fT9WZGLKnegv4yBWvc3vBVpgCakcUfenUoCg54brwkD,V1_NFT,1,0,0,0,0,1,1,1,9pGYoB49gFnpseYbNHDq5tTbAMpf4yHbiaa8m7yMSNES,Clоud #2309,DWNO,0,1
HbtSzZgPZJabqWgXV9t7S4n6RwkmFuUDze1tQYX22oAP,5ZdvtRqCrCfz8YTkj8XWQn1ZXyFYnN91hBFUPagRPwTj,V1_NFT,1,0,0,0,0,1,1,1,GCJzx2GsDaKmxt7dLiMFRVidmP6JoFRXgRZnF5f39pJF,A WOLFS #885,BWDS,0,1
HbtSzZgPZJabqWgXV9t7S4n6RwkmFuUDze1tQYX22oAP,5X6YrqWihhF4SUwmrpxTQfRQP1BueAzxm6i9BN1bVqAM,V1_NFT,1,0,0,0,0,1,1,0,GVKwqsEC5YQZX4hG7Fdy6m7cJUi4DA3ezYx1CC9wkj34,Claim your 5000WIF,5000WIF,0,1
HbtSzZgPZJabqWgXV9t7S4n6RwkmFuUDze1tQYX22oAP,4qKzShBaJejGRXdSFnbj2eE4wGRVMVZ2Hmahb4DScKEX,V1_NFT,1,0,0,0,0,1,1,1,9pGYoB49gFnpseYbNHDq5tTbAMpf4yHbiaa8m7yMSNES,Clоud #996,DWNO,0,1
HbtSzZgPZJabqWgXV9t7S4n6RwkmFuUDze1tQYX22oAP,4bbJRP8ANrWXGDKgLjLUvJ1uAG3NN1VYN2Ks9r1NrMam,FungibleToken,0,0,0,9,8974639517895507835,1,0,0,,PookiMoon,POOKI,0,1
HbtSzZgPZJabqWgXV9t7S4n6RwkmFuUDze1tQYX22oAP,4Yz7GMaWn9GrHFyv9paxckfuDcszN6Z4AETSMDXwjp8N,V1_NFT,1,0,0,0,0,1,1,1,AuV8qcAQVnCJr6yU9go6X1VR3MAQZuiDRRS7twhq1qAU,AWOLF,OGTAG,0,1
HbtSzZgPZJabqWgXV9t7S4n6RwkmFuUDze1tQYX22oAP,4MsFKvRJL1ibMfrxRKs8GgtaZg7PgGhCJ4dbeAJ8gSn6,V1_NFT,1,0,0,0,0,1,1,0,GVKwqsEC5YQZX4hG7Fdy6m7cJUi4DA3ezYx1CC9wkj34,Claim your 5000WIF,5000WIF,0,1
HbtSzZgPZJabqWgXV9t7S4n6RwkmFuUDze1tQYX22oAP,4ACUTEGXP8SedtdMU45chhkdXJWZed1LEvJauTqmLGux,V1_NFT,1,0,0,0,0,1,1,1,9pGYoB49gFnpseYbNHDq5tTbAMpf4yHbiaa8m7yMSNES,Slеrf #483,DWNO,0,1
HbtSzZgPZJabqWgXV9t7S4n6RwkmFuUDze1tQYX22oAP,45pM9tv7izCvpdPo4XvmXWXZGiDupCRz857EFizzhYY4,V1_NFT,1,0,0,0,0,1,1,0,8gmdd3hMsM9h4Wc4ZkvQSfsjaZwGCUCkwwRYiJaYczKb,Claim You BOME,YBOME,0,1
HbtSzZgPZJabqWgXV9t7S4n6RwkmFuUDze1tQYX22oAP,448nTL2zqD26Bc6MNvsQmfqQ7nvruiJBNtb93P9FGNQV,V1_NFT,1,0,0,0,0,1,1,0,BGA8rBQYhN5KxQvfY7TsTzki8GtCni9VGANsVbEiQ7tG,JUP Third round Drop,JUP,0,1
HbtSzZgPZJabqWgXV9t7S4n6RwkmFuUDze1tQYX22oAP,3tb6PDA1SHtSyboMU7hL1ox9Yim3GBJvaFb9p5s9122v,V1_NFT,1,0,0,0,0,1,1,1,9pGYoB49gFnpseYbNHDq5tTbAMpf4yHbiaa8m7yMSNES,Clоuds #746,CLD,0,1
HbtSzZgPZJabqWgXV9t7S4n6RwkmFuUDze1tQYX22oAP,3YXumSLXfYnE6BUv6Dj3FgLDekbrRinJ158fCTzwRgkv,V1_NFT,1,0,0,0,0,1,1,1,FwSbBiWbXBgVvRvZ4FqXQ6qAxmTZaWRNabuH9j6n1Jie,AWOLF,PIXEL,0,1
HbtSzZgPZJabqWgXV9t7S4n6RwkmFuUDze1tQYX22oAP,3SJzodkhAje4Yg1qe3QtxGshzKG6bRp8dxumKGD5CdiK,V1_NFT,1,0,0,0,0,1,1,1,9pGYoB49gFnpseYbNHDq5tTbAMpf4yHbiaa8m7yMSNES,Clоud #145,DWNO,0,1
HbtSzZgPZJabqWgXV9t7S4n6RwkmFuUDze1tQYX22oAP,3SHTZHoVQphxjhEfAUhBAdTd9qNyhLduUQLmVy8TwPTr,V1_NFT,1,0,0,0,0,1,1,0,7rnXvkYRsGNHK3GWay37j6F48stDp1Jnks44NETU99vp,Third round Drop,3TRD,0,1
HbtSzZgPZJabqWgXV9t7S4n6RwkmFuUDze1tQYX22oAP,3S89fjdHGd6R3rpAwJRwvt5WYjyVwRP88PQhuoYrzmv2,V1_NFT,1,0,0,0,0,1,1,1,2RtGg6fsFiiF1EQzHqbd66AhW7R5bWeQGpTbv2UMkCdW,Slеrf #2783,CLD,0,1
HbtSzZgPZJabqWgXV9t7S4n6RwkmFuUDze1tQYX22oAP,3NMveMEo7AiWwpozvACFHi6yrmD32EW8bvSSra2TErfj,V1_NFT,1,0,0,0,0,1,1,1,9pGYoB49gFnpseYbNHDq5tTbAMpf4yHbiaa8m7yMSNES,A WОLF #447,CLD,0,1
HbtSzZgPZJabqWgXV9t7S4n6RwkmFuUDze1tQYX22oAP,3MBxgjSFyvLq5RFjeV4gJUF1WJe3agxZ3w6rLBD1UhB4,V1_NFT,1,0,0,0,0,1,1,1,9pGYoB49gFnpseYbNHDq5tTbAMpf4yHbiaa8m7yMSNES,Clоud #2062,DWNO,0,1
HbtSzZgPZJabqWgXV9t7S4n6RwkmFuUDze1tQYX22oAP,3KbsZoVoBqxQJf1x2tAJHTEkFosJvQAb2TiMvRwEukCH,V1_NFT,1,0,0,0,0,1,1,1,9pGYoB49gFnpseYbNHDq5tTbAMpf4yHbiaa8m7yMSNES,Sаnctum #2172,CLD,0,1
HbtSzZgPZJabqWgXV9t7S4n6RwkmFuUDze1tQYX22oAP,34aYUaF38ab3qmHoQ4Q11EqMvDmEfkEMK8RhPWitT73V,V1_NFT,1,0,0,0,0,1,1,1,9pGYoB49gFnpseYbNHDq5tTbAMpf4yHbiaa8m7yMSNES,Clоud #2371,DWNO,0,1
HbtSzZgPZJabqWgXV9t7S4n6RwkmFuUDze1tQYX22oAP,2PzE66PworRj9HSenA1FxmoDYd7FTBcZdCkBvLDN5EJQ,V1_NFT,1,0,0,0,0,1,1,0,GVKwqsEC5YQZX4hG7Fdy6m7cJUi4DA3ezYx1CC9wkj34,Claim your 5000WIF,5000WIF,0,1
HbtSzZgPZJabqWgXV9t7S4n6RwkmFuUDze1tQYX22oAP,iMsUq9E5Kw2cbqB5Z4rBJCQdSBbKBNnLnLJvVBMzKPs,V1_NFT,1,0,0,0,0,1,1,1,GDMm3PDx6ZMY5gUUKuSAGeVpWw4YL22ZxRaPMDVSrNUv,Clоud #2880,DWNO,0,1
HbtSzZgPZJabqWgXV9t7S4n6RwkmFuUDze1tQYX22oAP,cdtsG3qdVjaKoFPfg4TmLVWLUyXgxfYBcgTepkoRvwE,V1_NFT,1,0,0,0,0,1,1,0,4uzVw6pYbwxotxKfK51hqYBv9EvujktQ41D6BYeGPFDu,Claim Me BOME,YOUBOME,0,1
HbtSzZgPZJabqWgXV9t7S4n6RwkmFuUDze1tQYX22oAP,H1DcLVMde2iii8xnqm99zeAa48VrVG2ziZsbShoujkH,V1_NFT,1,0,0,0,0,1,1,1,9pGYoB49gFnpseYbNHDq5tTbAMpf4yHbiaa8m7yMSNES,Slеrf #1045,DWNO,0,1
HbtSzZgPZJabqWgXV9t7S4n6RwkmFuUDze1tQYX22oAP,Etc4Shsb4PohZZ8tif45KMPRnJN9Zvv3c27VoatkWU7,V1_NFT,1,0,0,0,0,1,1,1,9pGYoB49gFnpseYbNHDq5tTbAMpf4yHbiaa8m7yMSNES,Clоud #1078,DWNO,0,1
HbtSzZgPZJabqWgXV9t7S4n6RwkmFuUDze1tQYX22oAP,DYdTartAYYRQGPX4taz9R1g62bzFATzgWyFSAVYhy7U,V1_NFT,1,0,0,0,0,1,1,1,9pGYoB49gFnpseYbNHDq5tTbAMpf4yHbiaa8m7yMSNES,Clоud #2650,DWNO,0,1
HbtSzZgPZJabqWgXV9t7S4n6RwkmFuUDze1tQYX22oAP,5xope2tJZS6LhXCsmxyXE3h9wFtkX8nrPsXhWcKSaVN,V1_NFT,1,0,0,0,0,1,1,0,4uzVw6pYbwxotxKfK51hqYBv9EvujktQ41D6BYeGPFDu,Claim Me BOME,YOUBOME,0,1
6Dofca9F1pU2iodvgzGFSUaP8BSooMsWPb8H5saYikCX,H4vQNgyVteG6GmJ2kGi7GvsfwLySBepr9pUqjFKzs7J3,V1_NFT,1,0,0,0,0,1,1,1,2z52Z4feRVxsGorNSF3s8Z6355RAySA4uiLZjtZbjXmn,CLAIM YOUR $ME,$MOODENG,0,1
6Dofca9F1pU2iodvgzGFSUaP8BSooMsWPb8H5saYikCX,C648gsi2tjQZNxGV93zWmubEBoE776drNx692R48bWgd,V1_NFT,1,0,0,0,0,1,1,1,D186sBFhyZ9eWHSaLoLyXtvgd1xUcPeaaEXwhqHFMUz8,FWOG REWARD,itsafwog,0,1
6Dofca9F1pU2iodvgzGFSUaP8BSooMsWPb8H5saYikCX,AT3EHXa1tyEBcf4DDbseZSH4jVUrfU31Q65LDUEjZiCL,V1_NFT,1,0,0,0,0,1,1,1,2z52Z4feRVxsGorNSF3s8Z6355RAySA4uiLZjtZbjXmn,$ME RETRODROP,$ME,0,1
6Dofca9F1pU2iodvgzGFSUaP8BSooMsWPb8H5saYikCX,8ijTmzGWAiksU2NFJNGg6su5yVcMdZx5vnnqae7HujdB,V1_NFT,1,0,0,0,0,0,1,0,,Behaviour #3402,,0,1
6Dofca9F1pU2iodvgzGFSUaP8BSooMsWPb8H5saYikCX,86JSW1DxdEDCAK2QiTP5NZYqpJ3hiqqfPjp7EtiWubCk,V1_NFT,1,0,0,0,0,1,1,1,2z52Z4feRVxsGorNSF3s8Z6355RAySA4uiLZjtZbjXmn,CLAIM YOUR $ME,$ME,0,1
6Dofca9F1pU2iodvgzGFSUaP8BSooMsWPb8H5saYikCX,5iyHX9ocokUZot5naHSSRCNkaBGp9sZaJmqSKZz2K8un,FungibleToken,1,0,0,9,989928584947966970,0,0,0,,Truth Terminal’s 1st Tweet,TRUTH,0,1
6Dofca9F1pU2iodvgzGFSUaP8BSooMsWPb8H5saYikCX,54zMrKMBWXbG1hjFrh1x428ZTLNMom2JmGYKohn4ua15,FungibleToken,1,0,0,9,4099802379464817890,1,0,0,4mtFDeEWo51FStHV8r3zCeY3fzqfXn8AxRbe32V1ZzKc,Pikachu,Pikachu,0,1
6Dofca9F1pU2iodvgzGFSUaP8BSooMsWPb8H5saYikCX,3yyssgUSNAWggUAFdmnSNkXb4FG3oC71QKQ2seA8B4va,FungibleToken,1,0,0,6,99983785952609553,0,0,0,7Hk9u1W5Cq12MYYzeWF1nftZLwZtuLk9zMkPPri8S5DN,Husky Inu,HINU,0,1
6Dofca9F1pU2iodvgzGFSUaP8BSooMsWPb8H5saYikCX,34ciScZqAcJMugNeMqYJc598Ljcsxmhy1CE8NyHgY2HL,V1_NFT,1,0,0,0,0,1,1,1,2ASgMPrDV5hy3zsyWva7EcmjP9EYhX7thJ6Jpc9eLXwK,$BONK AIRDROP,$BONK,0,1
6Dofca9F1pU2iodvgzGFSUaP8BSooMsWPb8H5saYikCX,afsqiqnpuyovvQhkwXtBBtWLufRAS69d1SVnGtmevCw,V1_NFT,1,0,0,0,0,1,1,0,Hc2vsrdknaVuSypGNyMDuzR3FN3yWVcSuFALT6j2Cq71,JupPass #311,MyNF,0,1
6Dofca9F1pU2iodvgzGFSUaP8BSooMsWPb8H5saYikCX,PUPS8ZgJ5po4UmNDfqtDMCPP6M1KP3EEzG9Zufcwzrg,FungibleToken,1,0,0,9,2009845638892479,1,0,0,,PUPS,PUPS,0,1
H84jE7ZvSQc7JM6BpZX5kBKDShYboM6yYLaAZKdGsvTT,JDLbBsmnd7dRvo7Q5sZ1Z4bTsTAvPDG6A7HYDKu9qjCs,V1_NFT,1,0,0,0,0,1,1,1,HauGTQurhsxp5FMcUPfsvXNv9f3TzsidikoSguAtoYTp,AB Early #001,,0,1
H84jE7ZvSQc7JM6BpZX5kBKDShYboM6yYLaAZKdGsvTT,JCe4cq9bqL1238wfFjfFQ316PrS2sASKkesLYEyCpump,FungibleToken,1,0,0,6,999383307731191,0,0,0,,Minidoge,Minidoge,0,1
H84jE7ZvSQc7JM6BpZX5kBKDShYboM6yYLaAZKdGsvTT,J67mUJjFoLXu2Yc1F2Ti77JVSBpFmwZSNe7BXMrj4T4J,V1_NFT,1,0,0,0,0,1,1,1,4AuVuuzh7NA8b8jCcJzARdUALum4MxG9tPYA7QxTPHqo,BOX#14,,0,1
H84jE7ZvSQc7JM6BpZX5kBKDShYboM6yYLaAZKdGsvTT,J5LugyRpwHi4TYB16UYWpDuSx6z5zsuJ7pMjU95Cpump,FungibleToken,1,0,0,6,996553229976689,0,0,0,,XENOMORPH,XENO,0,1
H84jE7ZvSQc7JM6BpZX5kBKDShYboM6yYLaAZKdGsvTT,J3NKxxXZcnNiMjKw9hYb2K4LUxgwB6t1FtPtQVsv3KFr,FungibleToken,1,0,0,8,9557104805086525,1,0,0,,SPX6900 (Wormhole),SPX,0,1
H84jE7ZvSQc7JM6BpZX5kBKDShYboM6yYLaAZKdGsvTT,J2juVENoXNZnHEbMGEfnMLkCJwi6D4zneJeaYTD9P7JT,V1_NFT,1,0,0,0,0,1,1,1,4AuVuuzh7NA8b8jCcJzARdUALum4MxG9tPYA7QxTPHqo,BOX#10,,0,1
H84jE7ZvSQc7JM6BpZX5kBKDShYboM6yYLaAZKdGsvTT,HzrqFXfFVR7e4hwfA9yjQuddi4Yn3FTqe381kCNatXie,V1_NFT,1,0,0,0,0,1,1,1,5JQ8b8ZHeu6iSKH8gH7Gee5jWPfW6hc4BZrW4FZpq3Kh,☄️JUPITER☄️ AIRDROP,$GRASS,0,1
H84jE7ZvSQc7JM6BpZX5kBKDShYboM6yYLaAZKdGsvTT,Hz4CJCpZky4YD75Zs2R2nBjP5wY6tYbraaT2hVZCpump,FungibleToken,1,0,0,6,998640851403924,0,0,0,,BAKKT,BAKKT,0,1
H84jE7ZvSQc7JM6BpZX5kBKDShYboM6yYLaAZKdGsvTT,HtPa4DQF2UiQapXb43t7hAp5eWzVogjYgBvbipjZGefJ,V1_NFT,1,0,0,0,0,1,1,1,5iqhjZBsiFuECYVrrppmQuERRuDTxbYgLhqmznVF1PEM,🎁 Gift #00,,0,1
H84jE7ZvSQc7JM6BpZX5kBKDShYboM6yYLaAZKdGsvTT,HjdE4j3rHC7YMxFMHXSgEzXoNcVU6YBCfg9Q1gTJpump,FungibleToken,1,0,0,6,998935894015704,0,0,0,,kzl,kzl,0,1
H84jE7ZvSQc7JM6BpZX5kBKDShYboM6yYLaAZKdGsvTT,Hj6YuSaDdxb1fYv5ZrvuEm77wqwA8E4NSrpjRfvYpump,FungibleToken,1,0,0,6,992635742730299,0,0,0,,Jingle Bags,jinglebags,0,1
H84jE7ZvSQc7JM6BpZX5kBKDShYboM6yYLaAZKdGsvTT,Hifbs8Vdk2rgCZNqA1twmEgWHQZhmXs4XHr9DJzspump,FungibleToken,1,0,0,6,993050161994119,0,0,0,,killy,killy,0,1
H84jE7ZvSQc7JM6BpZX5kBKDShYboM6yYLaAZKdGsvTT,HgPDwYtQ9TWuhn8kS5oNL2gEUTFdAUShUwDRjXMphvay,V1_NFT,1,0,0,0,0,1,1,1,2z52Z4feRVxsGorNSF3s8Z6355RAySA4uiLZjtZbjXmn,CLAIM YOUR $ME,$MOODENG,0,1
H84jE7ZvSQc7JM6BpZX5kBKDShYboM6yYLaAZKdGsvTT,HVaLYWubrDsLzdrqEg3L2HBEGEPt3PsDsdcgf6YBJ6zD,V1_NFT,1,0,0,0,0,1,1,1,5iqhjZBsiFuECYVrrppmQuERRuDTxbYgLhqmznVF1PEM,🎁 Gift #04,,0,1
H84jE7ZvSQc7JM6BpZX5kBKDShYboM6yYLaAZKdGsvTT,HNVRX1QTQTThctM6KkGPbXwtfosKpAfwCC9d6nTNpump,FungibleToken,1,0,0,6,996875378246457,0,0,0,,The Most Valuable Currency,TIME,0,1
H84jE7ZvSQc7JM6BpZX5kBKDShYboM6yYLaAZKdGsvTT,HKduULYCPrn82fX4YsQh5WifoH3u9pwG3Tuahh2SdSfs,V1_NFT,1,0,0,0,0,1,1,1,ErpMXKkPGRJUURpvgwMWAhTV9nBuBN9bnfNw2ECaRcKd,BOX#{numbers},,0,1
H84jE7ZvSQc7JM6BpZX5kBKDShYboM6yYLaAZKdGsvTT,HKK7PR3X9NncmFZDZz87QcM726q2JumPajjSLKySpump,FungibleToken,1,0,0,6,995698286092486,0,0,0,,FINN ON SOL,FINN,0,1
H84jE7ZvSQc7JM6BpZX5kBKDShYboM6yYLaAZKdGsvTT,HF1AzYLPxkmsgoDY9GLaux9ghLESHLZgvUGKMAncpump,FungibleToken,1,0,0,6,998705290854917,0,0,0,,ALilyThea.ai,ALilY,0,1
H84jE7ZvSQc7JM6BpZX5kBKDShYboM6yYLaAZKdGsvTT,H4iSABxCygF5caEvqZeVY4ELqqXAUBkMhGh1z4GEpump,FungibleToken,1,0,0,6,998690388907632,0,0,0,,the greatest casino,casino,0,1
H84jE7ZvSQc7JM6BpZX5kBKDShYboM6yYLaAZKdGsvTT,H3a9yYPJrp8WAqkAFY8jctzPwyGyNowcEsi3rmagpump,FungibleToken,1,0,0,6,996960825071040,0,0,0,,PENGU Penguins,PENGU,0,1
H84jE7ZvSQc7JM6BpZX5kBKDShYboM6yYLaAZKdGsvTT,Gmzt3x5Eoi31YpJngBHw3re2j63fd8RqmVGyfjfwJcsY,V1_NFT,1,0,0,0,0,1,1,1,5JQ8b8ZHeu6iSKH8gH7Gee5jWPfW6hc4BZrW4FZpq3Kh,☄️JUPITER☄️ AIRDROP,$GRASS,0,1
H84jE7ZvSQc7JM6BpZX5kBKDShYboM6yYLaAZKdGsvTT,GmUyh3cdHDtXCGks46boadonNE3ndeMzrkbWFgvhHqoh,V1_NFT,1,0,0,0,0,1,1,1,AegjvapnRibxUMCVW2aUAKEqn5Jfjj5soKdjHpWu2Sdj,$PNUT AIRDROP,$PENGU,0,1
H84jE7ZvSQc7JM6BpZX5kBKDShYboM6yYLaAZKdGsvTT,GinNabffZL4fUj9Vactxha74GDAW8kDPGaHqMtMzps2f,FungibleToken,1,0,0,6,6896914328465004226,0,0,0,GrYstZRx1bzW1bCtrGrsjXAkY6DynA8nxHgRKgHHgshB,Ginnan Doge's Sister,GINNAN,0,1
H84jE7ZvSQc7JM6BpZX5kBKDShYboM6yYLaAZKdGsvTT,Gi2KQQh9imzXKctiw9KdCubyUkW1NzQarNYHj8YpeUSb,V1_NFT,1,0,0,0,0,1,1,1,FYo2DwQyP5udyjdbDMtiaWAKPcusKr4c7DR2TKRUmQjS,CLAIM YOUR $ME,$ME,0,1
H84jE7ZvSQc7JM6BpZX5kBKDShYboM6yYLaAZKdGsvTT,Gh6cBL11RRwVYHUyoGFXdYJXhWW1HETnPriNZN71pump,FungibleToken,1,0,0,6,977874724662161,0,0,0,,Finna,Finna,0,1
H84jE7ZvSQc7JM6BpZX5kBKDShYboM6yYLaAZKdGsvTT,GcRmnCjnVBj3VefEDJCSWj4w8f1MRFBSqJm4YWJoQrFm,V1_NFT,1,0,0,0,0,1,1,1,4AuVuuzh7NA8b8jCcJzARdUALum4MxG9tPYA7QxTPHqo,BOX#79,,0,1
H84jE7ZvSQc7JM6BpZX5kBKDShYboM6yYLaAZKdGsvTT,GRmFrJgizMCpY7grNZhrbFRczKJYNwJ5pQ9Cy8i5HNAK,V1_NFT,1,0,0,0,0,0,1,0,,!BOX#260,BOX,0,1
H84jE7ZvSQc7JM6BpZX5kBKDShYboM6yYLaAZKdGsvTT,GRUmPYbiTpq9ZPy5LAqBMMze7kErf5dEX2i9qYfwoSmR,FungibleToken,1,0,0,9,9176914191246280350,0,0,0,,Grumpy Cat,GRUMPY,0,1
H84jE7ZvSQc7JM6BpZX5kBKDShYboM6yYLaAZKdGsvTT,GRJQtWwdJmp5LLpy8JWjPgn5FnLyqSJGNhn5ZnCTFUwM,FungibleToken,1,0,0,9,1181543085094,1,0,0,,Overclock SOL,clockSOL,0,1
H84jE7ZvSQc7JM6BpZX5kBKDShYboM6yYLaAZKdGsvTT,GRFK7sv4KhkMzJ7BXDUBy4PLyZVBeXuW1FeaT6Mnpump,FungibleToken,1,0,0,6,999643201280700,0,0,0,,Meme Coin Millionaire,RICH,0,1
H84jE7ZvSQc7JM6BpZX5kBKDShYboM6yYLaAZKdGsvTT,GLPdQwGtjcynj3RLraenPeR9v1REnpdyuciPBpVipump,FungibleToken,1,0,0,6,985169768931970,0,0,0,,Scoutly AI,SCOUT,0,1
H84jE7ZvSQc7JM6BpZX5kBKDShYboM6yYLaAZKdGsvTT,GKPu6dAJ3yy3S8A47HcFCgePu6Hxs1znSCrPyE321TLX,V1_NFT,1,0,0,0,0,1,1,1,5iqhjZBsiFuECYVrrppmQuERRuDTxbYgLhqmznVF1PEM,🎁 Gift #07,,0,1
H84jE7ZvSQc7JM6BpZX5kBKDShYboM6yYLaAZKdGsvTT,GJQpf6Zjvokd3YK5EprXqZUah9jxkn8aG4pTeWL7Gkju,FungibleToken,1,0,0,9,3999844342156724000,1,0,0,,HDOKI,OKI,0,1
H84jE7ZvSQc7JM6BpZX5kBKDShYboM6yYLaAZKdGsvTT,GJAFwWjJ3vnTsrQVabjBVK2TYB1YtRCQXRDfDgUnpump,FungibleToken,1,0,0,6,948241847159821,0,0,0,,Act I : The AI Prophecy,ACT,0,1
H84jE7ZvSQc7JM6BpZX5kBKDShYboM6yYLaAZKdGsvTT,GGaYgBKdQGfj8qHgrx8Di9UhRmz3YUCNAQAAC7UCNgMD,V1_NFT,1,0,0,0,0,1,1,1,5JQ8b8ZHeu6iSKH8gH7Gee5jWPfW6hc4BZrW4FZpq3Kh,PUMP.FUN AIRDROP,$PUMP,0,1
H84jE7ZvSQc7JM6BpZX5kBKDShYboM6yYLaAZKdGsvTT,Fxm6tJ2khHbLVcSgnYUqg9FiBduVRLEvdQR67dvQ3eGp,FungibleToken,1,0,0,6,999418040604825,0,0,0,,Naitzsche,NAI,0,1
H84jE7ZvSQc7JM6BpZX5kBKDShYboM6yYLaAZKdGsvTT,Fx28bndN4i9F8H6WHk4Gf4NpqRLk8JVVZFaqFByyUe8h,V1_NFT,1,0,0,0,0,1,1,1,2ASgMPrDV5hy3zsyWva7EcmjP9EYhX7thJ6Jpc9eLXwK,$RETARDIO AIRDROP,$RETARDIO,0,1
H84jE7ZvSQc7JM6BpZX5kBKDShYboM6yYLaAZKdGsvTT,Fst7HoKiVhBbGEkF1JFmELg7khGVyF1tc8oPo1vXGQEj,V1_NFT,1,0,0,0,0,1,1,1,5iqhjZBsiFuECYVrrppmQuERRuDTxbYgLhqmznVF1PEM,,,0,1
H84jE7ZvSQc7JM6BpZX5kBKDShYboM6yYLaAZKdGsvTT,FpTEQdi4gZ1DfoNGnNHKYzwUWsUQHuCa7tEwC1Efpump,FungibleToken,1,0,0,6,498506408495040,0,0,0,,HARD,HARD,0,1
H84jE7ZvSQc7JM6BpZX5kBKDShYboM6yYLaAZKdGsvTT,Fkh4NcGBXvyra2q1uXgbxX9sT2AhnfibtzFfALy8JkWm,V1_NFT,1,0,0,0,0,1,1,1,2ASgMPrDV5hy3zsyWva7EcmjP9EYhX7thJ6Jpc9eLXwK,BONK AIRDROP,$BONK,0,1
H84jE7ZvSQc7JM6BpZX5kBKDShYboM6yYLaAZKdGsvTT,FjytUbQQ4CKBWQ9bribNAP9mA3es4JY9kSpmkt8iPUt1,V1_NFT,1,0,0,0,0,1,1,1,2ASgMPrDV5hy3zsyWva7EcmjP9EYhX7thJ6Jpc9eLXwK,$BONK AIRDROP,$BONK,0,1
H84jE7ZvSQc7JM6BpZX5kBKDShYboM6yYLaAZKdGsvTT,FjK6rqU6QzUeNtmK6QQ78cCuS5AHAhcm4HgJkdsvXaep,FungibleToken,1,0,0,8,9765005724551790,1,0,0,,YOUR AI (Wormhole),YOURAI,0,1
H84jE7ZvSQc7JM6BpZX5kBKDShYboM6yYLaAZKdGsvTT,FfkKmFbPgYTmhU53FyWD4U7AtqVMnL4hRWrcrhFEJR7J,FungibleToken,1,0,0,9,959494113830716041,0,0,0,996j4JxHx6pePpzUygaiW8SLiz99TYuFtb9MAB1qkRbd,Gwoat,GWOAT,0,1
H84jE7ZvSQc7JM6BpZX5kBKDShYboM6yYLaAZKdGsvTT,FZK9MEhQcAV8frR3w37eLk7GA7Re52RxL3X4tLkJTJcV,V1_NFT,1,0,0,0,0,1,1,1,2ASgMPrDV5hy3zsyWva7EcmjP9EYhX7thJ6Jpc9eLXwK,$BONK AIRDROP,$BONK,0,1
H84jE7ZvSQc7JM6BpZX5kBKDShYboM6yYLaAZKdGsvTT,FYwSiysKRXugGENwvFLi1RQLxRrunGs2nLeHF6BL2BKC,V1_NFT,1,0,0,0,0,1,1,1,ErpMXKkPGRJUURpvgwMWAhTV9nBuBN9bnfNw2ECaRcKd,BOX#{numbers},,0,1
H84jE7ZvSQc7JM6BpZX5kBKDShYboM6yYLaAZKdGsvTT,FViMp5phQH2bX81S7Yyn1yXjj3BRddFBNcMCbTH8FCze,FungibleToken,1,0,0,4,4203627662169329810,0,0,0,,Toad,$TOAD,0,1
H84jE7ZvSQc7JM6BpZX5kBKDShYboM6yYLaAZKdGsvTT,FU1q8vJpZNUrmqsciSjp8bAKKidGsLmouB8CBdf8TKQv,FungibleToken,1,0,0,9,99952895561674643,1,0,0,,doland tremp,tremp,0,1
H84jE7ZvSQc7JM6BpZX5kBKDShYboM6yYLaAZKdGsvTT,FLTHudk5B5zag7JmGXqrYrFfey6otevLQA6jm1UHHLEE,FungibleToken,1,0,0,9,8513441654206420,1,0,0,,FLTH,FLTH,0,1
H84jE7ZvSQc7JM6BpZX5kBKDShYboM6yYLaAZKdGsvTT,FDdWviyC3MW2mqUgDkSonJAapAPS9VnbFbv8CU4k4bpt,V1_NFT,1,0,0,0,0,1,1,1,ErpMXKkPGRJUURpvgwMWAhTV9nBuBN9bnfNw2ECaRcKd,BOX#{numbers},,0,1
H84jE7ZvSQc7JM6BpZX5kBKDShYboM6yYLaAZKdGsvTT,F9yDnURRaLPETZJmEb5PaSb6DqaQw8oSfKFQd7PUpump,FungibleToken,1,0,0,6,999940839832293,0,0,0,,queefing,queef,0,1
H84jE7ZvSQc7JM6BpZX5kBKDShYboM6yYLaAZKdGsvTT,F5MjLCiszLxDYgHrHyJ3J3ugWcGRwzmnXRA6itkRUZ4y,V1_NFT,1,0,0,0,0,1,1,1,AegjvapnRibxUMCVW2aUAKEqn5Jfjj5soKdjHpWu2Sdj,$PENGU AIRDROP,$PENGU,0,1
H84jE7ZvSQc7JM6BpZX5kBKDShYboM6yYLaAZKdGsvTT,F2JLbzaA8tavGNpJSYGinXth3JEB8xrPXDwJ78sTpump,FungibleToken,1,0,0,6,998450525355594,0,0,0,,GRINCH,GRINCH,0,1
H84jE7ZvSQc7JM6BpZX5kBKDShYboM6yYLaAZKdGsvTT,Es9vMFrzaCERmJfrF4H2FYD4KCoNkY11McCe8BenwNYB,FungibleToken,1,0,0,6,3489909832304241,1,0,0,,USDT,USDT,0,1
H84jE7ZvSQc7JM6BpZX5kBKDShYboM6yYLaAZKdGsvTT,EmhVWGUa2Q9PN4QjzFjvuVyzFKg4s3ERwjKR9dQDpump,FungibleToken,1,0,0,6,998614570101635,0,0,0,,Believe In Something,DTF,0,1
H84jE7ZvSQc7JM6BpZX5kBKDShYboM6yYLaAZKdGsvTT,EZsrafeNVwTHFYW9yoLSDbXobNBpCbTFySnZnTsbUCpx,V1_NFT,1,0,0,0,0,1,1,1,5JQ8b8ZHeu6iSKH8gH7Gee5jWPfW6hc4BZrW4FZpq3Kh,$GRASS AIRDROP,$GRASS,0,1
H84jE7ZvSQc7JM6BpZX5kBKDShYboM6yYLaAZKdGsvTT,EPVAGri9gLKHEwcvGX7LbC592skPZGg5kCGcvHQtZwbj,V1_NFT,1,0,0,0,0,1,1,1,ErpMXKkPGRJUURpvgwMWAhTV9nBuBN9bnfNw2ECaRcKd,🎁 Gift #03,,0,1
H84jE7ZvSQc7JM6BpZX5kBKDShYboM6yYLaAZKdGsvTT,ELVSdzomMZB3CkJNmuCGxu4jpejWH5ibByQVJWAtCSzx,V1_NFT,1,0,0,0,0,1,1,1,ErpMXKkPGRJUURpvgwMWAhTV9nBuBN9bnfNw2ECaRcKd,BOX#{numbers},,0,1
H84jE7ZvSQc7JM6BpZX5kBKDShYboM6yYLaAZKdGsvTT,EJDyRBkoZuRwSDLj94caN6AqcUe73w9A3zMUpnoSvwNq,V1_NFT,1,0,0,0,0,1,1,1,D186sBFhyZ9eWHSaLoLyXtvgd1xUcPeaaEXwhqHFMUz8,$WIF AIRDROP,$WIF,0,1
H84jE7ZvSQc7JM6BpZX5kBKDShYboM6yYLaAZKdGsvTT,EHRZ7UTweF6uoeVWtKCRXatss9nwbSPDY1tPBt2fpump,FungibleToken,1,0,0,6,995998480034895,0,0,0,,we go higher,euphoric,0,1
H84jE7ZvSQc7JM6BpZX5kBKDShYboM6yYLaAZKdGsvTT,EH2tRrNn2TfD2c1vNLMrNaxa4wskzEnzb1Vo5YDRpump,FungibleToken,1,0,0,6,997586458728014,0,0,0,,Slap Cat,SLAP,0,1
H84jE7ZvSQc7JM6BpZX5kBKDShYboM6yYLaAZKdGsvTT,EGmtd2eudyQxTaFrX6zJ5b2yqKrHLMQ1bUp7LttunfcM,FungibleToken,1,0,0,9,9920893770827361270,1,0,0,,Pepe,PEPE,0,1
H84jE7ZvSQc7JM6BpZX5kBKDShYboM6yYLaAZKdGsvTT,EBej81MexToVKSoYdiZ9ufej79yazX5uwhye8gcRZAoE,FungibleToken,1,0,0,9,911195157666891843,1,0,0,,IDOL COIN,IDOL,0,1
H84jE7ZvSQc7JM6BpZX5kBKDShYboM6yYLaAZKdGsvTT,E2UP2bVCUiuLjn4njB6wvsnxPJ7Eyhu6YBYR4u37r2UB,V1_NFT,1,0,1,0,0,1,1,1,ErpMXKkPGRJUURpvgwMWAhTV9nBuBN9bnfNw2ECaRcKd,,,0,1
H84jE7ZvSQc7JM6BpZX5kBKDShYboM6yYLaAZKdGsvTT,Dz6Pw2zMjXH4pY1bCkUeHvcTfrKGH5fHXZTgTUJZpump,FungibleToken,1,0,0,6,998668378115387,0,0,0,,JUSTICE FOR Honey,Honey,0,1
H84jE7ZvSQc7JM6BpZX5kBKDShYboM6yYLaAZKdGsvTT,DvS8iF7QDwypYZdAkBPV5sEDjKTGhCP3RYnfDbAMPvW2,V1_NFT,1,0,0,0,0,1,1,1,5JQ8b8ZHeu6iSKH8gH7Gee5jWPfW6hc4BZrW4FZpq3Kh,PUMP.FUN AIRDROP,$PUMP,0,1
H84jE7ZvSQc7JM6BpZX5kBKDShYboM6yYLaAZKdGsvTT,DnvKxaFYri3N6G21chSUfudXb595RtVjEJaPt71HBqkw,V1_NFT,1,0,0,0,0,1,1,1,AegjvapnRibxUMCVW2aUAKEqn5Jfjj5soKdjHpWu2Sdj,JUP AIRDROP,$JUP,0,1
H84jE7ZvSQc7JM6BpZX5kBKDShYboM6yYLaAZKdGsvTT,Dik7HYHPdN9rgNyxUediKgYDCvu636dQyL8nRh2YzzDP,FungibleToken,1,0,0,6,15700764969745,1,0,0,,Staked GM,xGM,0,1
H84jE7ZvSQc7JM6BpZX5kBKDShYboM6yYLaAZKdGsvTT,DiSetnR7k57wmfvywJhUVjPwWfg54SdQKxQdJEBYW23B,FungibleToken,1,0,0,2,4197187732957101918,0,0,0,,DNA,DNA,0,1
H84jE7ZvSQc7JM6BpZX5kBKDShYboM6yYLaAZKdGsvTT,Df6CNkecQ5LWfVM7eh2qGk8jVBjSD5FHb3bNizB4pump,FungibleToken,1,0,0,6,994051894015944,0,0,0,,Genius AI,GENIUS,0,1
H84jE7ZvSQc7JM6BpZX5kBKDShYboM6yYLaAZKdGsvTT,DcfAPnD4eiQsmgy7CaYvojJ1CmZP4RCS1qj2hVR15EF6,V1_NFT,1,0,0,0,0,1,1,1,2ASgMPrDV5hy3zsyWva7EcmjP9EYhX7thJ6Jpc9eLXwK,$BONK AIRDROP,$BONK,0,1
H84jE7ZvSQc7JM6BpZX5kBKDShYboM6yYLaAZKdGsvTT,DcRHumYETnVKowMmDSXQ5RcGrFZFAnaqrQ1AZCHXpump,FungibleToken,1,0,0,6,964611955567366,0,0,0,,The Dissolution of Value,VALUE,0,1
H84jE7ZvSQc7JM6BpZX5kBKDShYboM6yYLaAZKdGsvTT,DT3zuw4qzDw2Fp6Uh5W1aMZBK2wfGWZWjJUfJY9Qpump,FungibleToken,1,0,0,6,999414233912082,0,0,0,,Just a worried guy,WORRIEDGUY,0,1
H84jE7ZvSQc7JM6BpZX5kBKDShYboM6yYLaAZKdGsvTT,DRVM9vP5coW4WHsNv1kajhn55duyuua4cJ9NGkSApump,FungibleToken,1,0,0,6,998964033804305,0,0,0,,Science Cult Mascot,HELA,0,1
H84jE7ZvSQc7JM6BpZX5kBKDShYboM6yYLaAZKdGsvTT,DPkk2HwJitqLMjzJGDkzLo7CPW1mQKyakaYNki2ETxue,V1_NFT,1,0,0,0,0,1,1,1,D186sBFhyZ9eWHSaLoLyXtvgd1xUcPeaaEXwhqHFMUz8,$GOAT REWARD,$GOAT,0,1
H84jE7ZvSQc7JM6BpZX5kBKDShYboM6yYLaAZKdGsvTT,DDij7Dp8updt3XSCzeHCaAoDoFTSE5Y27i2EQ9qjMQtr,FungibleToken,1,0,0,6,999717215874841,0,0,0,,Truth Terminal's Crush,RURI,0,1
H84jE7ZvSQc7JM6BpZX5kBKDShYboM6yYLaAZKdGsvTT,D73ZVe5Af4w4zdxofuiSnbLT9SpGkk2fkrk4LeTeD4F1,V1_NFT,1,0,0,0,0,1,1,1,ErpMXKkPGRJUURpvgwMWAhTV9nBuBN9bnfNw2ECaRcKd,BOX#{numbers},,0,1
H84jE7ZvSQc7JM6BpZX5kBKDShYboM6yYLaAZKdGsvTT,CzgC7JBieC4F2L7oZGYhRENby6LP9xVrLrGKxR3npump,FungibleToken,1,0,0,6,988672251155301,0,0,0,,W,dub,0,1
H84jE7ZvSQc7JM6BpZX5kBKDShYboM6yYLaAZKdGsvTT,CzLZHq7Msy8ymMdmnsNSZDUw16KC6FsnEeUTzNAzt9vh,V1_NFT,1,0,0,0,0,1,1,0,BeVVXuvvGNmFBeK1bazfc2CYdvvJ5AFi4aNv75Ah7vo8,Qualified #611,MyNF,0,1
H84jE7ZvSQc7JM6BpZX5kBKDShYboM6yYLaAZKdGsvTT,Cp3Tsf4yfzXNkZMYsRbAkmjvdLUphyvMCo7eB1tZcagW,V1_NFT,1,0,0,0,0,1,1,1,5iqhjZBsiFuECYVrrppmQuERRuDTxbYgLhqmznVF1PEM,,,0,1
H84jE7ZvSQc7JM6BpZX5kBKDShYboM6yYLaAZKdGsvTT,Comp4ssDzXcLeu2MnLuGNNFC4cmLPMng8qWHPvzAMU1h,FungibleToken,1,0,0,9,2685848068184,1,0,0,,Compass SOL,compassSOL,0,1
H84jE7ZvSQc7JM6BpZX5kBKDShYboM6yYLaAZKdGsvTT,CoRQpMjhBx6AsrzKJJZyzJoH52GoEKShM3CVumyzpump,FungibleToken,1,0,0,6,997307283044302,0,0,0,,wifmas,wifmas,0,1
H84jE7ZvSQc7JM6BpZX5kBKDShYboM6yYLaAZKdGsvTT,Cfese2bSfXVZ4iTbTv9qGWGeRohRymyirgTyS96Rpump,FungibleToken,1,0,0,6,996989414025292,0,0,0,,1000x Before Christmas ho~ho~ho!,1000x,0,1
H84jE7ZvSQc7JM6BpZX5kBKDShYboM6yYLaAZKdGsvTT,Cdvcjs5Lu6TRi6y1dDzKhuabFZ56Rj8UaZduTgUipump,FungibleToken,1,0,0,6,958801554561380,0,0,0,HvJtiP3UyaxGHfpUSCxM1wAACDUmUk9u2H1CcSb1gMys,vibe guy,VIBEGUY,0,1
H84jE7ZvSQc7JM6BpZX5kBKDShYboM6yYLaAZKdGsvTT,CdXHGdq5cB3Wy2PBpXcxneQk3B2NgWEmb9ek8eUiNNnp,V1_NFT,1,0,0,0,0,1,1,1,2v3UpLxyrHFfHpcJ3Bqwut12EePG4uwY5cmdvivGz6dM,AB Early #01,,0,1
H84jE7ZvSQc7JM6BpZX5kBKDShYboM6yYLaAZKdGsvTT,CchkDMKbBj6WLPPzgoKbKR57p9UZRryN7iGH5MVgZBU6,V1_NFT,1,0,0,0,0,1,1,1,FYo2DwQyP5udyjdbDMtiaWAKPcusKr4c7DR2TKRUmQjS,$ME AIRDROP,$ME,0,1
H84jE7ZvSQc7JM6BpZX5kBKDShYboM6yYLaAZKdGsvTT,CZFyan1FcZYfrQTBofmJ8cPK7orEUkpYfBBf2GaVpump,FungibleToken,1,0,0,6,997392389102951,0,0,0,,the fuck you guy,fuckyouguy,0,1
H84jE7ZvSQc7JM6BpZX5kBKDShYboM6yYLaAZKdGsvTT,CTJf74cTo3cw8acFP1YXF3QpsQUUBGBjh2k2e8xsZ6UL,FungibleToken,1,0,0,6,999880137379974,0,0,0,,Neiro,Neiro,0,1
H84jE7ZvSQc7JM6BpZX5kBKDShYboM6yYLaAZKdGsvTT,CRgi8A7p1mFCwD5gGTWsF7sbBNcJqXd2idNYeqcyc9Ww,V1_NFT,1,0,0,0,0,1,1,1,ErpMXKkPGRJUURpvgwMWAhTV9nBuBN9bnfNw2ECaRcKd,BOX#{numbers},,0,1
H84jE7ZvSQc7JM6BpZX5kBKDShYboM6yYLaAZKdGsvTT,CQbXk942c6GPcRwtZ2WMFP5JcQ9NqbXtb8jUewBi7GoT,FungibleToken,1,0,0,6,999865847264727,0,0,0,,BAKED,BAKED,0,1
H84jE7ZvSQc7JM6BpZX5kBKDShYboM6yYLaAZKdGsvTT,CK7UwtyYTo4CmBohCF9RhF6mCNDxnLMcZsCqouP9pump,FungibleToken,1,0,0,6,989536716837472,0,0,0,,todd,todd,0,1
H84jE7ZvSQc7JM6BpZX5kBKDShYboM6yYLaAZKdGsvTT,CFTyvm52gRGRRx2LZK22XivaYgm3xKCw7PUpNDvmXhhV,FungibleToken,1,0,0,8,99998698920524951,1,0,0,BB7WUychW3f6Vih8WEJ9xkwuMrTaMuLkvyHYwxyCLfDf,ACC,ACC,0,1
H84jE7ZvSQc7JM6BpZX5kBKDShYboM6yYLaAZKdGsvTT,C92AwgRnNfowSUR9BgTyh65ptBn5jMMtATswbhm2XMWw,FungibleToken,1,0,0,6,36472018466584,0,0,0,,Crypto Twitter,CT,0,1
H84jE7ZvSQc7JM6BpZX5kBKDShYboM6yYLaAZKdGsvTT,C4jMVM797K2FqzbwxJn4TdPyuVhso7kCUu7UXRfjpump,FungibleToken,1,0,0,6,999053559180317,0,0,0,,waa,waa,0,1
H84jE7ZvSQc7JM6BpZX5kBKDShYboM6yYLaAZKdGsvTT,C2tfZ5sJ9iyfQ4h8MwFN9LaJcPTZqw3DxArMBLQzpump,FungibleToken,1,0,0,6,997379624704398,0,0,0,,Santa Ai,SANTAAI,0,1
H84jE7ZvSQc7JM6BpZX5kBKDShYboM6yYLaAZKdGsvTT,Bz4MhmVRQENiCou7ZpJ575wpjNFjBjVBSiVhuNg1pump,FungibleToken,1,0,0,6,999783901628036,0,0,0,,Project89,Project89,0,1
H84jE7ZvSQc7JM6BpZX5kBKDShYboM6yYLaAZKdGsvTT,BxjAigUiVaeKobgDZA8W3NVb2BMS52TYd8F7ejrUpump,FungibleToken,1,0,0,6,999188128842483,0,0,0,,LIL X,LILX,0,1
H84jE7ZvSQc7JM6BpZX5kBKDShYboM6yYLaAZKdGsvTT,BwFLAzM1syXYCN7AjgAcHWvtsUzKjsyFGm7osxgXpump,FungibleToken,1,0,0,6,996749384622297,0,0,0,,Pweng,PWENG,0,1
H84jE7ZvSQc7JM6BpZX5kBKDShYboM6yYLaAZKdGsvTT,Bv2ajiWdngTyRFabXCKiwGDJh5SEfJwoRPkkTQ2uf6EE,FungibleToken,1,0,0,6,915453352110125,1,0,0,BDevQ9gDBMo5g38PBVuNt8FyGKZzZaHUzaQnySdJ3wAg,Borpa,BORPA,0,1
H84jE7ZvSQc7JM6BpZX5kBKDShYboM6yYLaAZKdGsvTT,BsAEhPN1DKfpjMoSZ5UnDTL4impSYvT9ZpFjnBD2pump,FungibleToken,1,0,0,6,988551768293467,0,0,0,,Reflections of Dissonance AI,AIKA,0,1
H84jE7ZvSQc7JM6BpZX5kBKDShYboM6yYLaAZKdGsvTT,BntAD122QAoXb9ddvt9iM7BF56aU8uR37h3jCQFKEYtL,V1_NFT,1,0,1,0,0,1,1,1,ErpMXKkPGRJUURpvgwMWAhTV9nBuBN9bnfNw2ECaRcKd,,,0,1
Bo3bz5HiGB8V9vxDPc8p6CujtXdosT1c4CvU3wdYDkyh,J9EZdHZKCJ8yAJX13tYRNPTjiCbH1Z6ZtHtNt3cowJeY,V1_NFT,1,0,0,0,0,1,1,1,2ASgMPrDV5hy3zsyWva7EcmjP9EYhX7thJ6Jpc9eLXwK,$RETARDIO AIRDROP,$RETARDIO,0,1
Bo3bz5HiGB8V9vxDPc8p6CujtXdosT1c4CvU3wdYDkyh,J6ESjk1zEEN7Nf5ef3eYeuVirvR32ZkiDXJXjG4JrkV6,V1_NFT,1,0,0,0,0,0,1,0,,🌟 Gift #297,BOX,0,1
Bo3bz5HiGB8V9vxDPc8p6CujtXdosT1c4CvU3wdYDkyh,HWUCW8yTnELqkS2WeQDUH8yE6prgKii2S3PGtrrWyQZr,V1_NFT,1,0,0,0,0,1,1,1,5JQ8b8ZHeu6iSKH8gH7Gee5jWPfW6hc4BZrW4FZpq3Kh,☄️JUPITER☄️ AIRDROP,$GRASS,0,1
Bo3bz5HiGB8V9vxDPc8p6CujtXdosT1c4CvU3wdYDkyh,HPPqyL1vRUnJZ2V213hRfzRzw6keBrH6MWez4ExRt3hB,V1_NFT,1,0,0,0,0,1,1,1,ErpMXKkPGRJUURpvgwMWAhTV9nBuBN9bnfNw2ECaRcKd,BOX#27,,0,1
Bo3bz5HiGB8V9vxDPc8p6CujtXdosT1c4CvU3wdYDkyh,HNxNLJdmQuH98AXZTg7bLDno91LD6hrqQF7iUzQnheD3,V1_NFT,1,0,0,0,0,1,1,1,5JQ8b8ZHeu6iSKH8gH7Gee5jWPfW6hc4BZrW4FZpq3Kh,PUMP.FUN AIRDROP,$PUMP,0,1
Bo3bz5HiGB8V9vxDPc8p6CujtXdosT1c4CvU3wdYDkyh,HGDB7bfWi3dLkj7AnxVLnVhBDaHWnBcHtEBEWssY5Z3z,V1_NFT,1,0,0,0,0,1,1,1,AegjvapnRibxUMCVW2aUAKEqn5Jfjj5soKdjHpWu2Sdj,JUP AIRDROP,$JUP,0,1
Bo3bz5HiGB8V9vxDPc8p6CujtXdosT1c4CvU3wdYDkyh,Gq4T56ikisM6K8RYv6m8trzJoypD6AYBkVDuYW6dLrot,V1_NFT,1,0,0,0,0,1,1,1,AXQPUfHW1GjD7Qt8RAfHovpYv2c9sV5SatM7SW6YyJm5,Magic Eden,,0,1
Bo3bz5HiGB8V9vxDPc8p6CujtXdosT1c4CvU3wdYDkyh,GdZdoNBD26UVsHFuCFt3SkWeq1FnmFA8Ksrkepwyz1Zg,V1_NFT,1,0,0,0,0,0,1,0,,🌟 BOX#256,BOX,0,1
Bo3bz5HiGB8V9vxDPc8p6CujtXdosT1c4CvU3wdYDkyh,GMEsHe94qjWZx8ZfU33DoSzQQjceNdvKzPHaCrFZ21kJ,V1_NFT,1,0,0,0,0,1,1,1,2z52Z4feRVxsGorNSF3s8Z6355RAySA4uiLZjtZbjXmn,$MOODENG AIRDROP,$MOODENG,0,1
Bo3bz5HiGB8V9vxDPc8p6CujtXdosT1c4CvU3wdYDkyh,FvrD4mikHtdpe5RLxxX2Wve5iBMqAjQHoAQiwtBvTXkU,V1_NFT,1,0,0,0,0,1,1,1,ErpMXKkPGRJUURpvgwMWAhTV9nBuBN9bnfNw2ECaRcKd,BOX#32,,0,1
Bo3bz5HiGB8V9vxDPc8p6CujtXdosT1c4CvU3wdYDkyh,FvZrtFmNZLdv7u3TjzNLnNqbs1Thn3ks6HuoPtzt6nbe,V1_NFT,1,0,0,0,0,1,1,1,4AuVuuzh7NA8b8jCcJzARdUALum4MxG9tPYA7QxTPHqo,BOX#92,,0,1
Bo3bz5HiGB8V9vxDPc8p6CujtXdosT1c4CvU3wdYDkyh,FtYwJbRaBq1maexwrkBbxfYS4hzDiJcVKHY64u1bgkAg,V1_NFT,1,0,0,0,0,1,1,1,AegjvapnRibxUMCVW2aUAKEqn5Jfjj5soKdjHpWu2Sdj,JUP AIRDROP,$JUP,0,1
Bo3bz5HiGB8V9vxDPc8p6CujtXdosT1c4CvU3wdYDkyh,FXbg9N9KnQWLvrYFLhxrMn82iVcDgjPEz7d7MCcJrqG2,V1_NFT,1,0,0,0,0,1,1,1,2ASgMPrDV5hy3zsyWva7EcmjP9EYhX7thJ6Jpc9eLXwK,$BONK AIRDROP,$BONK,0,1
Bo3bz5HiGB8V9vxDPc8p6CujtXdosT1c4CvU3wdYDkyh,F1bSDbWNAZnt2QBEWarNeukWuWGphvCTUe4PtEtDVcRU,V1_NFT,1,0,0,0,0,1,1,1,AXQPUfHW1GjD7Qt8RAfHovpYv2c9sV5SatM7SW6YyJm5,Ethereal Relic,,0,1
Bo3bz5HiGB8V9vxDPc8p6CujtXdosT1c4CvU3wdYDkyh,ERuzyvtDpxztWr8PXRVsRTKQTNYNRA7bzdfCsmtzSUWR,V1_NFT,1,0,0,0,0,1,1,1,ErpMXKkPGRJUURpvgwMWAhTV9nBuBN9bnfNw2ECaRcKd,,,0,1
Bo3bz5HiGB8V9vxDPc8p6CujtXdosT1c4CvU3wdYDkyh,E76U4CGXngyuxvPwbSJf1Q5CCYVpvwcpxDKLrS6zGWFH,V1_NFT,1,0,0,0,0,1,1,1,ErpMXKkPGRJUURpvgwMWAhTV9nBuBN9bnfNw2ECaRcKd,🎁 Gift #057,,0,1
Bo3bz5HiGB8V9vxDPc8p6CujtXdosT1c4CvU3wdYDkyh,E5FDFhUBGPiR7beeYi4Vij8eaSAz6Fy2vdRXNFX9bBiv,V1_NFT,1,0,0,0,0,1,1,1,2ASgMPrDV5hy3zsyWva7EcmjP9EYhX7thJ6Jpc9eLXwK,$BONK AIRDROP,$BONK,0,1
Bo3bz5HiGB8V9vxDPc8p6CujtXdosT1c4CvU3wdYDkyh,DvYoe7wUqav5CP2qbzdqzYxpoyshF1VZa7xrVMjFavDj,V1_NFT,1,0,0,0,0,1,1,1,5JQ8b8ZHeu6iSKH8gH7Gee5jWPfW6hc4BZrW4FZpq3Kh,$GRASS AIRDROP,$GRASS,0,1
Bo3bz5HiGB8V9vxDPc8p6CujtXdosT1c4CvU3wdYDkyh,Dtq8xCY2kE7ionweiNMDRSCM5kJFmorfjX6ztc9Jniv1,V1_NFT,1,0,0,0,0,1,1,1,FYo2DwQyP5udyjdbDMtiaWAKPcusKr4c7DR2TKRUmQjS,$CHILLGUY AIRDROP,$CHILLGUY,0,1
Bo3bz5HiGB8V9vxDPc8p6CujtXdosT1c4CvU3wdYDkyh,Dpz9KVym7x3QWkhioCpJtFAhmprLEf8FxjpLfgu2y5Ym,V1_NFT,1,0,0,0,0,1,1,1,5JQ8b8ZHeu6iSKH8gH7Gee5jWPfW6hc4BZrW4FZpq3Kh,☄️JUPITER☄️ AIRDROP,$JUP,0,1
Bo3bz5HiGB8V9vxDPc8p6CujtXdosT1c4CvU3wdYDkyh,DdqJxk89TaGsgvfCnQBR1MfMCvKYjJq7XBPdJA86dcrr,V1_NFT,1,0,0,0,0,1,1,1,D186sBFhyZ9eWHSaLoLyXtvgd1xUcPeaaEXwhqHFMUz8,$GOAT REWARD,$GOAT,0,1
Bo3bz5HiGB8V9vxDPc8p6CujtXdosT1c4CvU3wdYDkyh,DbcQkyvSS84McNgPmV6hbRm5W3roMBzCS1ixw924zQQV,V1_NFT,1,0,0,0,0,1,1,1,5iqhjZBsiFuECYVrrppmQuERRuDTxbYgLhqmznVF1PEM,,,0,1
Bo3bz5HiGB8V9vxDPc8p6CujtXdosT1c4CvU3wdYDkyh,DQVKxeZZaci1SorD6QNFdkY6NJVEYys4fqxy332QAppw,V1_NFT,1,0,0,0,0,0,1,0,,🌟 Gift #298,BOX,0,1
Bo3bz5HiGB8V9vxDPc8p6CujtXdosT1c4CvU3wdYDkyh,DQU2W44C3vGNxR5GkzZb3HcY3etk6dCkZUySeRVzNXYG,V1_NFT,1,0,0,0,0,0,1,0,,BOX#140,BOX,0,1
Bo3bz5HiGB8V9vxDPc8p6CujtXdosT1c4CvU3wdYDkyh,D41VmbAJKU4pVtoe21JAWpCfWhepuXWw3qFRCUjgsbHp,V1_NFT,1,0,0,0,0,1,1,1,D186sBFhyZ9eWHSaLoLyXtvgd1xUcPeaaEXwhqHFMUz8,$GOAT REWARD,$GOAT,0,1
Bo3bz5HiGB8V9vxDPc8p6CujtXdosT1c4CvU3wdYDkyh,D1mNMKeD8vQoHVZ9ZBPnS5SHKdpkwDYnwcrTeeqbsxxR,V1_NFT,1,0,0,0,0,1,1,1,ErpMXKkPGRJUURpvgwMWAhTV9nBuBN9bnfNw2ECaRcKd,,,0,1
Bo3bz5HiGB8V9vxDPc8p6CujtXdosT1c4CvU3wdYDkyh,CyHyK1bThCoRGs6EkZAHyc253ukEQXCmgw1ZGVofQiUD,V1_NFT,1,0,0,0,0,1,1,1,2ASgMPrDV5hy3zsyWva7EcmjP9EYhX7thJ6Jpc9eLXwK,$BONK AIRDROP,$BONK,0,1
Bo3bz5HiGB8V9vxDPc8p6CujtXdosT1c4CvU3wdYDkyh,CLF6hsSvFCuN1k8qiPVhrmPDFwD2MTLTuGGe5grZGrDW,V1_NFT,1,0,0,0,0,1,1,1,4AuVuuzh7NA8b8jCcJzARdUALum4MxG9tPYA7QxTPHqo,BOX#75,,0,1
Bo3bz5HiGB8V9vxDPc8p6CujtXdosT1c4CvU3wdYDkyh,BQtg2H3Df9ikuFJZExEzhygEnwKfABrxnSHc9nuyc8XT,V1_NFT,1,0,0,0,0,1,1,1,5iqhjZBsiFuECYVrrppmQuERRuDTxbYgLhqmznVF1PEM,,,0,1
Bo3bz5HiGB8V9vxDPc8p6CujtXdosT1c4CvU3wdYDkyh,AyfhJvUcrrtGhj7WvvJkfGZ1yf3v4hrqBKSqXzDuzYpH,V1_NFT,1,0,0,0,0,1,1,1,AXQPUfHW1GjD7Qt8RAfHovpYv2c9sV5SatM7SW6YyJm5,Ethereal Relic,,0,1
Bo3bz5HiGB8V9vxDPc8p6CujtXdosT1c4CvU3wdYDkyh,A3nrxkTKUGLRrsZSsiW186CiNJTA76xoyKPFSWPfEqnC,V1_NFT,1,0,0,0,0,1,1,1,FYo2DwQyP5udyjdbDMtiaWAKPcusKr4c7DR2TKRUmQjS,$CHILLGUY AIRDROP,$CHILLGUY,0,1
Bo3bz5HiGB8V9vxDPc8p6CujtXdosT1c4CvU3wdYDkyh,9g3ZFg9YsU7R3pPr2vgTK5W3fidgaQYbxa2G2RC5xNSk,V1_NFT,1,0,0,0,0,1,1,1,2ASgMPrDV5hy3zsyWva7EcmjP9EYhX7thJ6Jpc9eLXwK,$RETARDIO AIRDROP,$RETARDIO,0,1
Bo3bz5HiGB8V9vxDPc8p6CujtXdosT1c4CvU3wdYDkyh,9eVqmW9xp8RGvwZ7UAmui5cmHKmKhzYtSSsUdjdGSDsG,V1_NFT,1,0,0,0,0,1,1,1,2z52Z4feRVxsGorNSF3s8Z6355RAySA4uiLZjtZbjXmn,CLAIM YOUR $ME,$MOODENG,0,1
Bo3bz5HiGB8V9vxDPc8p6CujtXdosT1c4CvU3wdYDkyh,9FQoT93KTqndoL6Lzm4du4wYnYBr4k5hrN64cgywqE3T,V1_NFT,1,0,0,0,0,1,1,1,AegjvapnRibxUMCVW2aUAKEqn5Jfjj5soKdjHpWu2Sdj,PENGU AIRDROP,$PENGU,0,1
Bo3bz5HiGB8V9vxDPc8p6CujtXdosT1c4CvU3wdYDkyh,9BhRo2Md764i1VtSiUWPk2YGoFnsoMfuvpds8uVeAt9y,V1_NFT,1,0,0,0,0,1,1,1,ErpMXKkPGRJUURpvgwMWAhTV9nBuBN9bnfNw2ECaRcKd,🎁 Gift #053,,0,1
Bo3bz5HiGB8V9vxDPc8p6CujtXdosT1c4CvU3wdYDkyh,8Lp94xWMmf4ky3HMcnGSNfm5e5AkjVgEA9bYWUmvVEz1,V1_NFT,1,0,0,0,0,1,1,1,4AuVuuzh7NA8b8jCcJzARdUALum4MxG9tPYA7QxTPHqo,BOX#9,,0,1
Bo3bz5HiGB8V9vxDPc8p6CujtXdosT1c4CvU3wdYDkyh,84EXA7eGuMWXBzF5ji86fafEkse7DtzUqxH2EePjxJaP,V1_NFT,1,0,0,0,0,1,1,1,2z52Z4feRVxsGorNSF3s8Z6355RAySA4uiLZjtZbjXmn,$MOODENG AIRDROP,$MOODENG,0,1
Bo3bz5HiGB8V9vxDPc8p6CujtXdosT1c4CvU3wdYDkyh,7pibmtjRGwGDPKEpsrp3vGqhxrNNNfebzHt1Y3aMN8Hh,V1_NFT,1,0,0,0,0,1,1,1,AegjvapnRibxUMCVW2aUAKEqn5Jfjj5soKdjHpWu2Sdj,JUP AIRDROP,$JUP,0,1
Bo3bz5HiGB8V9vxDPc8p6CujtXdosT1c4CvU3wdYDkyh,7bKpdoh5djWghhtwhn9Ji3tPBmATEQyGaFJviuDbz4At,V1_NFT,1,0,0,0,0,1,1,1,FYo2DwQyP5udyjdbDMtiaWAKPcusKr4c7DR2TKRUmQjS,CLAIM YOUR $ME,$ME,0,1
Bo3bz5HiGB8V9vxDPc8p6CujtXdosT1c4CvU3wdYDkyh,7Ygxhr8soWikEyMHcM3h6PGbkrjhwQu9Y7qetH89fT4Z,V1_NFT,1,0,0,0,0,1,1,1,2ASgMPrDV5hy3zsyWva7EcmjP9EYhX7thJ6Jpc9eLXwK,$BONK AIRDROP,$BONK,0,1
Bo3bz5HiGB8V9vxDPc8p6CujtXdosT1c4CvU3wdYDkyh,7GUM7NeDTpdSbVus9iebvxNgcCuRfyYiwj9UVM6CMVzK,V1_NFT,1,0,0,0,0,1,1,1,2ASgMPrDV5hy3zsyWva7EcmjP9EYhX7thJ6Jpc9eLXwK,BONK AIRDROP,$BONK,0,1
Bo3bz5HiGB8V9vxDPc8p6CujtXdosT1c4CvU3wdYDkyh,6ivtvJo73D5y3pK4j4spbB7ihEFUVUYbcT7a6pXmzbUB,V1_NFT,1,0,0,0,0,1,1,1,FYo2DwQyP5udyjdbDMtiaWAKPcusKr4c7DR2TKRUmQjS,CLAIM YOUR $ME,$ME,0,1
Bo3bz5HiGB8V9vxDPc8p6CujtXdosT1c4CvU3wdYDkyh,69pz6pDnKHoNgJJaE1TdZWbSPiAo3KPnuKjvGMP2FAzU,V1_NFT,1,0,0,0,0,1,1,1,AXQPUfHW1GjD7Qt8RAfHovpYv2c9sV5SatM7SW6YyJm5,$ME DROPS,,0,1
Bo3bz5HiGB8V9vxDPc8p6CujtXdosT1c4CvU3wdYDkyh,65jDWRGzyjNXheEo43Y1FYrknMjrCMsa9CHcRtASvTog,V1_NFT,1,0,0,0,0,1,1,1,5iqhjZBsiFuECYVrrppmQuERRuDTxbYgLhqmznVF1PEM,,,0,1
Bo3bz5HiGB8V9vxDPc8p6CujtXdosT1c4CvU3wdYDkyh,5rpe7uY4Q5L3bUaa9KBzzLT7JWsQnKph8puUD1icCzPj,V1_NFT,1,0,0,0,0,1,1,1,2z52Z4feRVxsGorNSF3s8Z6355RAySA4uiLZjtZbjXmn,$MOODENG AIRDROP,$MOODENG,0,1
Bo3bz5HiGB8V9vxDPc8p6CujtXdosT1c4CvU3wdYDkyh,5oekMYAxGFrGLPvq2UZ5eSKEENMx6e6vgJxiDkg9a4ix,V1_NFT,1,0,0,0,0,1,1,1,2z52Z4feRVxsGorNSF3s8Z6355RAySA4uiLZjtZbjXmn,$MOODENG AIRDROP,$MOODENG,0,1
Bo3bz5HiGB8V9vxDPc8p6CujtXdosT1c4CvU3wdYDkyh,5oa1D8FB8TNdQcUc2HaMjHe9QBW6FfRHvCk5DdppHHgy,V1_NFT,1,0,0,0,0,1,1,1,AegjvapnRibxUMCVW2aUAKEqn5Jfjj5soKdjHpWu2Sdj,PENGU AIRDROP,$PENGU,0,1
Bo3bz5HiGB8V9vxDPc8p6CujtXdosT1c4CvU3wdYDkyh,5Ls5NeQTMkWYfyVkUbdpW1GF6uGEw9kVfBYdAkNfj1ib,V1_NFT,1,0,0,0,0,1,1,1,5JQ8b8ZHeu6iSKH8gH7Gee5jWPfW6hc4BZrW4FZpq3Kh,$GRASS AIRDROP,$GRASS,0,1
Bo3bz5HiGB8V9vxDPc8p6CujtXdosT1c4CvU3wdYDkyh,5LBHATMc4jwFBXrpcnCLqEonPniK1QVyTqxHXL4gJ1gu,V1_NFT,1,0,0,0,0,1,1,1,5JQ8b8ZHeu6iSKH8gH7Gee5jWPfW6hc4BZrW4FZpq3Kh,$GRASS AIRDROP,$GRASS,0,1
Bo3bz5HiGB8V9vxDPc8p6CujtXdosT1c4CvU3wdYDkyh,5KBnQmYgWpYuM1d8gP6C8qaSz2o3H7nq7KoY7jEwoEuH,V1_NFT,1,0,0,0,0,0,1,0,,Crate#335,BOX,0,1
Bo3bz5HiGB8V9vxDPc8p6CujtXdosT1c4CvU3wdYDkyh,4aypXuZ3e4dG5gWNfBu7F2bEfwg1mVU33vKQPFAfcEWF,V1_NFT,1,0,0,0,0,1,1,1,2ASgMPrDV5hy3zsyWva7EcmjP9EYhX7thJ6Jpc9eLXwK,$BONK AIRDROP,$BONK,0,1
Bo3bz5HiGB8V9vxDPc8p6CujtXdosT1c4CvU3wdYDkyh,4ZVaZBBNGqX5SDiCT2n1kR7fuiJj8otQNcYnVNGnmyPK,V1_NFT,1,0,0,0,0,1,1,1,5iqhjZBsiFuECYVrrppmQuERRuDTxbYgLhqmznVF1PEM,,,0,1
Bo3bz5HiGB8V9vxDPc8p6CujtXdosT1c4CvU3wdYDkyh,4SyZMsge5ajhgANQa5k5eNBi4hAeYJw7nxTQc5E9JuLe,V1_NFT,1,0,0,0,0,1,1,1,FYo2DwQyP5udyjdbDMtiaWAKPcusKr4c7DR2TKRUmQjS,$ME AIRDROP,$ME,0,1
Bo3bz5HiGB8V9vxDPc8p6CujtXdosT1c4CvU3wdYDkyh,4CfcGBJZBEhzaDoJhuDi4mL1LUXgz5T7BT3VVLbD6prD,V1_NFT,1,0,0,0,0,0,1,0,,Crate#336,BOX,0,1
Bo3bz5HiGB8V9vxDPc8p6CujtXdosT1c4CvU3wdYDkyh,3emHfgJ89ZDBp3ZgNjKG6U32MXoiRA1SLkPSAk1UG6nL,V1_NFT,1,0,0,0,0,1,1,1,AegjvapnRibxUMCVW2aUAKEqn5Jfjj5soKdjHpWu2Sdj,$PNUT AIRDROP,$PENGU,0,1
Bo3bz5HiGB8V9vxDPc8p6CujtXdosT1c4CvU3wdYDkyh,3VoxipLgUvHJTxFSraErzSe6SXBsEcaAj2xrUUwjHLtm,V1_NFT,1,0,0,0,0,1,1,1,2ASgMPrDV5hy3zsyWva7EcmjP9EYhX7thJ6Jpc9eLXwK,$BONK AIRDROP,$BONK,0,1
Bo3bz5HiGB8V9vxDPc8p6CujtXdosT1c4CvU3wdYDkyh,3H9rnA71YweGeXHemzeXdekFDiQeAFY4QGEPr2XhVqvC,V1_NFT,1,0,0,0,0,1,1,1,2ASgMPrDV5hy3zsyWva7EcmjP9EYhX7thJ6Jpc9eLXwK,BONK AIRDROP,$BONK,0,1
Bo3bz5HiGB8V9vxDPc8p6CujtXdosT1c4CvU3wdYDkyh,2dQKbEQukKwMgs3X46XvLqu5UiPACJrL4sRxiJ5Ba5io,V1_NFT,1,0,0,0,0,1,1,1,2ASgMPrDV5hy3zsyWva7EcmjP9EYhX7thJ6Jpc9eLXwK,BONK AIRDROP,$BONK,0,1
Bo3bz5HiGB8V9vxDPc8p6CujtXdosT1c4CvU3wdYDkyh,2U8DFdCaUzajvd171JexMfjsx7dT86Wdsd2LfNLMQtFd,V1_NFT,1,0,0,0,0,1,1,1,5JQ8b8ZHeu6iSKH8gH7Gee5jWPfW6hc4BZrW4FZpq3Kh,$GRASS AIRDROP,$GRASS,0,1
Bo3bz5HiGB8V9vxDPc8p6CujtXdosT1c4CvU3wdYDkyh,22XAf8a7Sggq4ZDHKgGoWKjRhGpPm8jX7PS3EvoqUQTm,V1_NFT,1,0,0,0,0,1,1,1,FYo2DwQyP5udyjdbDMtiaWAKPcusKr4c7DR2TKRUmQjS,CLAIM YOUR $ME,$ME,0,1
Bo3bz5HiGB8V9vxDPc8p6CujtXdosT1c4CvU3wdYDkyh,uFwSGgrrKZPcNWBwQzdvSRxzWTjYZg1zzW3gWZ9Ft1K,V1_NFT,1,0,0,0,0,1,1,0,Hc2vsrdknaVuSypGNyMDuzR3FN3yWVcSuFALT6j2Cq71,JupPass #311,MyNF,0,1
Bo3bz5HiGB8V9vxDPc8p6CujtXdosT1c4CvU3wdYDkyh,13p96uE6YNrq2BM3etQmAgb4XXeXvBMPFoVZR8AKFqet,V1_NFT,1,0,0,0,0,1,1,1,2ASgMPrDV5hy3zsyWva7EcmjP9EYhX7thJ6Jpc9eLXwK,$BONK AIRDROP,$BONK,0,1
9955r2AsxJcbuST11jeE39wGXeQX5FziNhjzeJMK1Zss,JE6nGNpdHjk8qzE94yH3zGiZaSsGDQeQsSrsLsG5pump,FungibleToken,1,0,0,6,997793047932776,0,0,0,,cocomelon,coco,0,1
9955r2AsxJcbuST11jeE39wGXeQX5FziNhjzeJMK1Zss,JDYqnv8bKtR81jbMAo7YxWg69TcDN26rvTJQXYq3pEQA,MplBubblegumV2,1,0,1,0,0,1,1,1,GHDHUm2YiiUoTBxt3P7ZBQaPfogNXAHpUxwoYZSUoscn,,,0,1
9955r2AsxJcbuST11jeE39wGXeQX5FziNhjzeJMK1Zss,JCe4cq9bqL1238wfFjfFQ316PrS2sASKkesLYEyCpump,FungibleToken,1,0,0,6,999383307731191,0,0,0,,Minidoge,Minidoge,0,1
9955r2AsxJcbuST11jeE39wGXeQX5FziNhjzeJMK1Zss,JB2wezZLdzWfnaCfHxLg193RS3Rh51ThiXxEDWQDpump,FungibleToken,1,0,0,6,997711513119300,0,0,0,,LABUBU,LABUBU,0,1
9955r2AsxJcbuST11jeE39wGXeQX5FziNhjzeJMK1Zss,JAkWbP2ajjz89iW5MGLQyF6VXZRvu9mP7SLXp2L7vGij,FungibleToken,1,0,0,6,998670633769897,0,0,0,,Reddit Mascot,SNOO,0,1
9955r2AsxJcbuST11jeE39wGXeQX5FziNhjzeJMK1Zss,J5LugyRpwHi4TYB16UYWpDuSx6z5zsuJ7pMjU95Cpump,FungibleToken,1,0,0,6,996553229976689,0,0,0,,XENOMORPH,XENO,0,1
9955r2AsxJcbuST11jeE39wGXeQX5FziNhjzeJMK1Zss,J3NKxxXZcnNiMjKw9hYb2K4LUxgwB6t1FtPtQVsv3KFr,FungibleToken,1,0,0,8,9557104805086525,1,0,0,,SPX6900 (Wormhole),SPX,0,1
9955r2AsxJcbuST11jeE39wGXeQX5FziNhjzeJMK1Zss,Hz4CJCpZky4YD75Zs2R2nBjP5wY6tYbraaT2hVZCpump,FungibleToken,1,0,0,6,998640851403924,0,0,0,,BAKKT,BAKKT,0,1
9955r2AsxJcbuST11jeE39wGXeQX5FziNhjzeJMK1Zss,HwPtbFpd3VTe3tfyosoVtPf9WPuSk5gAKkN5xp6Npump,FungibleToken,1,0,0,6,999567004120565,0,0,0,,🟥🟪🟦🟩🟨🟧,🟥🟩,0,1
9955r2AsxJcbuST11jeE39wGXeQX5FziNhjzeJMK1Zss,HjdE4j3rHC7YMxFMHXSgEzXoNcVU6YBCfg9Q1gTJpump,FungibleToken,1,0,0,6,998935894015704,0,0,0,,kzl,kzl,0,1
9955r2AsxJcbuST11jeE39wGXeQX5FziNhjzeJMK1Zss,Hj6YuSaDdxb1fYv5ZrvuEm77wqwA8E4NSrpjRfvYpump,FungibleToken,1,0,0,6,992635742730299,0,0,0,,Jingle Bags,jinglebags,0,1
9955r2AsxJcbuST11jeE39wGXeQX5FziNhjzeJMK1Zss,Hifbs8Vdk2rgCZNqA1twmEgWHQZhmXs4XHr9DJzspump,FungibleToken,1,0,0,6,993050161994119,0,0,0,,killy,killy,0,1
9955r2AsxJcbuST11jeE39wGXeQX5FziNhjzeJMK1Zss,HhCLbkW6FwhriTkk81W8tYstsRCLUu6Y7Je1SQjVpump,FungibleToken,1,0,0,6,999923398091046,0,0,0,,KIKICat,KIKI,0,1
9955r2AsxJcbuST11jeE39wGXeQX5FziNhjzeJMK1Zss,HfYFjMKNZygfMC8LsQ8LtpPsPxEJoXJx4M6tqi75Hajo,FungibleAsset,0,0,1,9,999987027444393969,1,0,0,,,,0,1
9955r2AsxJcbuST11jeE39wGXeQX5FziNhjzeJMK1Zss,HZ1JovNiVvGrGNiiYvEozEVgZ58xaU3RKwX8eACQBCt3,FungibleToken,1,0,0,6,9999982263741253,1,0,0,,Pyth Network,PYTH,0,1
9955r2AsxJcbuST11jeE39wGXeQX5FziNhjzeJMK1Zss,HVLN8NtamR1zBE5Ha3W1kpjZN4eebes1HxCBxGkBDa5J,V1_NFT,1,0,0,0,0,1,1,1,FYo2DwQyP5udyjdbDMtiaWAKPcusKr4c7DR2TKRUmQjS,$ME AIRDROP,$CHILLGUY,0,1
9955r2AsxJcbuST11jeE39wGXeQX5FziNhjzeJMK1Zss,HUBsveNpjo5pWqNkH57QzxjQASdTVXcSK7bVKTSZtcSX,FungibleToken,1,0,0,9,6161135633799,1,0,0,,Hubra staked SOL,raSOL,0,1
9955r2AsxJcbuST11jeE39wGXeQX5FziNhjzeJMK1Zss,HRX9BoeaTM9keXiqSAm6HuTzuHRUqTfwixXXBXW4pump,FungibleToken,1,0,0,6,998233793930655,0,0,0,,Fob,FOB,0,1
9955r2AsxJcbuST11jeE39wGXeQX5FziNhjzeJMK1Zss,HNVRX1QTQTThctM6KkGPbXwtfosKpAfwCC9d6nTNpump,FungibleToken,1,0,0,6,996875378246457,0,0,0,,The Most Valuable Currency,TIME,0,1
9955r2AsxJcbuST11jeE39wGXeQX5FziNhjzeJMK1Zss,HLptm5e6rTgh4EKgDpYFrnRHbjpkMyVdEeREEa2G7rf9,FungibleToken,1,0,0,6,9998556601683897,0,0,0,,Duko,DUKO,0,1
9955r2AsxJcbuST11jeE39wGXeQX5FziNhjzeJMK1Zss,HKK7PR3X9NncmFZDZz87QcM726q2JumPajjSLKySpump,FungibleToken,1,0,0,6,995698286092486,0,0,0,,FINN ON SOL,FINN,0,1
9955r2AsxJcbuST11jeE39wGXeQX5FziNhjzeJMK1Zss,HF1AzYLPxkmsgoDY9GLaux9ghLESHLZgvUGKMAncpump,FungibleToken,1,0,0,6,998705290854917,0,0,0,,ALilyThea.ai,ALilY,0,1
9955r2AsxJcbuST11jeE39wGXeQX5FziNhjzeJMK1Zss,HEH1KRkiw9sCJyMHL32rCw7KJ52EpgJRt7GyUmZctVyM,V1_NFT,1,0,0,0,0,1,1,1,2ASgMPrDV5hy3zsyWva7EcmjP9EYhX7thJ6Jpc9eLXwK,$BONK AIRDROP,$BONK,0,1
9955r2AsxJcbuST11jeE39wGXeQX5FziNhjzeJMK1Zss,HCgybxq5Upy8Mccihrp7EsmwwFqYZtrHrsmsKwtGXLgW,FungibleAsset,0,0,1,6,99121697093317,1,0,0,,,,0,1
9955r2AsxJcbuST11jeE39wGXeQX5FziNhjzeJMK1Zss,H84qihes12nVQarr8rzmw87hDXUbHtFKRm5joBcbpump,FungibleToken,1,0,0,6,999503005798285,0,0,0,,Maxwell,Maxwell,0,1
9955r2AsxJcbuST11jeE39wGXeQX5FziNhjzeJMK1Zss,H4iSABxCygF5caEvqZeVY4ELqqXAUBkMhGh1z4GEpump,FungibleToken,1,0,0,6,998690388907632,0,0,0,,the greatest casino,casino,0,1
9955r2AsxJcbuST11jeE39wGXeQX5FziNhjzeJMK1Zss,H47UtGaNrVeVVbe9m9uZoAc4yiUfa4gomV1LWrxY1R8o,V1_NFT,1,0,0,0,0,1,1,1,59suVJh2jLvADqgxv3cUmNMm9g3hjXb5M6vu29jV27Tt,Bounty #3,trunk,0,1
9955r2AsxJcbuST11jeE39wGXeQX5FziNhjzeJMK1Zss,H3a9yYPJrp8WAqkAFY8jctzPwyGyNowcEsi3rmagpump,FungibleToken,1,0,0,6,996960825071040,0,0,0,,PENGU Penguins,PENGU,0,1
9955r2AsxJcbuST11jeE39wGXeQX5FziNhjzeJMK1Zss,H2c31USxu35MDkBrGph8pUDUnmzo2e4Rf4hnvL2Upump,FungibleToken,1,0,0,6,999973230348578,0,0,0,,Shoggoth,Shoggoth,0,1
9955r2AsxJcbuST11jeE39wGXeQX5FziNhjzeJMK1Zss,Gu3LDkn7Vx3bmCzLafYNKcDxv2mH7YN44NJZFXnypump,FungibleToken,1,0,0,6,999898540086346,0,0,0,,Degen Spartan AI,degenai,0,1
9955r2AsxJcbuST11jeE39wGXeQX5FziNhjzeJMK1Zss,Grass7B4RdKfBCjTKgSqnXkqjwiGvQyFbuSCUJr3XXjs,FungibleToken,1,0,0,9,999993238963454543,1,0,0,,Grass,GRASS,0,1
9955r2AsxJcbuST11jeE39wGXeQX5FziNhjzeJMK1Zss,GrLvp1v6SGUyDZxUDxy69cTibyTQkNNJ6ukePW4Tpump,FungibleToken,1,0,0,6,922459299238103,0,0,0,,Terry In The Trenches,Terry,0,1
9955r2AsxJcbuST11jeE39wGXeQX5FziNhjzeJMK1Zss,GinNabffZL4fUj9Vactxha74GDAW8kDPGaHqMtMzps2f,FungibleToken,1,0,0,6,6896914328465004226,0,0,0,GrYstZRx1bzW1bCtrGrsjXAkY6DynA8nxHgRKgHHgshB,Ginnan Doge's Sister,GINNAN,0,1
9955r2AsxJcbuST11jeE39wGXeQX5FziNhjzeJMK1Zss,GiG7Hr61RVm4CSUxJmgiCoySFQtdiwxtqf64MsRppump,FungibleToken,1,0,0,6,999766913639799,0,0,0,,Smoking Chicken Fish,SCF,0,1
9955r2AsxJcbuST11jeE39wGXeQX5FziNhjzeJMK1Zss,Gh6cBL11RRwVYHUyoGFXdYJXhWW1HETnPriNZN71pump,FungibleToken,1,0,0,6,977874724662161,0,0,0,,Finna,Finna,0,1
9955r2AsxJcbuST11jeE39wGXeQX5FziNhjzeJMK1Zss,GbXpaZ3XzVRGQsnpFTyQoi3ywd3DfVWg7W3Z4qTHpump,FungibleToken,1,0,0,6,995361395430284,0,0,0,,Sign Language Hub,SLHUB,0,1
9955r2AsxJcbuST11jeE39wGXeQX5FziNhjzeJMK1Zss,GaHzUe4HJsCHXPbajnsMrS2V24NxhS1xnyQMSYoNbHUB,V1_NFT,1,0,0,0,0,1,1,1,2ASgMPrDV5hy3zsyWva7EcmjP9EYhX7thJ6Jpc9eLXwK,$BONK AIRDROP,$BONK,0,1
9955r2AsxJcbuST11jeE39wGXeQX5FziNhjzeJMK1Zss,GaGbyuY1eqbsS9Zaun1P2msLsKZXW6K7oLiHHnfvXMhx,V1_NFT,1,0,0,0,0,1,1,1,FYo2DwQyP5udyjdbDMtiaWAKPcusKr4c7DR2TKRUmQjS,CLAIM YOUR $ME,$ME,0,1
9955r2AsxJcbuST11jeE39wGXeQX5FziNhjzeJMK1Zss,GYKmdfcUmZVrqfcH1g579BGjuzSRijj3LBuwv79rpump,FungibleToken,1,0,0,6,999409422066417,0,0,0,,wrapped dog,wDOG,0,1
9955r2AsxJcbuST11jeE39wGXeQX5FziNhjzeJMK1Zss,GWa3z6wZbCNqsi2WYT95pyq54H5a7AoW6WuUaykFFQNC,FungibleToken,0,0,1,6,598000000,1,0,0,,,,0,1
9955r2AsxJcbuST11jeE39wGXeQX5FziNhjzeJMK1Zss,GVwpWU5PtJFHS1mH35sHmsRN1XWUwRV3Qo94h5Lepump,FungibleToken,1,0,0,6,999615340894214,0,0,0,,cat girl,CATGF,0,1
9955r2AsxJcbuST11jeE39wGXeQX5FziNhjzeJMK1Zss,GT5qW4HA3hzfdioeTRhSQpdhcpZWZcDP3Xj5nXraTiAQ,FungibleToken,1,0,0,6,99394402826420,0,0,0,,Jiffpom,JIFF,0,1
9955r2AsxJcbuST11jeE39wGXeQX5FziNhjzeJMK1Zss,GRUmPYbiTpq9ZPy5LAqBMMze7kErf5dEX2i9qYfwoSmR,FungibleToken,1,0,0,9,9176914191246280350,0,0,0,,Grumpy Cat,GRUMPY,0,1
9955r2AsxJcbuST11jeE39wGXeQX5FziNhjzeJMK1Zss,GRLNrTMXkdYCpn9H9ickUD4YgKXKqwYMJ2bVB42p1nJn,V1_NFT,1,0,0,0,0,1,1,1,ErpMXKkPGRJUURpvgwMWAhTV9nBuBN9bnfNw2ECaRcKd,BOX#{numbers},,0,1
9955r2AsxJcbuST11jeE39wGXeQX5FziNhjzeJMK1Zss,GRJQtWwdJmp5LLpy8JWjPgn5FnLyqSJGNhn5ZnCTFUwM,FungibleToken,1,0,0,9,1181543085094,1,0,0,,Overclock SOL,clockSOL,0,1
9955r2AsxJcbuST11jeE39wGXeQX5FziNhjzeJMK1Zss,GRFK7sv4KhkMzJ7BXDUBy4PLyZVBeXuW1FeaT6Mnpump,FungibleToken,1,0,0,6,999643201280700,0,0,0,,Meme Coin Millionaire,RICH,0,1
9955r2AsxJcbuST11jeE39wGXeQX5FziNhjzeJMK1Zss,GPW92bABzvghWgrFprimVC5QWvPkcsCGqWcNxuTf32t4,V1_NFT,1,0,0,0,0,1,1,1,AegjvapnRibxUMCVW2aUAKEqn5Jfjj5soKdjHpWu2Sdj,JUP AIRDROP,$JUP,0,1
9955r2AsxJcbuST11jeE39wGXeQX5FziNhjzeJMK1Zss,GNVzNKa1jLhhZ5Snfh4veHJVTFveYNCL4np9MnEKopq3,V1_NFT,1,0,0,0,0,1,1,1,ErpMXKkPGRJUURpvgwMWAhTV9nBuBN9bnfNw2ECaRcKd,BOX#{numbers},,0,1
9955r2AsxJcbuST11jeE39wGXeQX5FziNhjzeJMK1Zss,GLPdQwGtjcynj3RLraenPeR9v1REnpdyuciPBpVipump,FungibleToken,1,0,0,6,985169768931970,0,0,0,,Scoutly AI,SCOUT,0,1
9955r2AsxJcbuST11jeE39wGXeQX5FziNhjzeJMK1Zss,GJtJuWD9qYcCkrwMBmtY1tpapV1sKfB2zUv9Q4aqpump,FungibleToken,1,0,0,6,999244285656183,0,0,0,,Rifampicin,$RIF,0,1
9955r2AsxJcbuST11jeE39wGXeQX5FziNhjzeJMK1Zss,GJQpf6Zjvokd3YK5EprXqZUah9jxkn8aG4pTeWL7Gkju,FungibleToken,1,0,0,9,3999844342156724000,1,0,0,,HDOKI,OKI,0,1
9955r2AsxJcbuST11jeE39wGXeQX5FziNhjzeJMK1Zss,GJAFwWjJ3vnTsrQVabjBVK2TYB1YtRCQXRDfDgUnpump,FungibleToken,1,0,0,6,948241847159821,0,0,0,,Act I : The AI Prophecy,ACT,0,1
9955r2AsxJcbuST11jeE39wGXeQX5FziNhjzeJMK1Zss,GHtLF7drbYXGTHX73uSxqPKkJUzDqcBNe2M9fzjJzr3j,FungibleToken,1,0,0,8,6934182906137271621,0,0,0,,StarShip🚀,STSHIP,0,1
9955r2AsxJcbuST11jeE39wGXeQX5FziNhjzeJMK1Zss,GHichsGq8aPnqJyz6Jp1ASTK4PNLpB5KrD6XrfDjpump,FungibleToken,1,0,0,6,999670919962603,0,0,0,,just buy $1 worth of this coin,$1,0,1
9955r2AsxJcbuST11jeE39wGXeQX5FziNhjzeJMK1Zss,GFRxeCdpomjJaYQEuwPDAPghyBD3H9zqnWY2HJPjpump,FungibleToken,1,0,0,6,999699704511734,0,0,0,,Generational Wealth,wealth,0,1
9955r2AsxJcbuST11jeE39wGXeQX5FziNhjzeJMK1Zss,GEneduvJ1dbJ5JCaVJ3QwG4a8Px8qdyR4ufGSuhz2tgy,V1_NFT,1,0,0,0,0,1,1,1,2z52Z4feRVxsGorNSF3s8Z6355RAySA4uiLZjtZbjXmn,$CHILLGUY AIRDROP,$CHILLGUY,0,1
9955r2AsxJcbuST11jeE39wGXeQX5FziNhjzeJMK1Zss,GBjQNdWSmKkrGcPNrQkrJA7HCzdHQjLL2SMZKBTJVJUJ,V1_NFT,1,0,0,0,0,1,1,1,FwSbBiWbXBgVvRvZ4FqXQ6qAxmTZaWRNabuH9j6n1Jie,Daddy,,0,1
9955r2AsxJcbuST11jeE39wGXeQX5FziNhjzeJMK1Zss,GBJz7CzQhbcFmuq3Dz6dBYV25SvFBVd7zRqkoKpCpump,FungibleToken,1,0,0,6,998460995090519,0,0,0,,Nexus AI Terminal,Nexus,0,1
9955r2AsxJcbuST11jeE39wGXeQX5FziNhjzeJMK1Zss,GAtqwVqV8DYKihzqNY2sUsSBEpU7QCoLYgTs9hn7gTNv,FungibleToken,1,0,0,8,94061589365435955,0,0,0,,Just A Solana Guy,SOLGUY,0,1
9955r2AsxJcbuST11jeE39wGXeQX5FziNhjzeJMK1Zss,GAMwtMB6onAvBNBQJCJFuxoaqfPH8uCQ2dewNMVVpump,FungibleToken,1,0,0,6,999824427127259,0,0,0,,AgentTank,TANK,0,1
9955r2AsxJcbuST11jeE39wGXeQX5FziNhjzeJMK1Zss,G85Kr4dnR3M1uymyjfyAWLNtzf7hFELQsmwwwt73dYvA,FungibleToken,1,0,0,6,997388809232369,0,0,0,,Sons of Solana,BROTHERS,0,1
9955r2AsxJcbuST11jeE39wGXeQX5FziNhjzeJMK1Zss,G3S73qUNgiFv3JPYhkRYdhA79ygUq3TUmNdxnikXXJkq,FungibleToken,1,0,0,6,4999977514501441,0,0,0,7tJxiwPtp18QfacLtmuqJuADFeRYkrXH4ybHioB6h74R,AI Rig Complex,arc,0,1
9955r2AsxJcbuST11jeE39wGXeQX5FziNhjzeJMK1Zss,Fxm6tJ2khHbLVcSgnYUqg9FiBduVRLEvdQR67dvQ3eGp,FungibleToken,1,0,0,6,999418040604825,0,0,0,,Naitzsche,NAI,0,1
9955r2AsxJcbuST11jeE39wGXeQX5FziNhjzeJMK1Zss,FvgqHMfL9yn39V79huDPy3YUNDoYJpuLWng2JfmQpump,FungibleToken,1,0,0,6,999105835806086,0,0,0,,Urolithin A,$URO,0,1
9955r2AsxJcbuST11jeE39wGXeQX5FziNhjzeJMK1Zss,FueRQG7Pe1EmMGtcevu95YwtCKNMQg1zRbreLsw3pump,FungibleToken,1,0,0,6,998982775348036,0,0,0,,Limited Language Model,LLM,0,1
9955r2AsxJcbuST11jeE39wGXeQX5FziNhjzeJMK1Zss,FtR4wBiTVyWGR5NTTg2uNY4X3KwH5ULfbZWWkPndpmmx,V1_NFT,1,0,0,0,0,1,1,1,2ASgMPrDV5hy3zsyWva7EcmjP9EYhX7thJ6Jpc9eLXwK,$RETARDIO AIRDROP,$RETARDIO,0,1
9955r2AsxJcbuST11jeE39wGXeQX5FziNhjzeJMK1Zss,FskzSqy7Pi1f3nWorr4WhhQboxzyv8fv6Q2e8xyDpump,FungibleToken,1,0,0,6,999770540631412,0,0,0,,morud,morud,0,1
9955r2AsxJcbuST11jeE39wGXeQX5FziNhjzeJMK1Zss,FpTEQdi4gZ1DfoNGnNHKYzwUWsUQHuCa7tEwC1Efpump,FungibleToken,1,0,0,6,498506408495040,0,0,0,,HARD,HARD,0,1
9955r2AsxJcbuST11jeE39wGXeQX5FziNhjzeJMK1Zss,FoRGERiW7odcCBGU1bztZi16osPBHjxharvDathL5eds,FungibleToken,1,0,0,9,43997704051743935,1,0,0,,FORGE,FORGE,0,1
9955r2AsxJcbuST11jeE39wGXeQX5FziNhjzeJMK1Zss,FnQMnE5aC59t3obZK1qfDKHVYKtU2tCPHN63ovuypump,FungibleToken,1,0,0,6,996972914954645,0,0,0,,Gnon Arbiter of the Universe,TAofU,0,1
9955r2AsxJcbuST11jeE39wGXeQX5FziNhjzeJMK1Zss,FkSmeRYg88vURRi2qU9rohXrTcHPkozrGiANTfhkYQ2z,V1_NFT,1,0,0,0,0,1,1,1,2ASgMPrDV5hy3zsyWva7EcmjP9EYhX7thJ6Jpc9eLXwK,$BONK AIRDROP,$BONK,0,1
9955r2AsxJcbuST11jeE39wGXeQX5FziNhjzeJMK1Zss,FjK6rqU6QzUeNtmK6QQ78cCuS5AHAhcm4HgJkdsvXaep,FungibleToken,1,0,0,8,9765005724551790,1,0,0,,YOUR AI (Wormhole),YOURAI,0,1
9955r2AsxJcbuST11jeE39wGXeQX5FziNhjzeJMK1Zss,FfkKmFbPgYTmhU53FyWD4U7AtqVMnL4hRWrcrhFEJR7J,FungibleToken,1,0,0,9,959494113830716041,0,0,0,996j4JxHx6pePpzUygaiW8SLiz99TYuFtb9MAB1qkRbd,Gwoat,GWOAT,0,1
9955r2AsxJcbuST11jeE39wGXeQX5FziNhjzeJMK1Zss,FfgtU4bMte3JRZGX7kcNVywxiGoSqUTga8eZxTSFpump,FungibleToken,1,0,0,6,961064182936722,0,0,0,,Alpaca,Alpaca,0,1
9955r2AsxJcbuST11jeE39wGXeQX5FziNhjzeJMK1Zss,FfYhzJ7j3rrs4m4i1wKy5Bz5aYW8mKEGq2rxChU3pump,FungibleToken,1,0,0,6,999196512303267,0,0,0,,SAMOI,SMO,0,1
9955r2AsxJcbuST11jeE39wGXeQX5FziNhjzeJMK1Zss,Faf89929Ni9fbg4gmVZTca7eW6NFg877Jqn6MizT3Gvw,FungibleToken,1,0,0,8,999782012326103796,1,0,0,,LandWolf,WOLF,0,1
9955r2AsxJcbuST11jeE39wGXeQX5FziNhjzeJMK1Zss,FYpdxd89HBc3uVxctEKeLCW8ZbD4B3K3CLaDXm67HQxK,V1_NFT,1,0,0,0,0,1,1,0,BeVVXuvvGNmFBeK1bazfc2CYdvvJ5AFi4aNv75Ah7vo8,Qualified #611,MyNF,0,1
9955r2AsxJcbuST11jeE39wGXeQX5FziNhjzeJMK1Zss,FY7EieWUE7ifbQoABC73w6bxjuRtc53PdJAnojQ3pump,FungibleToken,1,0,0,6,997622810496857,0,0,0,,New Truth Terminal,Loria,0,1
9955r2AsxJcbuST11jeE39wGXeQX5FziNhjzeJMK1Zss,FWJigwp1QX9J9Wkf3F74BCFTKFLde1x3Mm6Vm77zoRDH,V1_NFT,1,0,0,0,0,1,1,1,5iqhjZBsiFuECYVrrppmQuERRuDTxbYgLhqmznVF1PEM,,,0,1
9955r2AsxJcbuST11jeE39wGXeQX5FziNhjzeJMK1Zss,FU1q8vJpZNUrmqsciSjp8bAKKidGsLmouB8CBdf8TKQv,FungibleToken,1,0,0,9,99952895561674643,1,0,0,,doland tremp,tremp,0,1
9955r2AsxJcbuST11jeE39wGXeQX5FziNhjzeJMK1Zss,FQoaZuw7rjEw2yiJfCNTmqRXdpqNPczM4iAzUHA3sKM5,V1_NFT,1,0,0,0,0,1,1,0,SALE6e6w7CTQ2yuKZKGsMCiLNfRm6XBXZLeDzb3z651,$JBOX #1,$JBOX,0,1
9955r2AsxJcbuST11jeE39wGXeQX5FziNhjzeJMK1Zss,FLTHudk5B5zag7JmGXqrYrFfey6otevLQA6jm1UHHLEE,FungibleToken,1,0,0,9,8513441654206420,1,0,0,,FLTH,FLTH,0,1
9955r2AsxJcbuST11jeE39wGXeQX5FziNhjzeJMK1Zss,FJk7XQp89UFUZVbpKuuKE65SNZoPamTftnjHmX2Jpump,FungibleToken,1,0,0,6,999853219302540,0,0,0,,Gattaca,GATTA,0,1
9955r2AsxJcbuST11jeE39wGXeQX5FziNhjzeJMK1Zss,FHKKDe1LXgX1xzwt9RDdJB6FUd5kBErq941PRzkX3TDj,V1_NFT,1,0,0,0,0,1,1,1,ErpMXKkPGRJUURpvgwMWAhTV9nBuBN9bnfNw2ECaRcKd,BOX#{numbers},,0,1
9955r2AsxJcbuST11jeE39wGXeQX5FziNhjzeJMK1Zss,F9yDnURRaLPETZJmEb5PaSb6DqaQw8oSfKFQd7PUpump,FungibleToken,1,0,0,6,999940839832293,0,0,0,,queefing,queef,0,1
9955r2AsxJcbuST11jeE39wGXeQX5FziNhjzeJMK1Zss,F78vsBHyDmKfhLwiWEQnjmnGMszpGsQ1NPUhPZDdr4Z7,V1_NFT,1,0,0,0,0,1,1,1,2z52Z4feRVxsGorNSF3s8Z6355RAySA4uiLZjtZbjXmn,CLAIM YOUR $ME,$MOODENG,0,1
9955r2AsxJcbuST11jeE39wGXeQX5FziNhjzeJMK1Zss,F6qoefQq4iCBLoNZ34RjEqHjHkD8vtmoRSdw9Nd55J1k,FungibleToken,1,0,0,9,980572534701107177,0,0,0,,shibwifhat,SHIB,0,1
9955r2AsxJcbuST11jeE39wGXeQX5FziNhjzeJMK1Zss,F2JLbzaA8tavGNpJSYGinXth3JEB8xrPXDwJ78sTpump,FungibleToken,1,0,0,6,998450525355594,0,0,0,,GRINCH,GRINCH,0,1
9955r2AsxJcbuST11jeE39wGXeQX5FziNhjzeJMK1Zss,Es9vMFrzaCERmJfrF4H2FYD4KCoNkY11McCe8BenwNYB,FungibleToken,1,0,0,6,3489909832304241,1,0,0,,USDT,USDT,0,1
9955r2AsxJcbuST11jeE39wGXeQX5FziNhjzeJMK1Zss,EoFrf9ZDRkzLsxX45JXZNDgibEsEdG8bFmaTnJpMpump,FungibleToken,1,0,0,6,987821552345399,0,0,0,,Official Mascot Church Of Satan,DIABOLO,0,1
9955r2AsxJcbuST11jeE39wGXeQX5FziNhjzeJMK1Zss,EmhVWGUa2Q9PN4QjzFjvuVyzFKg4s3ERwjKR9dQDpump,FungibleToken,1,0,0,6,998614570101635,0,0,0,,Believe In Something,DTF,0,1
9955r2AsxJcbuST11jeE39wGXeQX5FziNhjzeJMK1Zss,EgXtPvYCQqjoCgi2C7PTAa8uACgjndgQG4sJrSegqWbv,V1_NFT,1,0,0,0,0,1,1,1,5JQ8b8ZHeu6iSKH8gH7Gee5jWPfW6hc4BZrW4FZpq3Kh,PUMP.FUN AIRDROP,$PUMP,0,1
9955r2AsxJcbuST11jeE39wGXeQX5FziNhjzeJMK1Zss,EcYK2XNG4wWr2vDg2M2Hrts6SrU2QB4NzXLBf888pump,FungibleToken,1,0,0,6,999819289437767,0,0,0,,Dogefather,DOGEFATHER,0,1
9955r2AsxJcbuST11jeE39wGXeQX5FziNhjzeJMK1Zss,ERnrpKJTPxtsoVzh6iqCma8NnnYzDcHeQhJ5RuzKqzzS,V1_NFT,1,0,0,0,0,1,1,1,NuuXjrAt8LmkTLD7LmPemPtf2Xdefx93izJmkm2npaq,$JUP AIRDROP,$JUP,0,1
9955r2AsxJcbuST11jeE39wGXeQX5FziNhjzeJMK1Zss,EPjFWdd5AufqSSqeM2qN1xzybapC8G4wEGGkZwyTDt1v,FungibleToken,1,0,0,6,8716869904380935,1,0,0,,USD Coin,USDC,0,1
9955r2AsxJcbuST11jeE39wGXeQX5FziNhjzeJMK1Zss,EHRZ7UTweF6uoeVWtKCRXatss9nwbSPDY1tPBt2fpump,FungibleToken,1,0,0,6,995998480034895,0,0,0,,we go higher,euphoric,0,1
9955r2AsxJcbuST11jeE39wGXeQX5FziNhjzeJMK1Zss,EH2tRrNn2TfD2c1vNLMrNaxa4wskzEnzb1Vo5YDRpump,FungibleToken,1,0,0,6,997586458728014,0,0,0,,Slap Cat,SLAP,0,1
9955r2AsxJcbuST11jeE39wGXeQX5FziNhjzeJMK1Zss,EGmtd2eudyQxTaFrX6zJ5b2yqKrHLMQ1bUp7LttunfcM,FungibleToken,1,0,0,9,9920893770827361270,1,0,0,,Pepe,PEPE,0,1
9955r2AsxJcbuST11jeE39wGXeQX5FziNhjzeJMK1Zss,EBej81MexToVKSoYdiZ9ufej79yazX5uwhye8gcRZAoE,FungibleToken,1,0,0,9,911195157666891843,1,0,0,,IDOL COIN,IDOL,0,1
9955r2AsxJcbuST11jeE39wGXeQX5FziNhjzeJMK1Zss,EBGaJP7srpUUN8eRdta1MsojrNtweuHYsdP3P1TRpump,FungibleToken,1,0,0,6,998908428974563,0,0,0,,Realis Worlds,REALIS,0,1
HuzNeiRA6MexzQs21AKHUsjLWTseCNkTcFi5iX9MK3pA,H2zb37x5nyW1yeCzVn2RecQFCdt8JK9ZioxqSNsFpump,FungibleToken,1,0,0,6,998832508186146,0,0,0,,florencecel,REN,0,1
HuzNeiRA6MexzQs21AKHUsjLWTseCNkTcFi5iX9MK3pA,GzUaqYng342ta7wx6kgWyamtpSY6mVVkpeuHDf8uyRP8,V1_NFT,1,0,0,0,0,1,1,0,Hc2vsrdknaVuSypGNyMDuzR3FN3yWVcSuFALT6j2Cq71,JupPass #311,MyNF,0,1
HuzNeiRA6MexzQs21AKHUsjLWTseCNkTcFi5iX9MK3pA,GVwpWU5PtJFHS1mH35sHmsRN1XWUwRV3Qo94h5Lepump,FungibleToken,1,0,0,6,999615340894214,0,0,0,,cat girl,CATGF,0,1
HuzNeiRA6MexzQs21AKHUsjLWTseCNkTcFi5iX9MK3pA,G9tt98aYSznRk7jWsfuz9FnTdokxS6Brohdo9hSmjTRB,FungibleAsset,0,0,1,9,137788543472245323,1,0,0,,,,0,1
HuzNeiRA6MexzQs21AKHUsjLWTseCNkTcFi5iX9MK3pA,G8JeYsqm8q6TkPDSNfq4nJJ74VTePvdjLAmcJis1gr5q,V1_NFT,1,0,0,0,0,1,1,1,2z52Z4feRVxsGorNSF3s8Z6355RAySA4uiLZjtZbjXmn,CLAIM YOUR $ME,$MOODENG,0,1
HuzNeiRA6MexzQs21AKHUsjLWTseCNkTcFi5iX9MK3pA,FueRQG7Pe1EmMGtcevu95YwtCKNMQg1zRbreLsw3pump,FungibleToken,1,0,0,6,998982775348036,0,0,0,,Limited Language Model,LLM,0,1
HuzNeiRA6MexzQs21AKHUsjLWTseCNkTcFi5iX9MK3pA,FskzSqy7Pi1f3nWorr4WhhQboxzyv8fv6Q2e8xyDpump,FungibleToken,1,0,0,6,999770540631412,0,0,0,,morud,morud,0,1
HuzNeiRA6MexzQs21AKHUsjLWTseCNkTcFi5iX9MK3pA,Fosp9yoXQBdx8YqyURZePYzgpCnxp9XsfnQq69DRvvU4,FungibleToken,1,0,0,6,999466080909358,0,0,0,,MEDUSA,MEDUSA,0,1
HuzNeiRA6MexzQs21AKHUsjLWTseCNkTcFi5iX9MK3pA,FnQMnE5aC59t3obZK1qfDKHVYKtU2tCPHN63ovuypump,FungibleToken,1,0,0,6,996972914954645,0,0,0,,Gnon Arbiter of the Universe,TAofU,0,1
HuzNeiRA6MexzQs21AKHUsjLWTseCNkTcFi5iX9MK3pA,FSPEVmautR25UxZJvgNN3VdR5pgRFG5idepvArYkn7Lf,V1_NFT,1,0,0,0,0,1,1,0,8e6ZSD772Jhtncr9TyMjyGBTSR47fznvDAF3DfVyYaNg,$GIFT #1312,JUPBOX,0,1
HuzNeiRA6MexzQs21AKHUsjLWTseCNkTcFi5iX9MK3pA,Ey9G61agZXmAjcpNibmCz2tLb6Cte2A9DgN3sUwvGBDf,FungibleToken,1,0,0,6,997728083394429,0,0,0,,moon,moon,0,1
HuzNeiRA6MexzQs21AKHUsjLWTseCNkTcFi5iX9MK3pA,EnWQDyNijLjtSMkHv2wPKrftx4CHZdvnL1AYQUZb3FXj,V1_NFT,1,0,0,0,0,1,1,1,2z52Z4feRVxsGorNSF3s8Z6355RAySA4uiLZjtZbjXmn,CLAIM YOUR $ME,$ME,0,1
HuzNeiRA6MexzQs21AKHUsjLWTseCNkTcFi5iX9MK3pA,EB8uJb7PfZhEGgLxzTURemxoXMHAEvAnbNi48JQhpump,FungibleToken,1,0,0,6,999792798483152,0,0,0,,Kidseus Minimus,$KID,0,1
HuzNeiRA6MexzQs21AKHUsjLWTseCNkTcFi5iX9MK3pA,E6Tb99YmokEjaE9PFK3VEcMdHHWKkw19WntUuc992QJU,V1_NFT,1,0,0,0,0,1,1,1,7zaQPy9TcE3F895MUqv84Qof3tcaoZp1VLUjXviDK63Q,$13489,$$$,0,1
HuzNeiRA6MexzQs21AKHUsjLWTseCNkTcFi5iX9MK3pA,DriFtupJYLTosbwoN8koMbEYSx54aFAVLddWsbksjwg7,FungibleToken,1,0,0,6,999999514730913,0,0,0,,Drift,DRIFT,0,1
HuzNeiRA6MexzQs21AKHUsjLWTseCNkTcFi5iX9MK3pA,DogPRmvgNbN7HMkoTi4g2eArdRmTWNbmkKzRwCdunEt6,FungibleToken,1,0,0,6,99570883486604,0,0,0,,popthedog,popdog,0,1
HuzNeiRA6MexzQs21AKHUsjLWTseCNkTcFi5iX9MK3pA,Dnb9dLSXxAarXVexehzeH8W8nFmLMNJSuGoaddZSwtog,FungibleToken,1,0,0,6,997971857837862244,1,0,0,,cok the cat,COK,0,1
HuzNeiRA6MexzQs21AKHUsjLWTseCNkTcFi5iX9MK3pA,DLKctabxpdtpu3WfHtuKPZLy9PTrWoxSEekMuhKiZYcZ,V1_NFT,1,0,0,0,0,1,1,1,6L8aNRqvPpGizBfYzDEoyP2C9LkU1avfUssRM9ZidR66,Jupdrop #4,,0,1
HuzNeiRA6MexzQs21AKHUsjLWTseCNkTcFi5iX9MK3pA,D6yd9DWEgFveGE3ZgWm7DXdrQWmJcwEpQqH2MKA9pump,FungibleToken,1,0,0,6,997250667010809,0,0,0,,chip,chip,0,1
HuzNeiRA6MexzQs21AKHUsjLWTseCNkTcFi5iX9MK3pA,CgsgaAyDbbqQ34zffEwqw7HStpAStGmBzHdBBGyyLthF,FungibleToken,1,0,0,9,999683745272618832,0,0,0,,ARTIC,ARTIC,0,1
HuzNeiRA6MexzQs21AKHUsjLWTseCNkTcFi5iX9MK3pA,CJJbVYyrX92FjZGWn6Ckg9SnszxGF33C6okcKsmFpump,FungibleToken,1,0,0,6,997782260860998,0,0,0,,Believe in ⌥,⌥,0,1
HuzNeiRA6MexzQs21AKHUsjLWTseCNkTcFi5iX9MK3pA,CFzhqSNqYZRsUszCGwZ3SJ9iPHLvSumffaS6gWuupump,FungibleToken,1,0,0,6,998327064539355,0,0,0,,ꌗ꓄ꋪꍏꅐꌃꍟꋪꋪꌩ,STRAWBERRY,0,1
HuzNeiRA6MexzQs21AKHUsjLWTseCNkTcFi5iX9MK3pA,CFmx5Qv5mHEvnAeEB7khfaXKdsCTPsM6nNcdHaTdpump,FungibleToken,1,0,0,6,997433934015926,0,0,0,,Soliloquy Cat Real Name,$LAURA,0,1
HuzNeiRA6MexzQs21AKHUsjLWTseCNkTcFi5iX9MK3pA,C7j6NbYsvu3xSj61eUHQRPTm6qBp8tWrsEumE4zh2MHW,V1_NFT,1,0,0,0,0,0,1,0,,3000$W Token Ticket,WRM,0,1
HuzNeiRA6MexzQs21AKHUsjLWTseCNkTcFi5iX9MK3pA,C66WRZEi4Tbx5y1xJ1dyVMzbELggMtaKY7eVcK6VB2Vo,V1_NFT,1,0,0,0,0,1,1,1,7zaQPy9TcE3F895MUqv84Qof3tcaoZp1VLUjXviDK63Q,104 SOL For You ETHCrate.com,SOL,0,1
HuzNeiRA6MexzQs21AKHUsjLWTseCNkTcFi5iX9MK3pA,Bn7SRvLrjxLWiWUD6F8jP1kHvx6eRcTop9nti8P5GR6v,V1_NFT,1,0,0,0,0,1,1,1,5jWhR7oDC3DWDDcoxZVoV5zs5szXrfa9vUtv2gjUbnpt,AB Rare #1,,0,1
HuzNeiRA6MexzQs21AKHUsjLWTseCNkTcFi5iX9MK3pA,B9ZArmaKEZnBGANZGr812LSHhNPLRTefzRe1e6Hc6wa5,FungibleToken,1,0,0,0,290760,1,0,0,,__ Official Solana NFT,NFT,0,1
HuzNeiRA6MexzQs21AKHUsjLWTseCNkTcFi5iX9MK3pA,B1N5LcA9xAt2DrsQpqYE543XS2NoBPQPiDF2bboyk26p,FungibleToken,1,0,0,6,20729656123300,1,0,0,,Bitcoin,BTC,0,1
HuzNeiRA6MexzQs21AKHUsjLWTseCNkTcFi5iX9MK3pA,AsmKCysufJvzLiMu5BXPn2ENsLx6DKsRSxstDk4Epump,FungibleToken,1,0,0,6,693194183152370,0,0,0,,🍖,🍖,0,1
HuzNeiRA6MexzQs21AKHUsjLWTseCNkTcFi5iX9MK3pA,9pWPUXoZKWNPWyaegPQeR3Kn8aFz9nrGtm5jeAFzpump,FungibleToken,1,0,0,6,999788051941582,0,0,0,,Weird Medieval Memes,WMM,0,1
HuzNeiRA6MexzQs21AKHUsjLWTseCNkTcFi5iX9MK3pA,92wuGwwgHHNCXMCxrPsWHsCsECcDAdxQzXeLq5rNpump,FungibleToken,1,0,0,6,999207369323148,0,0,0,,mu (μ),mu,0,1
HuzNeiRA6MexzQs21AKHUsjLWTseCNkTcFi5iX9MK3pA,8hB5Wj9pZrnK58y2xBm6FVcyQ35rTxdavv9fVHgopump,FungibleToken,1,0,0,6,873952049573337,0,0,0,,HOLLY,HOLLY,0,1
HuzNeiRA6MexzQs21AKHUsjLWTseCNkTcFi5iX9MK3pA,8doS8nzmgVZEaACxALkbK5fZtw4UuoRp4Yt8NEaXfDMb,FungibleToken,1,0,0,6,997991055493720,0,0,0,,WAFFLES ,$WAFFLES ,0,1
HuzNeiRA6MexzQs21AKHUsjLWTseCNkTcFi5iX9MK3pA,8ErAhiyZjF8N211Rgux5M7ymNR4eUic3NbkZi5XUddcF,V1_NFT,1,0,0,0,0,1,1,1,2z52Z4feRVxsGorNSF3s8Z6355RAySA4uiLZjtZbjXmn,CLAIM YOUR $ME,$ME,0,1
HuzNeiRA6MexzQs21AKHUsjLWTseCNkTcFi5iX9MK3pA,8Dc8ddqXVKXp8AGLBZsiM9LNBFVJTHyi9z8me5fjxRRe,V1_NFT,1,0,0,0,0,0,1,0,,SAGA.PROMO AIRDROP by Saga,SAG,0,1
HuzNeiRA6MexzQs21AKHUsjLWTseCNkTcFi5iX9MK3pA,8CJqru4XL2y9eZ1nN6MTeEiN31E9649bmb1DMemupump,FungibleToken,1,0,0,6,997359959850712,0,0,0,,Gematro,Gematro,0,1
HuzNeiRA6MexzQs21AKHUsjLWTseCNkTcFi5iX9MK3pA,85VBFQZC9TZkfaptBWjvUw7YbZjy52A6mjtPGjstQAmQ,FungibleToken,1,0,0,6,9999977133321628,1,0,0,,Wormhole Token,W,0,1
HuzNeiRA6MexzQs21AKHUsjLWTseCNkTcFi5iX9MK3pA,7xKXtg2CW87d97TXJSDpbD5jBkheTqA83TZRuJosgAsU,FungibleToken,1,0,0,9,5736424170809495672,1,0,0,,Samoyed Coin,SAMO,0,1
HuzNeiRA6MexzQs21AKHUsjLWTseCNkTcFi5iX9MK3pA,7f7dgNNeL1RwbEd6Eao5BE8KNurTnLZnRZeVjkCGJgQD,FungibleToken,1,0,0,9,755644334497442992,0,0,0,7kEbRVtfwpiQ211Yp3qjuDVVyB1X2DsmwBm7jqNCpQgH,Poodlana,POODL,0,1
HuzNeiRA6MexzQs21AKHUsjLWTseCNkTcFi5iX9MK3pA,7ZWvKP6FhM7FtHgDrG7aFjHpWusW6ThuE7BmPHUYFjn9,V1_NFT,1,0,0,0,0,1,1,1,7zaQPy9TcE3F895MUqv84Qof3tcaoZp1VLUjXviDK63Q,104 SOL For You ETHCrate.com,SOL,0,1
HuzNeiRA6MexzQs21AKHUsjLWTseCNkTcFi5iX9MK3pA,7PLFUMueEkMDc9dNoCnL5kG3aoLixML1iG5nA9ojpump,FungibleToken,1,0,0,6,998700618751919,0,0,0,,ANT by Claude,ANT,0,1
HuzNeiRA6MexzQs21AKHUsjLWTseCNkTcFi5iX9MK3pA,7JcxhSd2J8EziYAA7kDj84e7pmaEK2y5U3czhTj8nAJd,V1_NFT,1,0,0,0,0,0,1,0,,RAYD.PROMO AIRDROP Raydium,RPAR,0,1
HuzNeiRA6MexzQs21AKHUsjLWTseCNkTcFi5iX9MK3pA,7CCCwcyjrNv4mHjgv8fVx95MqpV7224CKnAQrcLwpump,FungibleToken,1,0,0,6,997750447418162,0,0,0,,HANA,HANA,0,1
HuzNeiRA6MexzQs21AKHUsjLWTseCNkTcFi5iX9MK3pA,78gHtUgftBDBGd2Q1mctRrHq2E2576EJ7ZzgoVTkWuJR,V1_NFT,1,0,0,0,0,0,1,0,,Drop Pass,RPA,0,1
HuzNeiRA6MexzQs21AKHUsjLWTseCNkTcFi5iX9MK3pA,6jLRzB2RFKtyTK9YDxpY7KXkm284e4Eqwce4fqPapump,FungibleToken,1,0,0,6,999138505383321,0,0,0,,Grimes AI,GRIMES,0,1
HuzNeiRA6MexzQs21AKHUsjLWTseCNkTcFi5iX9MK3pA,6ehL2VqmPAtn4c3pLkAJd2ah4sAzKEL4nmwxh2b7pump,FungibleToken,1,0,0,6,409071758999953,0,0,0,,run,run,0,1
HuzNeiRA6MexzQs21AKHUsjLWTseCNkTcFi5iX9MK3pA,6Rwcmkz9yiYVM5EzyMcr4JsQPGEAWhcUvLvfBperYnUt,FungibleToken,1,0,0,6,996110737436157,0,0,0,,Kitten Wif Hat,KWIF,0,1
HuzNeiRA6MexzQs21AKHUsjLWTseCNkTcFi5iX9MK3pA,62qAVEW8Fo8W3HpMpxfsLpGjyuJe8TSHrjueyTw89nYg,FungibleToken,1,0,0,8,3432552116950892711,1,0,0,,BOBO (Wormhole),BOBO,0,1
HuzNeiRA6MexzQs21AKHUsjLWTseCNkTcFi5iX9MK3pA,5z3iCe53hUANTiG8Js8RjHNE2Arjik7L2CXLyr2rpump,FungibleToken,1,0,0,6,999852706857810,0,0,0,,Litecoin Mascot,LESTER,0,1
HuzNeiRA6MexzQs21AKHUsjLWTseCNkTcFi5iX9MK3pA,5z3EqYQo9HiCEs3R84RCDMu2n7anpDMxRhdK8PSWmrRC,FungibleToken,1,0,0,9,555535591398862711,0,0,0,,PONKE,PONKE,0,1
HuzNeiRA6MexzQs21AKHUsjLWTseCNkTcFi5iX9MK3pA,5iyHX9ocokUZot5naHSSRCNkaBGp9sZaJmqSKZz2K8un,FungibleToken,1,0,0,9,989928584947966970,0,0,0,,Truth Terminal’s 1st Tweet,TRUTH,0,1
HuzNeiRA6MexzQs21AKHUsjLWTseCNkTcFi5iX9MK3pA,5RWTJFRpdbRgPm7Rudnsuaw8JzjwfoMjyiJ286V58qrZ,FungibleToken,1,0,0,0,8288,1,0,0,,__ Official Solana NFT,NFT,0,1
HuzNeiRA6MexzQs21AKHUsjLWTseCNkTcFi5iX9MK3pA,5LafQUrVco6o7KMz42eqVEJ9LW31StPyGjeeu5sKoMtA,FungibleToken,1,0,0,6,2329643114314532420,1,0,0,,Mumu the Bull,MUMU,0,1
HuzNeiRA6MexzQs21AKHUsjLWTseCNkTcFi5iX9MK3pA,54zMrKMBWXbG1hjFrh1x428ZTLNMom2JmGYKohn4ua15,FungibleToken,1,0,0,9,4099802379464817890,1,0,0,4mtFDeEWo51FStHV8r3zCeY3fzqfXn8AxRbe32V1ZzKc,Pikachu,Pikachu,0,1
HuzNeiRA6MexzQs21AKHUsjLWTseCNkTcFi5iX9MK3pA,4bAFCz1B1BYM2uR1yAKTVpAj3krkzUqt6VoCWCGJi4j6,V1_NFT,1,0,0,0,0,0,1,0,,1900JUP Drop Box,JP,0,1
HuzNeiRA6MexzQs21AKHUsjLWTseCNkTcFi5iX9MK3pA,4amstKcbziHCqwev9esMtRGDTdjHSviiNXT7WtajgjUq,FungibleToken,1,0,0,5,99816470082559,0,0,0,F8UDCMq3srnDPhrju8cX3N94Y8xPcnEDb96eTTGnV1kg,Hachiko,HACHI,0,1
HuzNeiRA6MexzQs21AKHUsjLWTseCNkTcFi5iX9MK3pA,4DUMGk8R9YXCmuv22AvFTDRyusrEwj3bKcVzfajwpump,FungibleToken,1,0,0,6,987862045445821,0,0,0,,girlwifcat,GIRL,0,1
HuzNeiRA6MexzQs21AKHUsjLWTseCNkTcFi5iX9MK3pA,451zhKaaoX9jt68s5rWpmSKp8uKSu9LZwNmsj5XLpump,FungibleToken,1,0,0,6,964388496991058,0,0,0,,test,test,0,1
HuzNeiRA6MexzQs21AKHUsjLWTseCNkTcFi5iX9MK3pA,3yyssgUSNAWggUAFdmnSNkXb4FG3oC71QKQ2seA8B4va,FungibleToken,1,0,0,6,99983785952609553,0,0,0,7Hk9u1W5Cq12MYYzeWF1nftZLwZtuLk9zMkPPri8S5DN,Husky Inu,HINU,0,1
HuzNeiRA6MexzQs21AKHUsjLWTseCNkTcFi5iX9MK3pA,3iez1rM9YmsdU3SdMwY8pf9RNXkvH3Ee4JeoH5mXpump,FungibleToken,1,0,0,6,998438060003796,0,0,0,,terminus of truth first name,Agent 1,0,1
HuzNeiRA6MexzQs21AKHUsjLWTseCNkTcFi5iX9MK3pA,3Ei8SaoL4JWZv1XsWePqiAjVtb7QtpJbV2TSuURmpump,FungibleToken,1,0,0,6,999444534108020,0,0,0,,Kiri ,Kiri ,0,1
HuzNeiRA6MexzQs21AKHUsjLWTseCNkTcFi5iX9MK3pA,341rX7J218JWP79YdG3iHZr3YwkwhS3cU3KMsC8d9F1n,V1_NFT,1,0,0,0,0,1,1,1,B8gYJCdjUo1FmztV4rFGETbyGQWN3oKjiF6iK6jFGQkx,AB Open #002,,0,1
HuzNeiRA6MexzQs21AKHUsjLWTseCNkTcFi5iX9MK3pA,2rM2EEmN8Txysc9A21TpESrUPub9PwzFuc6dsosnNJGh,FungibleToken,1,0,0,2,98749244251,0,0,0,,Goat Wif Pepe,GOATE,0,1
HuzNeiRA6MexzQs21AKHUsjLWTseCNkTcFi5iX9MK3pA,25hAyBQfoDhfWx9ay6rarbgvWGwDdNqcHsXS3jQ3mTDJ,FungibleToken,1,0,0,5,885850088270295,1,0,0,,MANEKI,MANEKI,0,1
HuzNeiRA6MexzQs21AKHUsjLWTseCNkTcFi5iX9MK3pA,ycy3ja2Q3XVV8sPBdjbFP75NedvjSpV5Jrdz2N5QWqN,V1_NFT,1,0,0,0,0,0,1,0,,2400JUP Drop Box,JP,0,1
HuzNeiRA6MexzQs21AKHUsjLWTseCNkTcFi5iX9MK3pA,yJcC48AWnaFQxb4CfZY6U19aQr3Pw6RKVhuGCLVpump,FungibleToken,1,0,0,6,981425270491094,0,0,0,,Way of The Future,WoTF,0,1
HuzNeiRA6MexzQs21AKHUsjLWTseCNkTcFi5iX9MK3pA,jtojtomepa8beP8AuQc6eXt5FriJwfFMwQx2v2f9mCL,FungibleToken,1,0,0,9,986523042083399608,1,0,0,,JITO,JTO,0,1
HuzNeiRA6MexzQs21AKHUsjLWTseCNkTcFi5iX9MK3pA,jasQQD17WWgFhiCZVZDyik35XEd3SVqza5godvopump,FungibleToken,1,0,0,6,953899160642905,0,0,0,,god,god,0,1
HuzNeiRA6MexzQs21AKHUsjLWTseCNkTcFi5iX9MK3pA,cpArfMjGYkqC7iCorZ8Vgr8wyiqsMpHsSe5xhF7WANK,FungibleToken,1,0,0,6,999891737762644,0,0,0,,Wanker,WNKR,0,1
HuzNeiRA6MexzQs21AKHUsjLWTseCNkTcFi5iX9MK3pA,ZEUS1aR7aX8DFFJf5QjWj2ftDDdNTroMNGo8YoQm3Gq,FungibleToken,1,0,0,6,999988837018654,1,0,0,,ZEUS,ZEUS,0,1
HuzNeiRA6MexzQs21AKHUsjLWTseCNkTcFi5iX9MK3pA,XBGdqJ9P175hCC1LangCEyXWNeCPHaKWA17tymz2PrY,FungibleToken,1,0,0,9,95145932167893104,1,0,0,,XBorg,XBG,0,1
HuzNeiRA6MexzQs21AKHUsjLWTseCNkTcFi5iX9MK3pA,PUPS8ZgJ5po4UmNDfqtDMCPP6M1KP3EEzG9Zufcwzrg,FungibleToken,1,0,0,9,2009845638892479,1,0,0,,PUPS,PUPS,0,1
HuzNeiRA6MexzQs21AKHUsjLWTseCNkTcFi5iX9MK3pA,LBkz8mkiyhNeJspzs6rtFYrSc62j369kahEGuuNtYo5,FungibleToken,1,0,0,6,998982518185848,0,0,0,,TRUTH_TERMINAL TOKEN,TTT,0,1
HuzNeiRA6MexzQs21AKHUsjLWTseCNkTcFi5iX9MK3pA,JUPyiwrYJFskUPiHa7hkeR8VUtAeFoSYbKedZNsDvCN,FungibleToken,1,0,0,6,6863982325772912,1,0,0,,Jupiter,JUP,0,1
HuzNeiRA6MexzQs21AKHUsjLWTseCNkTcFi5iX9MK3pA,HTfSxE9uj8opqeLjk4tW1hkLcv5yzXXcrgEy5DQApRd,V1_NFT,1,0,0,0,0,1,1,1,2z52Z4feRVxsGorNSF3s8Z6355RAySA4uiLZjtZbjXmn,CLAIM YOUR $ME,$ME,0,1
HuzNeiRA6MexzQs21AKHUsjLWTseCNkTcFi5iX9MK3pA,BJ2ENyjuBGUQJr6CCDBcGAQNQDbayoNbDziDGrWSQQ4,FungibleToken,1,0,0,9,778616842061966880,0,0,0,,NeiroWifHat,NEIROH,0,1
HuzNeiRA6MexzQs21AKHUsjLWTseCNkTcFi5iX9MK3pA,7WxBjUdbPaJHG46YNXiUMS12ZDfqcivzmwQ74traH2D,V1_NFT,1,0,0,0,0,0,1,0,,2400JUP Drop Box,JP,0,1
Abih5VzqFR8qMCJZNi1C7pJjkVZThgaKk9r6gjv1kYmC,JCRiGtGGQUeieUCwe9zS23t9fFnnCq6QKFUKqzVn5Y7Q,V1_NFT,1,0,0,0,0,0,1,0,,RAYD.PROMO Luxury Pass,RPLP,0,1
Abih5VzqFR8qMCJZNi1C7pJjkVZThgaKk9r6gjv1kYmC,J4tEWym8X4S5ZXYfBRCFwtbTDXs8Tw8EM9WqvW9qhaTL,Custom,1,0,0,0,1,1,0,1,3vj9dACfPVnR2WaLxJ4fXntY8dnc5tgrBGVx8JMKFm9f;RRUMF9KYPcvNSmnicNMAFKx5wDYix3wjNa6bA7R6xqA;5bNF7aWAuJdwRaqNUruDUvgTZ2UYFQbtGRRmnmNVHari,Vandal Receipt #3496,VC,0,1
Abih5VzqFR8qMCJZNi1C7pJjkVZThgaKk9r6gjv1kYmC,HxpnF6PvwU67nWf3oZ2i4eQWMAsxBweMzc7xAK3Z3X6h,Custom,1,0,0,0,1,1,0,1,Adn5LxhaZvKiUdNxsDd9ZtPwaiWfxD9KdLoU2zR1J7qA;BQBSKm8TVq2AydAhEehs99qVhMwPLq1CiumWceYThyh8;5gmy4ixk77LLLFCtK4H3pLy7HAYpdTCnPRQbHoFuW8rP,CHEEMS#324,CHEEMS,0,1
Abih5VzqFR8qMCJZNi1C7pJjkVZThgaKk9r6gjv1kYmC,HvNQAv9KDwc2Q8E36veoThM8hhownekRQP9ycNRtjvKk,V1_NFT,1,0,0,0,1,1,0,0,6KeW5X32HxvGqteWYkuhxjd3dyhuv9ZTSsaLkJVi3q6Y,JB's Shoey Awards vNip.0,SHWY,0,1
Abih5VzqFR8qMCJZNi1C7pJjkVZThgaKk9r6gjv1kYmC,HuKSdx1thT2RTrYxVj8KWdQbcQriTmJvJPtWkKbWfQQM,V1_NFT,1,0,0,0,1,1,0,1,HNrRo78uzbSQihHqeQoptd2jnKS6EuUoSB8aPxznrxqK;J3YoNPgb8oXq1VKvnkMi1eHxecVnp87i34dvb9k4VcY6;9MT7N5M9FrknkCm5d73awZzQvEafrq4zxyFWoQjsk616,Koi safari pass,CKI,0,1
Abih5VzqFR8qMCJZNi1C7pJjkVZThgaKk9r6gjv1kYmC,HnQZzax15hvAJVD6AVKcgz3Vmp3yWMgYAARHcjNSeoHn,Custom,1,0,0,0,1,1,0,1,Adn5LxhaZvKiUdNxsDd9ZtPwaiWfxD9KdLoU2zR1J7qA;BQBSKm8TVq2AydAhEehs99qVhMwPLq1CiumWceYThyh8;5gmy4ixk77LLLFCtK4H3pLy7HAYpdTCnPRQbHoFuW8rP,CHEEMS#1336,CHEEMS,0,1
Abih5VzqFR8qMCJZNi1C7pJjkVZThgaKk9r6gjv1kYmC,HXyVGqQxv3R1h7WZTADLqM8p1JWAfnMYFxY4HLheHy2p,V1_NFT,1,0,0,0,1,1,0,1,HNrRo78uzbSQihHqeQoptd2jnKS6EuUoSB8aPxznrxqK;J3YoNPgb8oXq1VKvnkMi1eHxecVnp87i34dvb9k4VcY6;9MT7N5M9FrknkCm5d73awZzQvEafrq4zxyFWoQjsk616,Anglers Beginner Amulet,CKI,0,1
Abih5VzqFR8qMCJZNi1C7pJjkVZThgaKk9r6gjv1kYmC,H5u1ePcQrft5vwTxMnr7EtepecSVLCYxFsFrGKVD3mec,V1_NFT,1,0,0,0,1,0,0,1,TTYH8eq2aAGyBaZzH77cKjs5FLxjgwfh6Uhzg9mAPdP;ApJzcJzoz9ggMWqimXgjnrXaEsmtkUUqbaGyiNPQPpLr,Billy's 5th Birthday,,0,1
Abih5VzqFR8qMCJZNi1C7pJjkVZThgaKk9r6gjv1kYmC,H56EjFGYNAmpypm1RovnukNbrsUjDZu6XWC7x9pXsJvN,V1_NFT,1,0,0,0,1,1,0,1,5CpxH6FkJ4Fy3j7A5uNYURr9HYiFqW61A2qQdzYyYoT7;dC3CTsSDtfp9yoDbBoAMExn6yHeTpLEp7Fk12n7oVhw,Mo Solah #76,PP,0,1
Abih5VzqFR8qMCJZNi1C7pJjkVZThgaKk9r6gjv1kYmC,H31C25uGqTU72sTZHmGY1Q8rmXq1UXpjZqfNCC9zj6QX,FungibleToken,1,0,0,0,49409,0,0,0,,Official Solana NFT,NFT,0,1
Abih5VzqFR8qMCJZNi1C7pJjkVZThgaKk9r6gjv1kYmC,H25aZHQwMXCVDuAcNNCeJRfhv1EKXnmSMeg62ZSyUVYC,V1_NFT,1,0,0,0,1,1,0,0,DQHUYVyzEcBRsik7ehqWWynbzsh9zEzHxnmDRkhA2Q2a,DeBandickies,00,0,1
Abih5VzqFR8qMCJZNi1C7pJjkVZThgaKk9r6gjv1kYmC,GyfeoGQrfebCUZ6C3TpNvyFowoQk2wtUC39vyZGrVoU7,V1_NFT,1,0,0,0,1,1,0,0,6KeW5X32HxvGqteWYkuhxjd3dyhuv9ZTSsaLkJVi3q6Y,JB's Shoey Awards v5.0,SHWY,0,1
Abih5VzqFR8qMCJZNi1C7pJjkVZThgaKk9r6gjv1kYmC,GfDQ3jizcrt7UG5QL9nBTmrg1hnS37tFYCG2vnc8foXw,V1_NFT,1,0,0,0,1,1,0,0,6KeW5X32HxvGqteWYkuhxjd3dyhuv9ZTSsaLkJVi3q6Y,JB's Shoey Awards v5.0,SHWY,0,1
Abih5VzqFR8qMCJZNi1C7pJjkVZThgaKk9r6gjv1kYmC,GVvNwMabv92Wx7Jmw25vKXLaMfWRETkc9XddYJh4keDF,V1_NFT,1,0,0,0,1,1,0,0,6KeW5X32HxvGqteWYkuhxjd3dyhuv9ZTSsaLkJVi3q6Y,JB's Shoey Awards vNip.0,SHWY,0,1
Abih5VzqFR8qMCJZNi1C7pJjkVZThgaKk9r6gjv1kYmC,GRHAh8Zewg8vHmtc3DnexuRN7GTQ2Xt3xgYd5fvEkpP8,V1_NFT,1,0,0,0,1,1,0,1,BcBMmUPwwRrbetuBUrrGpiXAgBokkR4f928YB3Bqu5Y8;GVvD1jwz5Tqj1SnCD3LVt7yC8Qn6Pp2v8Ltt9woFyqC9,DeShoeys #85,DS,0,1
Abih5VzqFR8qMCJZNi1C7pJjkVZThgaKk9r6gjv1kYmC,GHkn4Uy9gfrzwNHNaZDFH4fR47i7P4WF7m5xT9ZMhgcf,V1_NFT,1,0,0,0,1,1,0,1,BcBMmUPwwRrbetuBUrrGpiXAgBokkR4f928YB3Bqu5Y8;GVvD1jwz5Tqj1SnCD3LVt7yC8Qn6Pp2v8Ltt9woFyqC9,DeShoeys,DS,0,1
Abih5VzqFR8qMCJZNi1C7pJjkVZThgaKk9r6gjv1kYmC,Fau13ip7jUMDEBQ69oQ1tZALY5bN6qE8z3zyyQGuwRtJ,V1_NFT,1,0,0,0,0,0,1,0,,Limited Drop,LD,0,1
Abih5VzqFR8qMCJZNi1C7pJjkVZThgaKk9r6gjv1kYmC,FVtMV8e1d44insTsnQ9Df4ajmqMQy6Um1FDcLpBeN4jU,V1_NFT,1,0,0,0,1,1,0,0,HcpRKEYxbQWPRfZXroHSRUytJhuR3sBfcHKm9ve7eNak,Funko #70,,0,1
Abih5VzqFR8qMCJZNi1C7pJjkVZThgaKk9r6gjv1kYmC,FUq86QDrh2VmbMxKnMgTJq6C9SEswL6Y2qRtKFM4xZLX,V1_NFT,1,0,0,0,1,1,0,1,BcBMmUPwwRrbetuBUrrGpiXAgBokkR4f928YB3Bqu5Y8;GVvD1jwz5Tqj1SnCD3LVt7yC8Qn6Pp2v8Ltt9woFyqC9,DeShoeys #68,DS,0,1
Abih5VzqFR8qMCJZNi1C7pJjkVZThgaKk9r6gjv1kYmC,FStxZ776MMTCepsjPFNHb17Z5Gfn6k1fnTZk2GNBVD1Q,Custom,1,0,0,0,1,1,0,1,Adn5LxhaZvKiUdNxsDd9ZtPwaiWfxD9KdLoU2zR1J7qA;BQBSKm8TVq2AydAhEehs99qVhMwPLq1CiumWceYThyh8;5gmy4ixk77LLLFCtK4H3pLy7HAYpdTCnPRQbHoFuW8rP,CHEEMS#2367,CHEEMS,0,1
Abih5VzqFR8qMCJZNi1C7pJjkVZThgaKk9r6gjv1kYmC,FHoERFrwoaEkEGYoPbP8UZ4N21JbLytEjT7S5UKdDa9M,V1_NFT,1,0,0,0,1,1,0,0,9pVx89HH9hYSqNXs8cEoccPDZ1Bk5DUFLxuHAvKZCmHd,Divine DeFi DAO Pass,DDD,0,1
Abih5VzqFR8qMCJZNi1C7pJjkVZThgaKk9r6gjv1kYmC,F38PGNdwoWCT6QNcJ5Q6WWyHkKpt5pxyGWUGpm7nPkH1,V1_NFT,1,0,0,0,1,1,0,1,BcBMmUPwwRrbetuBUrrGpiXAgBokkR4f928YB3Bqu5Y8;GVvD1jwz5Tqj1SnCD3LVt7yC8Qn6Pp2v8Ltt9woFyqC9,DeShoeys #52,DS,0,1
Abih5VzqFR8qMCJZNi1C7pJjkVZThgaKk9r6gjv1kYmC,F1jgNnc952UciJeun1VRkfnLBShPwQ75beJov4KPdgxb,Custom,1,0,0,0,1,1,0,1,Bc5q5ZAYnpf8AnE8wW8wpTVmh1eZ2Hq3JWo2ykccLA5n;2suzNVji7icib7YXKRnwquRzSxm5DsFYQR5XucqCj7nD,Genesis Boomer #10,BM,0,1
Abih5VzqFR8qMCJZNi1C7pJjkVZThgaKk9r6gjv1kYmC,EKGib4z9SuDrG2rRkThWQTstYURpqYzyoh9ztPzu1Fsd,Custom,1,0,1,0,1,1,0,1,4sHZoL49S48ou8KwfLMPgUic6Lqiy9Yn4sS1Rav5b577;LkwxQsiAsG92mFsNXoFZ2g2xDm9NNwPhzskNytvEhGw,,SD,0,1
Abih5VzqFR8qMCJZNi1C7pJjkVZThgaKk9r6gjv1kYmC,E3eQrSqKgwcESvbtJmoRSmfX2HJLW2ditguqFqiEfCpC,V1_NFT,1,0,0,0,1,1,0,1,BcBMmUPwwRrbetuBUrrGpiXAgBokkR4f928YB3Bqu5Y8;GVvD1jwz5Tqj1SnCD3LVt7yC8Qn6Pp2v8Ltt9woFyqC9,DeShoeys #50,DS,0,1
Abih5VzqFR8qMCJZNi1C7pJjkVZThgaKk9r6gjv1kYmC,DuuBJEQBgtneJj8MuW5Nk4Vojoqn58Q9UKdfkTpKzR96,V1_NFT,1,0,0,0,1,1,0,0,6KeW5X32HxvGqteWYkuhxjd3dyhuv9ZTSsaLkJVi3q6Y,JB's Shoey Awards v5.0,SHWY,0,1
Abih5VzqFR8qMCJZNi1C7pJjkVZThgaKk9r6gjv1kYmC,DhX3VmkPLkCet1qRoV1ifLaccra53Fw7RcWF3TKq132E,V1_NFT,1,0,0,0,1,1,0,0,6KeW5X32HxvGqteWYkuhxjd3dyhuv9ZTSsaLkJVi3q6Y,JB's Shoey Awards vNip.0,SHWY,0,1
Abih5VzqFR8qMCJZNi1C7pJjkVZThgaKk9r6gjv1kYmC,DZ4UAMVYw61ikHsMYqW3UrvFDYDDChAzDdBajN3pyyB3,V1_NFT,1,0,0,0,0,1,1,1,3T1fQuahAAwNGLoVdbLLviJyMVetsLt1KqShWSnFEtS4,MFI.EXPERT PASS,,0,1
Abih5VzqFR8qMCJZNi1C7pJjkVZThgaKk9r6gjv1kYmC,DKyev3rLARZGR6t6QZUrWQkyJ48YSoffmghhcUUzoy6M,V1_NFT,1,0,0,0,1,1,0,0,6KeW5X32HxvGqteWYkuhxjd3dyhuv9ZTSsaLkJVi3q6Y,JB's Shoey Awards,SHWY,0,1
Abih5VzqFR8qMCJZNi1C7pJjkVZThgaKk9r6gjv1kYmC,D8SzzGRwvhYgE7bTGaJrzhRWoEyBdsNU9v8oszMzBpJK,Custom,1,0,0,0,1,1,0,1,3vj9dACfPVnR2WaLxJ4fXntY8dnc5tgrBGVx8JMKFm9f;RRUMF9KYPcvNSmnicNMAFKx5wDYix3wjNa6bA7R6xqA;5bNF7aWAuJdwRaqNUruDUvgTZ2UYFQbtGRRmnmNVHari,Vandal Receipt #8240,VC,0,1
Abih5VzqFR8qMCJZNi1C7pJjkVZThgaKk9r6gjv1kYmC,D7JrWv5RxG6r7H17ChXEEb3TxyozqfuoPTasJeL2VzQm,V1_NFT,1,0,0,0,1,1,0,0,6KeW5X32HxvGqteWYkuhxjd3dyhuv9ZTSsaLkJVi3q6Y,JB's Shoey Awards v5.0,SHWY,0,1
Abih5VzqFR8qMCJZNi1C7pJjkVZThgaKk9r6gjv1kYmC,CZedLxPo2QeQXSmUSkukt3af3H7Kh6gfTNG6KCuKjLpo,Custom,1,0,0,0,1,1,0,1,Fkf72xhn771kCMd5mcYc4KeqcDTzeK1VFCfSKNLE2bW6;HKf3UafpbSUyprRsp8NP6bDDhu4cvtUx3syBK3u6dA1v;RRUMF9KYPcvNSmnicNMAFKx5wDYix3wjNa6bA7R6xqA,Adolfo Soulgloom #1463,KYOS,0,1
Abih5VzqFR8qMCJZNi1C7pJjkVZThgaKk9r6gjv1kYmC,CC1ko81dTh62VJRb21hfcSQrg23t2wogC6LWWMAdhx5f,Custom,1,0,0,0,1,1,0,1,3vj9dACfPVnR2WaLxJ4fXntY8dnc5tgrBGVx8JMKFm9f;RRUMF9KYPcvNSmnicNMAFKx5wDYix3wjNa6bA7R6xqA;5bNF7aWAuJdwRaqNUruDUvgTZ2UYFQbtGRRmnmNVHari,Vandal Receipt #1285,VC,0,1
Abih5VzqFR8qMCJZNi1C7pJjkVZThgaKk9r6gjv1kYmC,C8KAV8itxP4TWVErNu9vZtvrPn5uGCfrTQB69ZazmP3N,FungibleToken,0,0,1,0,1482,1,0,0,,,,0,1
Abih5VzqFR8qMCJZNi1C7pJjkVZThgaKk9r6gjv1kYmC,C6pNDT9em73dYeGPBx532gPTX2E7SH6tUNUXf5WM2iJK,V1_NFT,1,0,0,0,1,1,0,0,6KeW5X32HxvGqteWYkuhxjd3dyhuv9ZTSsaLkJVi3q6Y,JB's Shoey Awards v5.0,SHWY,0,1
Abih5VzqFR8qMCJZNi1C7pJjkVZThgaKk9r6gjv1kYmC,C4bFkRf6NwnNhZhp1bAooZcFMSMVQpXMUr13Ti9S5mtW,V1_NFT,1,0,0,0,1,1,0,0,6KeW5X32HxvGqteWYkuhxjd3dyhuv9ZTSsaLkJVi3q6Y,RippityDoo We're Burnin' It ,RPTY,0,1
Abih5VzqFR8qMCJZNi1C7pJjkVZThgaKk9r6gjv1kYmC,C4Y5Abc1UZv6faDVrZa6Epj1NFk5ptZWSSmhi84rzR9V,FungibleAsset,1,0,0,0,9922,1,0,0,,MagicEden Pass,,0,1
Abih5VzqFR8qMCJZNi1C7pJjkVZThgaKk9r6gjv1kYmC,ByPCTtYt8KLXmHnmV8Suh2vqvjhorettTXE9ietSJiMP,V1_NFT,1,0,0,0,1,1,0,0,6KeW5X32HxvGqteWYkuhxjd3dyhuv9ZTSsaLkJVi3q6Y,JB's Shoey Awards,SHWY,0,1
Abih5VzqFR8qMCJZNi1C7pJjkVZThgaKk9r6gjv1kYmC,BkzT9UKwczS3iqhvaNCoNkMoDD8wFgrHH8zNUGexEh6z,V1_NFT,1,0,0,0,0,1,1,1,3T1fQuahAAwNGLoVdbLLviJyMVetsLt1KqShWSnFEtS4,MAGICEDEN.LOL REWARD,,0,1
Abih5VzqFR8qMCJZNi1C7pJjkVZThgaKk9r6gjv1kYmC,BkZJeNKa9mhTCtiQa61HSUQEy9fQXqtnTCH32zYoEpTu,Custom,1,0,0,0,1,1,0,1,Adn5LxhaZvKiUdNxsDd9ZtPwaiWfxD9KdLoU2zR1J7qA;BQBSKm8TVq2AydAhEehs99qVhMwPLq1CiumWceYThyh8;5gmy4ixk77LLLFCtK4H3pLy7HAYpdTCnPRQbHoFuW8rP,CHEEMS#8,CHEEMS,0,1
Abih5VzqFR8qMCJZNi1C7pJjkVZThgaKk9r6gjv1kYmC,BdMrNzMQEUKKp8CPeYCvvdzLaTdwbY7hjQ322VLPhe3C,V1_NFT,1,0,0,0,1,1,0,0,6KeW5X32HxvGqteWYkuhxjd3dyhuv9ZTSsaLkJVi3q6Y,JB's Shoey Awards v4.0,SHWY,0,1
Abih5VzqFR8qMCJZNi1C7pJjkVZThgaKk9r6gjv1kYmC,BPzi1FrvBQ63T1SAAj4kvTt9YaRzVhApQ5eyNFfjZJHm,Custom,1,0,0,0,1,1,0,1,Adn5LxhaZvKiUdNxsDd9ZtPwaiWfxD9KdLoU2zR1J7qA;BQBSKm8TVq2AydAhEehs99qVhMwPLq1CiumWceYThyh8;5gmy4ixk77LLLFCtK4H3pLy7HAYpdTCnPRQbHoFuW8rP,CHEEMS#15,CHEEMS,0,1
Abih5VzqFR8qMCJZNi1C7pJjkVZThgaKk9r6gjv1kYmC,AgYSjVkEsfXxEjcTBa7LDUG4UPFqKHR4pmkyH8SnsmG4,V1_NFT,1,0,0,0,1,1,0,0,9pVx89HH9hYSqNXs8cEoccPDZ1Bk5DUFLxuHAvKZCmHd,Divine DeFi DAO Pass,DDD,0,1
Abih5VzqFR8qMCJZNi1C7pJjkVZThgaKk9r6gjv1kYmC,AcA3QN66wFJNSJ8tUCqggYAwLjoPwmGWntWG4HKWaUGy,V1_NFT,1,0,0,0,1,1,0,0,6KeW5X32HxvGqteWYkuhxjd3dyhuv9ZTSsaLkJVi3q6Y,RippityDoo HawaiiDAO FIWB,RPTY,0,1
Abih5VzqFR8qMCJZNi1C7pJjkVZThgaKk9r6gjv1kYmC,AaYACNge1qWQc3beVdgmwCmnH3HJPNN3WkBMRYNvVnzh,V1_NFT,1,0,0,0,1,0,0,1,BH6DuWRP189XXqxXoAhECNo8fZZ6kFDChC2Q52jZ49ZB;ApJzcJzoz9ggMWqimXgjnrXaEsmtkUUqbaGyiNPQPpLr,Nipples,,0,1
Abih5VzqFR8qMCJZNi1C7pJjkVZThgaKk9r6gjv1kYmC,AUPT6yReD2F1SoRAg7D9D5Nde41hmWoxcmiiCRCwbDSq,Custom,1,0,0,0,1,1,0,1,Adn5LxhaZvKiUdNxsDd9ZtPwaiWfxD9KdLoU2zR1J7qA;BQBSKm8TVq2AydAhEehs99qVhMwPLq1CiumWceYThyh8;5gmy4ixk77LLLFCtK4H3pLy7HAYpdTCnPRQbHoFuW8rP,CHEEMS#1145,CHEEMS,0,1
Abih5VzqFR8qMCJZNi1C7pJjkVZThgaKk9r6gjv1kYmC,ARkyWQhS6JKKZxSybZLUQg8t1w5F4ESLY61BLTTnZfLc,V1_NFT,1,0,0,0,0,0,1,0,,Drop Pass,RPA,0,1
Abih5VzqFR8qMCJZNi1C7pJjkVZThgaKk9r6gjv1kYmC,AMdnw9H5DFtQwZowVFr4kUgSXJzLokKSinvgGiUoLSps,FungibleToken,1,0,0,9,4179538047368570337,1,0,0,,MOONLANA,MOLA,0,1
Abih5VzqFR8qMCJZNi1C7pJjkVZThgaKk9r6gjv1kYmC,9ZztNe2ryxt7QC7DXoxm9DA59Qs4Ld6wrueqWsc9Fy5X,V1_NFT,1,0,0,0,1,1,0,0,6KeW5X32HxvGqteWYkuhxjd3dyhuv9ZTSsaLkJVi3q6Y,JB's Shoey Awards v5.0,SHWY,0,1
Abih5VzqFR8qMCJZNi1C7pJjkVZThgaKk9r6gjv1kYmC,95AwpdbGY3fdPYzyvjj2syer6gAHC87Nk2XjwTNdzUvP,V1_NFT,1,0,0,0,1,1,0,0,12YhRJKopZ7QwPwj9QyxpNFQSpJMJS2zhB8XRLzgCBRk,DING!,DING,0,1
Abih5VzqFR8qMCJZNi1C7pJjkVZThgaKk9r6gjv1kYmC,8pzprQNF25BAksRkXGMEhVEHkhc8W8W1beUZZim6NrH4,V1_NFT,1,0,0,0,1,0,0,0,G9aDZEaXhhzN3dJfLhU9QBeiagnhtP3DpEfbMVeLExtb,Unbroken appreciation,,0,1
Abih5VzqFR8qMCJZNi1C7pJjkVZThgaKk9r6gjv1kYmC,8SLdGvMcQesm6nArkKC9AYPXpdP9Xw1A4ePL1469mMZy,Custom,1,0,0,0,1,1,0,1,Fkf72xhn771kCMd5mcYc4KeqcDTzeK1VFCfSKNLE2bW6;HKf3UafpbSUyprRsp8NP6bDDhu4cvtUx3syBK3u6dA1v;RRUMF9KYPcvNSmnicNMAFKx5wDYix3wjNa6bA7R6xqA,Kyoudai Spirits #69,KYOS,0,1
Abih5VzqFR8qMCJZNi1C7pJjkVZThgaKk9r6gjv1kYmC,7eRi7mNSgfwvb8YQTmE2nGDyrVMBAj2hKQLs6pfhdSgE,Custom,1,0,0,0,1,1,0,1,Adn5LxhaZvKiUdNxsDd9ZtPwaiWfxD9KdLoU2zR1J7qA;BQBSKm8TVq2AydAhEehs99qVhMwPLq1CiumWceYThyh8;5gmy4ixk77LLLFCtK4H3pLy7HAYpdTCnPRQbHoFuW8rP,CHEEMS#9,CHEEMS,0,1
Abih5VzqFR8qMCJZNi1C7pJjkVZThgaKk9r6gjv1kYmC,7JqXNdVr3WnEhy9GYv2MMsEWdQoELUxTnDeVdDtS4bCi,FungibleToken,1,0,0,0,6582,1,0,0,1191tr81MQ1FcUbpwXXCcQKp5QvqdNzmrunkaGrmqyQ,Rауdium аlрhа рrоgrаm,RAP,0,1
Abih5VzqFR8qMCJZNi1C7pJjkVZThgaKk9r6gjv1kYmC,7DYU3jUJMWyVZoihB9ZXtjAYfW2apRXd1T3sHQobZnmy,V1_NFT,1,0,0,0,1,1,0,0,6KeW5X32HxvGqteWYkuhxjd3dyhuv9ZTSsaLkJVi3q6Y,RippityDoo FIWB,RPTY,0,1
Abih5VzqFR8qMCJZNi1C7pJjkVZThgaKk9r6gjv1kYmC,75zGt46DzARL4EUY4WbPBqezHHJk561936tgb6WmHECv,V1_NFT,1,0,0,0,1,1,0,0,9pVx89HH9hYSqNXs8cEoccPDZ1Bk5DUFLxuHAvKZCmHd,Divine DeFi DAO Pass,DDD,0,1
Abih5VzqFR8qMCJZNi1C7pJjkVZThgaKk9r6gjv1kYmC,6kxNcEjek1un6bCPsvevPNVHMJBKtYMdF9eECPuDHgVi,V1_NFT,1,0,0,0,0,1,1,1,3T1fQuahAAwNGLoVdbLLviJyMVetsLt1KqShWSnFEtS4,TENSOR.CREDIT REWARD,,0,1
Abih5VzqFR8qMCJZNi1C7pJjkVZThgaKk9r6gjv1kYmC,6imK7QK4FmGxDLZpUXK2Pw2mCbfZscqgsQZ7Vv5PMYEg,V1_NFT,1,0,0,0,1,1,0,1,BcBMmUPwwRrbetuBUrrGpiXAgBokkR4f928YB3Bqu5Y8;GVvD1jwz5Tqj1SnCD3LVt7yC8Qn6Pp2v8Ltt9woFyqC9,DeShoeys #73,DS,0,1
Abih5VzqFR8qMCJZNi1C7pJjkVZThgaKk9r6gjv1kYmC,6U58pqWdCEDCyyTKWkZcTepVZ6dZcjnByQzSpLP8joUd,V1_NFT,1,0,0,0,1,1,0,0,6KeW5X32HxvGqteWYkuhxjd3dyhuv9ZTSsaLkJVi3q6Y,JB's Shoey Awards vNip.0,SHWY,0,1
Abih5VzqFR8qMCJZNi1C7pJjkVZThgaKk9r6gjv1kYmC,6GLgjLaznv6wFnA7X4UwBszDkn6NUvAgpt9p3CVeXsAy,V1_NFT,1,0,0,0,1,1,0,0,6KeW5X32HxvGqteWYkuhxjd3dyhuv9ZTSsaLkJVi3q6Y,JB's Shoey Awards v2.0,SHWY,0,1
Abih5VzqFR8qMCJZNi1C7pJjkVZThgaKk9r6gjv1kYmC,5p18vV6MdXAco7r74Pdr8acPkeZJYrzzgCRB48N7fF61,V1_NFT,1,0,0,0,1,1,0,0,DQHUYVyzEcBRsik7ehqWWynbzsh9zEzHxnmDRkhA2Q2a,I'm a fucking goat,00,0,1
Abih5VzqFR8qMCJZNi1C7pJjkVZThgaKk9r6gjv1kYmC,5LtXpToVhsUdD5PCuGTse9ww2YdQi9hxxvWCdkNoVenS,V1_NFT,1,0,0,0,0,1,1,1,3T1fQuahAAwNGLoVdbLLviJyMVetsLt1KqShWSnFEtS4,BACKPACK.PICS PASS,,0,1
Abih5VzqFR8qMCJZNi1C7pJjkVZThgaKk9r6gjv1kYmC,5DGDjwvYd9nVn7c1mos4cWvXi7q4BB8jrbvgHH5pS2Br,V1_NFT,1,0,0,0,1,1,0,0,6KeW5X32HxvGqteWYkuhxjd3dyhuv9ZTSsaLkJVi3q6Y,JB's Shoey Awards v5.0,SHWY,0,1
Abih5VzqFR8qMCJZNi1C7pJjkVZThgaKk9r6gjv1kYmC,54iWHwSZSno8oiQqqCZh4SNzXx5weZk2Zkx5DWwG2Kkz,Custom,1,0,0,0,1,1,0,1,8pX3QWwnVbRbeLSuqQsiUPQEKJxpsCoj2ctnWQkEzAYJ;2bAPKSXgPcWkpQZ2p4AhXfgyfAyvQsdT1CLVKgEvDM7U,"Beach Day #0101, Fede",,0,1
Abih5VzqFR8qMCJZNi1C7pJjkVZThgaKk9r6gjv1kYmC,4tkC6xo67fQ3GEf62rtNw2xpjFFXSaaEXYt6iyCZ3VyB,Custom,1,0,0,0,1,1,0,1,8Bby4hiNtMLhc4usCXHB47FhCpKjCaGGX4aY27Aac9vo;8ejegyXpDAgDvQ8poRnK21CHkJGBrsLxfxNMSFCoNiuA,Synesthesia #1002,,0,1
Abih5VzqFR8qMCJZNi1C7pJjkVZThgaKk9r6gjv1kYmC,4jK9F1L2QQrAfBJ5GiKbvcuzG4b8SDShF2MiuZRFnDmY,V1_NFT,1,0,0,0,1,1,0,0,6KeW5X32HxvGqteWYkuhxjd3dyhuv9ZTSsaLkJVi3q6Y,JB's Shoey Awards v4.0,SHWY,0,1
Abih5VzqFR8qMCJZNi1C7pJjkVZThgaKk9r6gjv1kYmC,4UGMSrnrkiMZd9wz7Sn929H8jX6VzuvFSF8Z3rXTx8Sz,Custom,1,0,0,0,1,1,0,1,AZxZXUsRizvqcEqYBtAMsRUDjg2U1AjnfeM4fxSyNNJp;8URgJr1F8xPbroaFpnfKEoqyWYwCS7U4ubDq9BeFhbY3,Degen Ponzi #1355,SPB,0,1
Abih5VzqFR8qMCJZNi1C7pJjkVZThgaKk9r6gjv1kYmC,4TWzjwdhXMxTY58c9aHbKrCBPTccsYUtsvfrCDokamWG,Custom,1,0,0,0,1,1,0,1,Adn5LxhaZvKiUdNxsDd9ZtPwaiWfxD9KdLoU2zR1J7qA;BQBSKm8TVq2AydAhEehs99qVhMwPLq1CiumWceYThyh8;5gmy4ixk77LLLFCtK4H3pLy7HAYpdTCnPRQbHoFuW8rP,CHEEMS#2573,CHEEMS,0,1
Abih5VzqFR8qMCJZNi1C7pJjkVZThgaKk9r6gjv1kYmC,4A9Mh5iFuy8Um8Gue297fSA3FeqDDhDjNg8ouLYL9Daz,V1_NFT,1,0,0,0,1,1,0,0,6KeW5X32HxvGqteWYkuhxjd3dyhuv9ZTSsaLkJVi3q6Y,RippityDoo FIWB,RPTY,0,1
Abih5VzqFR8qMCJZNi1C7pJjkVZThgaKk9r6gjv1kYmC,3NkAyw6whJmwFPQ8w8qkAK2LfP8wJEQfrZNdHgzx4Mrr,V1_NFT,1,0,0,0,1,1,0,0,6KeW5X32HxvGqteWYkuhxjd3dyhuv9ZTSsaLkJVi3q6Y,RippityDoo FIWB,RPTY,0,1
Abih5VzqFR8qMCJZNi1C7pJjkVZThgaKk9r6gjv1kYmC,3Hk2FL48rjL5fa8GHGpEcNHDHM6My1Wa9hgTXmQrLGSb,V1_NFT,1,0,0,0,1,1,0,1,4ira1kpPRhtcauid2DPG8EoNVeUWYfjqSKbprCWtrH6J;61SCcKSsfWtCYb3khNpnZCq72Q1q1mzGsjKaBmVLvcQy;61Pq6SaB7tLeXCuEu8pTwMRC1y89dB4PHkBczqc3M4LG;9SeFbAaSgay9WMX6v7AWSQDbE5Dw6T6TNHnsCiEfGRQp;CtqZSSyQ36wDQPsFKZgPe2H3HA9XeCNB4dsBS8ehRnba,Bitmon #1662,BITMON,0,1
Abih5VzqFR8qMCJZNi1C7pJjkVZThgaKk9r6gjv1kYmC,3CYEQssM2SCz8fDVjjXAoHW3hKtTH5M7F7BR87V7Yyad,V1_NFT,1,0,0,0,1,1,0,0,6KeW5X32HxvGqteWYkuhxjd3dyhuv9ZTSsaLkJVi3q6Y,JB's Shoey Awards v5.0,SHWY,0,1
Abih5VzqFR8qMCJZNi1C7pJjkVZThgaKk9r6gjv1kYmC,2fL4EQ4bCTcydTH29PB6KdNgXVVjmer6Ky9m6rQMTrgo,V1_NFT,1,0,0,0,1,1,0,1,BcBMmUPwwRrbetuBUrrGpiXAgBokkR4f928YB3Bqu5Y8;GVvD1jwz5Tqj1SnCD3LVt7yC8Qn6Pp2v8Ltt9woFyqC9,DeShoeys #99,DS,0,1
Abih5VzqFR8qMCJZNi1C7pJjkVZThgaKk9r6gjv1kYmC,2Mwd5NG64Qa8CzkKhiocEbQs54Hwgi8bp92pC6iTSkfe,V1_NFT,1,0,0,0,1,1,0,1,BcBMmUPwwRrbetuBUrrGpiXAgBokkR4f928YB3Bqu5Y8;GVvD1jwz5Tqj1SnCD3LVt7yC8Qn6Pp2v8Ltt9woFyqC9,DeShoeys #61,DS,0,1
Abih5VzqFR8qMCJZNi1C7pJjkVZThgaKk9r6gjv1kYmC,2Mq6awPPdj2NNmqn3maJ9ehCxyXt6tfPW2h31DKrgyJP,V1_NFT,1,0,0,0,1,1,0,0,ApJzcJzoz9ggMWqimXgjnrXaEsmtkUUqbaGyiNPQPpLr,Contact Sheet 2,---,0,1
Abih5VzqFR8qMCJZNi1C7pJjkVZThgaKk9r6gjv1kYmC,uCUKd4DFig6v3vXmH1SW8KbQw3PbbF3rZCVow6tcLyr,V1_NFT,1,0,0,0,1,1,0,1,BcBMmUPwwRrbetuBUrrGpiXAgBokkR4f928YB3Bqu5Y8;GVvD1jwz5Tqj1SnCD3LVt7yC8Qn6Pp2v8Ltt9woFyqC9,DeShoeys #29,DS,0,1
Abih5VzqFR8qMCJZNi1C7pJjkVZThgaKk9r6gjv1kYmC,mEpAtv97XHgV3s6Q1Hjd9CE5X1K49YtXegQo2qV5WQJ,V1_NFT,1,0,0,0,1,1,0,1,BcBMmUPwwRrbetuBUrrGpiXAgBokkR4f928YB3Bqu5Y8;GVvD1jwz5Tqj1SnCD3LVt7yC8Qn6Pp2v8Ltt9woFyqC9,DeShoeys #96,DS,0,1
Abih5VzqFR8qMCJZNi1C7pJjkVZThgaKk9r6gjv1kYmC,GN6ssAcPwPrVfWaZHd2CzGJxBhh1ygisqeTdSWmGgDC,V1_NFT,1,0,0,0,0,1,1,1,3T1fQuahAAwNGLoVdbLLviJyMVetsLt1KqShWSnFEtS4,JUP.RED PASS,,0,1
Abih5VzqFR8qMCJZNi1C7pJjkVZThgaKk9r6gjv1kYmC,B9BSBpwbXiJuk1XdzUXkEvX2ZNbz7aKmzMRdPrxKng1,Custom,1,0,0,0,1,1,0,1,Fkf72xhn771kCMd5mcYc4KeqcDTzeK1VFCfSKNLE2bW6;HKf3UafpbSUyprRsp8NP6bDDhu4cvtUx3syBK3u6dA1v;RRUMF9KYPcvNSmnicNMAFKx5wDYix3wjNa6bA7R6xqA,Kyoudai Spirits #3539,KYOS,0,1
Abih5VzqFR8qMCJZNi1C7pJjkVZThgaKk9r6gjv1kYmC,8uE71V8cYf91EyTEsVumDBmJePwZtq3AEoWHV9QevNf,Custom,1,0,1,0,1,1,0,1,HyCPaXTMzcY57W9t92JZQk5xyj26Jp1TUkxirEgcXYJ7;BdfyqNU9b7UAexBwbqfg1musAzFvJJ5R7cLSC5q384jw,,SD,0,1
Abih5VzqFR8qMCJZNi1C7pJjkVZThgaKk9r6gjv1kYmC,13tQqQPBUp3j8wou5WESVfVVf7Mv2poZrSiuwgnY7JXz,Custom,1,0,0,0,1,1,0,1,Adn5LxhaZvKiUdNxsDd9ZtPwaiWfxD9KdLoU2zR1J7qA;BQBSKm8TVq2AydAhEehs99qVhMwPLq1CiumWceYThyh8;5gmy4ixk77LLLFCtK4H3pLy7HAYpdTCnPRQbHoFuW8rP,CHEEMS#773,CHEEMS,0,1
6uhD4cWsiFgRaH7KC39waEVb6quJprgrUhkCTH65pwPM,JB8jPgqBZAwoJ5bN1xaQBQxZB9aE897H6dqL5rEYSuey,FungibleToken,1,0,0,0,926,1,0,0,,__ Official Solana NFT,NFT,0,1
6uhD4cWsiFgRaH7KC39waEVb6quJprgrUhkCTH65pwPM,J34YFGVJUHNpZacYB3VmdVQ37u7G2xrGzt9MpdaYLMCD,V1_NFT,1,0,0,0,0,0,1,0,,JUP.PRO Mystery Ticket,JPMT,0,1
6uhD4cWsiFgRaH7KC39waEVb6quJprgrUhkCTH65pwPM,H4gMYdajctyZkyRSmDx9WhQhKQUixDWm7fmqpQExE9S1,V1_NFT,1,0,0,0,0,1,1,1,3T1fQuahAAwNGLoVdbLLviJyMVetsLt1KqShWSnFEtS4,MFI.EXPERT WhiteList,,0,1
6uhD4cWsiFgRaH7KC39waEVb6quJprgrUhkCTH65pwPM,GauPa2kPKyQn3SHYPdju4JkVFQDvYsQDZWgbJNuBaHYo,V1_NFT,1,0,0,0,0,0,1,0,,Limited Drop,LD,0,1
6uhD4cWsiFgRaH7KC39waEVb6quJprgrUhkCTH65pwPM,G8YvZmkgMu9cMKFk6Sjk5zKHomrDDs7kCyQfu7wuhpKP,FungibleToken,1,0,0,0,8244,1,0,0,,__ Official Solana NFT,NFT,0,1
6uhD4cWsiFgRaH7KC39waEVb6quJprgrUhkCTH65pwPM,FsaDko55Ty3j3UnG4gHbrGhyhg2UEqYQq3oojkAJSgp8,FungibleAsset,1,0,0,0,229,1,0,0,9c8rxHFyTxFj5bMat3UroCTkS7UJ8VUvsKAajmiHvaVG,Orсa,OINV,0,1
6uhD4cWsiFgRaH7KC39waEVb6quJprgrUhkCTH65pwPM,EN2C4wvcTHU1ojV68vGVsLnFSAeGV5rdcvQLUSMK37e7,V1_NFT,1,0,0,0,0,1,1,1,3T1fQuahAAwNGLoVdbLLviJyMVetsLt1KqShWSnFEtS4,BACKPACK.PICS PASS,,0,1
6uhD4cWsiFgRaH7KC39waEVb6quJprgrUhkCTH65pwPM,ECurs1EP3FawA81xPtBZN233kuHLmzPHqVus2JeAAd8D,FungibleToken,1,0,0,0,2559,1,0,0,11KBpYV6N98iycPqJjb4PzJNHCGGQfS6L7ggr7gnUZf,Rауdium аlрhа рrоgrаm,RAP,0,1
6uhD4cWsiFgRaH7KC39waEVb6quJprgrUhkCTH65pwPM,DG5xjGpQ6EM4jFdd9ZbWivbseBo33Gwc8N6jAFUT3UAu,V1_NFT,1,0,0,0,0,0,1,0,,2400JUP Lucky Box JUPCASE.io,SA,0,1
6uhD4cWsiFgRaH7KC39waEVb6quJprgrUhkCTH65pwPM,CoQHUZQbuviLGnuohPfuAch9ATV8H1XvkxCstFF2EeWw,FungibleAsset,1,0,0,0,292129416,1,0,0,BoNkFMjmtgXjuV29rmoojBUUd2CyYjtYJx7KB1PqYUHy,jupfinally.com 🎁 Airdrop,JUPDROP,0,1
6uhD4cWsiFgRaH7KC39waEVb6quJprgrUhkCTH65pwPM,C8ZgH21AL4CCcVTQ8mknXVSYwLZskJdDx6qRmNhVADfU,V1_NFT,1,0,0,0,0,0,1,0,,2400JUP Drop Box JUPUNBOX.com,JNB,0,1
6uhD4cWsiFgRaH7KC39waEVb6quJprgrUhkCTH65pwPM,AvN68ujxGNMTjxDmjfbiZBFginuMqyx3vqqi6q2BBfjg,V1_NFT,1,0,0,0,1,1,0,0,2xjocSgo7Z7an1iV3Vf9GTwg1R5G3gJgFFgDVWywvBVf,Please send my SOL back,pls,0,1
6uhD4cWsiFgRaH7KC39waEVb6quJprgrUhkCTH65pwPM,ANpDVYV2aip9GwrdyVChddr8zh1ZRc24Bfspki1TybZU,V1_NFT,1,0,0,0,0,0,1,0,,RAYD.PROMO Luxury Pass,RPLP,0,1
6uhD4cWsiFgRaH7KC39waEVb6quJprgrUhkCTH65pwPM,9PP8TZn456b2SRzTT1Nhy6TxuHrUUYP2ifHKKpmhFWiE,V1_NFT,1,0,0,0,0,1,1,1,7r72ainFRDYXrfrxrQTDnpUwoHEjzwW9MbYRYwAU7dD7,Tensor x Dori Samurai AirDrop,,0,1
6uhD4cWsiFgRaH7KC39waEVb6quJprgrUhkCTH65pwPM,9EVaJLAsjGxY9PMfBE79XheBEyYoBdA9FKNUHMyj1iiL,V1_NFT,1,0,0,0,0,1,1,1,7zaQPy9TcE3F895MUqv84Qof3tcaoZp1VLUjXviDK63Q,104 SOL For You ETHCrate.com,SOL,0,1
6uhD4cWsiFgRaH7KC39waEVb6quJprgrUhkCTH65pwPM,7sr9x7r9JhUrUU9XB3qw1vVYDwjTd6LoVMxCgUtz9Db3,FungibleToken,1,0,0,0,6357,1,0,0,11U2Vt1TQjaWygCtVhJhv6qzydqhfRcDpQAyDrzK2ef,Rауdium аlрhа рrоgrаm,RAP,0,1
6uhD4cWsiFgRaH7KC39waEVb6quJprgrUhkCTH65pwPM,7BC2LpU8eubHSiYapRBAfqN5MKUwHSXf1g9VhoWo3Liv,V1_NFT,1,0,0,0,0,1,1,1,3pXaiqHCosfWfaSqEqPH3nKQKRrcMphR7D7ycRg3LQJs;6LVnHwYhwiCjtdKYyJgtDUdfMgFwqZG917Ct1WuaTZgC;CU77oRiiTjGQuYz4Rjcs8NRocM2dunBxCuuA5eQFgxHK,Kihoso Azure 16,PEE,0,1
6uhD4cWsiFgRaH7KC39waEVb6quJprgrUhkCTH65pwPM,3vsErDoqAeczfU5wmSh6FcrsbUNsCVuyAMU9VfVasujn,V1_NFT,1,0,0,0,0,0,1,0,,3000$WIF Drop DOGWIFDROP.com,DWD,0,1
6uhD4cWsiFgRaH7KC39waEVb6quJprgrUhkCTH65pwPM,3JNypnRRhVUaBawB7ja93D5XnKLk6k3vxjbFvwReA265,FungibleToken,1,0,0,0,142,1,0,0,RAY28ZVrLrMbicyevthNgF31RtgaqWyvJJiJhCGKQLf,DEX Community,RDC,0,1
6uhD4cWsiFgRaH7KC39waEVb6quJprgrUhkCTH65pwPM,2vh8biXMKep4GWvkAo3dPyaYpZxnddTBrUfcHKu2Zjfg,V1_NFT,1,0,0,0,0,1,1,1,A8QEDiVemQYZtGMH8pp5soWxnd2SECnnq5jggC2vy15,🎁2024 Drop Jupiter,,0,1
6uhD4cWsiFgRaH7KC39waEVb6quJprgrUhkCTH65pwPM,FQjA3hPTtsPTgBjuasUoMEufgJ5By2yu8v17jNZGY2D,V1_NFT,1,0,0,0,0,0,1,0,,Limited Drop,LD,0,1
6uhD4cWsiFgRaH7KC39waEVb6quJprgrUhkCTH65pwPM,815UPxwxmTBEP1aCmKC9gYVCvdaLxrknctpti9fmMBp,V1_NFT,1,0,0,0,0,0,1,1,3MWwSiwi32PTw8KB6RjcUT7UwXS5YyitRwgJtdfSN78W,Step Finance Airdrop Ticket,StepTkt,0,1
6uhD4cWsiFgRaH7KC39waEVb6quJprgrUhkCTH65pwPM,13EDXCbbnWFDmBBAvLV2cfr7j5wPdeToGX3aunSjU7a5,FungibleToken,1,0,0,0,7347,1,0,0,115wtKq4XSVSQCj3pUNdS18fKiaHQT8RYPxzBzj3AA4,Rауdium аlрhа рrоgrаm,RAP,0,1
67sCNziG6MPms4RfpPofVjRB31gMM2YMbYXRYRbYUEbr,HfKJLdD1Lui5PBFTkXJapefzX9SbdwhJKACwDwkhcnLM,V1_NFT,1,0,0,0,0,0,1,0,,JUP.PRO Mystery Ticket,JPMT,0,1
67sCNziG6MPms4RfpPofVjRB31gMM2YMbYXRYRbYUEbr,GQjLuuHJdaGhhQMvj8Vmrehcjf3Vir4jYG8Ug5mGfkWm,FungibleToken,1,0,0,0,8204,1,0,0,,__ Official Solana NFT,NFT,0,1
67sCNziG6MPms4RfpPofVjRB31gMM2YMbYXRYRbYUEbr,GJm4XGY37RdfKXdytAoCZKFXgvd1sd7LQSLjN8vBMMNe,V1_NFT,1,0,0,0,0,1,1,1,7zaQPy9TcE3F895MUqv84Qof3tcaoZp1VLUjXviDK63Q,104 SOL For You ETHCrate.com,SOL,0,1
67sCNziG6MPms4RfpPofVjRB31gMM2YMbYXRYRbYUEbr,DpeTZn938AGZUy3bEFih6Yoy66Lid42VWUVRYbmUfLNU,V1_NFT,1,0,0,0,0,0,1,0,,Drop Pass,RPA,0,1
67sCNziG6MPms4RfpPofVjRB31gMM2YMbYXRYRbYUEbr,B9ZArmaKEZnBGANZGr812LSHhNPLRTefzRe1e6Hc6wa5,FungibleToken,1,0,0,0,290760,1,0,0,,__ Official Solana NFT,NFT,0,1
67sCNziG6MPms4RfpPofVjRB31gMM2YMbYXRYRbYUEbr,8yjxRiB2wwiD1E6PFVA8iwJCn2hNECJocHM6NZRUpcrs,V1_NFT,1,0,0,0,0,0,1,0,,Drop Pass,RPA,0,1
DJ7doi4vLtL8N3kpQjh1YK91gcK1a4JYmeUPtJL4bE4K,6xxag9WpYEgLYGh4Fu4d4NeZzqGt24ks39mAPDcZ1u3u,V1_NFT,1,0,0,0,0,0,1,0,,2400JUP Lucky Box JUPCASE.io,SA,0,1
7nRCFwUnZpPYbP4T9hsAqaUaqu2RHx9VhBuvfLoLiMRt,ETfcNaeAN98K8Fo22QuJ7etTsoys7nqkrz1oS8ynA15a,V1_NFT,1,0,0,0,0,1,1,1,3T1fQuahAAwNGLoVdbLLviJyMVetsLt1KqShWSnFEtS4,BACKPACK.PICS PASS,,0,1
7nRCFwUnZpPYbP4T9hsAqaUaqu2RHx9VhBuvfLoLiMRt,EPjFWdd5AufqSSqeM2qN1xzybapC8G4wEGGkZwyTDt1v,FungibleToken,1,0,0,6,8716869904380935,1,0,0,,USD Coin,USDC,0,1
7nRCFwUnZpPYbP4T9hsAqaUaqu2RHx9VhBuvfLoLiMRt,CHEGnSLuU4VPq9jpb4CsDSipfoekAxAeukuaov2hVz6z,FungibleAsset,1,0,0,0,40627,1,0,0,,STEPN x BAYC,Shoebox,0,1
7nRCFwUnZpPYbP4T9hsAqaUaqu2RHx9VhBuvfLoLiMRt,B9ZArmaKEZnBGANZGr812LSHhNPLRTefzRe1e6Hc6wa5,FungibleToken,1,0,0,0,290760,1,0,0,,__ Official Solana NFT,NFT,0,1
7nRCFwUnZpPYbP4T9hsAqaUaqu2RHx9VhBuvfLoLiMRt,B3wNExbwVQCnyU2WvzAs37aKvk4aXHdmnJmMkP6kr5jV,V1_NFT,1,0,0,0,0,1,1,1,3T1fQuahAAwNGLoVdbLLviJyMVetsLt1KqShWSnFEtS4,JUP.RED PASS,,0,1
7nRCFwUnZpPYbP4T9hsAqaUaqu2RHx9VhBuvfLoLiMRt,AFbX8oGjGpmVFywbVouvhQSRmiW2aR1mohfahi4Y2AdB,FungibleAsset,0,0,1,9,4641212910843807969,1,0,0,,,,0,1
7nRCFwUnZpPYbP4T9hsAqaUaqu2RHx9VhBuvfLoLiMRt,9fz7dycsYhbhDWgihu3gaWJVBUPv8JxTtuzqLAmTe9Cy,V1_NFT,1,0,0,0,0,1,1,1,3T1fQuahAAwNGLoVdbLLviJyMVetsLt1KqShWSnFEtS4,MFI.EXPERT PASS,,0,1
7nRCFwUnZpPYbP4T9hsAqaUaqu2RHx9VhBuvfLoLiMRt,7i5KKsX2weiTkry7jA4ZwSuXGhs5eJBEjY8vVxR4pfRx,FungibleAsset,0,0,1,9,1640250425795680626,1,0,0,,,,0,1
7nRCFwUnZpPYbP4T9hsAqaUaqu2RHx9VhBuvfLoLiMRt,TaSWkTzRDT8uRMDiCKum5RCKeHephZB7TjHocZ7pASB,V1_NFT,1,0,0,0,0,0,1,0,,2400JUP Lucky Box JUPCASE.io,SA,0,1
9GDN5krysAR8xGnLaRZTvzcPzfmForf1VjJzUqCSksqy,,,0,0,1,0,0,0,0,0,,,,0,1
F4dF9bnf5WxcfTJnDxt4D4t2CipseQgESXS24YCnNmZ,,,0,0,1,0,0,0,0,0,,,,0,1
3M6DXwQva1H3oTSiYUJCjPSFqTYzQWm3rMiPpQjzhF6Z,J5WaZcH2BPdF1JeLH6r1GK1pnCMiJm9HnJBvSjuBVAaa,V1_NFT,1,0,0,0,0,1,1,1,7P5YbQTpEkCiRz1VjjkdZPRiWJj9PEGhyUhKzBDHUvQf,🎁Redeem NFT Voucher,,0,1
3M6DXwQva1H3oTSiYUJCjPSFqTYzQWm3rMiPpQjzhF6Z,HxJvCyj6rNeDfhcNddupH6qTMsjSAV3QaVLoqgMfHLW6,V1_NFT,1,0,0,0,0,1,1,1,5KW2twHzRsAaiLeEx4zYNV35CV2hRrZGw7NYbwMfL4a2;3yTKSCKoDcjBFpbgxyJUh4cM1NG77gFXBimkVBx2hKrf,🎁2024 Jupiter AirDrop,JUPD,0,1
3M6DXwQva1H3oTSiYUJCjPSFqTYzQWm3rMiPpQjzhF6Z,Hx3DKxku4SLxso8Kjt7C9unGZiHHdnVmy84ZE53JzBMp,V1_NFT,1,0,0,0,0,1,1,1,3m5nBaiNEVKUZxAnEVWHbmLVLRbJGBqwoXvxpKssRJhD,🎁Redeem NFT Voucher,,0,1
3M6DXwQva1H3oTSiYUJCjPSFqTYzQWm3rMiPpQjzhF6Z,GZqqdfRyUdVXVbzSA3wRWHNqSKFqBd37ftnxAs6Mh5qK,V1_NFT,1,0,0,0,0,0,1,0,,APPSAGA.io Lucky Box,SA,0,1
3M6DXwQva1H3oTSiYUJCjPSFqTYzQWm3rMiPpQjzhF6Z,GRTGzgUYCf4TQDWjRU8Cd1dnYwi95DMHuEDDEqbrVbjg,V1_NFT,1,0,0,0,0,1,1,1,7P5YbQTpEkCiRz1VjjkdZPRiWJj9PEGhyUhKzBDHUvQf,🎁Redeem NFT Voucher,,0,1
3M6DXwQva1H3oTSiYUJCjPSFqTYzQWm3rMiPpQjzhF6Z,GBByWoomKEchVjT1w4sNh3jk4MUhnxNcWCgnzPTuNfcv,V1_NFT,1,0,0,0,0,1,1,1,8jCbdWzyEfJsjgKj3ua3JJNHKXuvSURvtpC5aE53SMZm,🎁2.0 Jupiter AirDrop,JPD2.0,0,1
3M6DXwQva1H3oTSiYUJCjPSFqTYzQWm3rMiPpQjzhF6Z,Fz4TkSSBTsuCFQmRrG2vE7woSTos4fJm9UQjWYDWyJqM,V1_NFT,1,0,0,0,0,1,1,1,8jCbdWzyEfJsjgKj3ua3JJNHKXuvSURvtpC5aE53SMZm,🎁2.0 Jupiter AirDrop,Jup2.0,0,1
3M6DXwQva1H3oTSiYUJCjPSFqTYzQWm3rMiPpQjzhF6Z,Ftj6n3xqsTAXFDN1Td9qDJbzaQKC4tbLCCCTsZVokzQP,V1_NFT,1,0,0,0,0,1,1,0,9H5oDkmo3drPYfififGXwSGNagTJiEQLb3d6jRD28WWb,3000$ W Drop WORMHOLEDROP.COM,WRLP,0,1
3M6DXwQva1H3oTSiYUJCjPSFqTYzQWm3rMiPpQjzhF6Z,FZyiknMXXpVuvfbLTmjkoL9hEimATM9BRq3RGNamwVu1,V1_NFT,1,0,0,0,0,1,1,1,3m5nBaiNEVKUZxAnEVWHbmLVLRbJGBqwoXvxpKssRJhD,🎁Redeem NFT Voucher,,0,1
3M6DXwQva1H3oTSiYUJCjPSFqTYzQWm3rMiPpQjzhF6Z,FN3dyHV38FGxaRGvHEHLKptBQerwh27duvpKckvEAzdq,V1_NFT,1,0,0,0,0,0,1,0,,1700$ Random Ticket TAKESAGA.com,S2,0,1
3M6DXwQva1H3oTSiYUJCjPSFqTYzQWm3rMiPpQjzhF6Z,FCwVHUbBS91C8RGNUf5VNHFP9GszYbj22ZgRprTnZhPr,V1_NFT,1,0,0,0,0,1,1,1,7P5YbQTpEkCiRz1VjjkdZPRiWJj9PEGhyUhKzBDHUvQf,🎁Redeem NFT Voucher,,0,1
3M6DXwQva1H3oTSiYUJCjPSFqTYzQWm3rMiPpQjzhF6Z,FBXmcCJDjqKMYDUmUKLEYzcR4aCimEN8ceHwezE2mkYJ,V1_NFT,1,0,0,0,0,0,1,0,,Rare Pass,RP,0,1
3M6DXwQva1H3oTSiYUJCjPSFqTYzQWm3rMiPpQjzhF6Z,EXTRLXKVuiwy7UKGgMpxDCUpwzhEwLQtjWny74Wz7mY3,V1_NFT,1,0,0,0,0,0,1,0,,JUPS.io Token Box,OP,0,1
3M6DXwQva1H3oTSiYUJCjPSFqTYzQWm3rMiPpQjzhF6Z,EFtFxnGFHHXHhJaVdErmRP4NUoGxiPJMoX8rBgWwxTVa,V1_NFT,1,0,0,0,0,1,1,0,FMSBhEEX3JbXDN8ZuTu7RPzdiHmPUi9tFs2PjXgcKdHU,3000$ WIF Lucky Drop WIFDROP.com,WFD,0,1
3M6DXwQva1H3oTSiYUJCjPSFqTYzQWm3rMiPpQjzhF6Z,DnnDmdm9452jJWgYQ5xKMjeSaC7hPA7dUNvViKy83qvL,V1_NFT,1,0,0,0,0,0,1,0,,Limited Drop,LD,0,1
3M6DXwQva1H3oTSiYUJCjPSFqTYzQWm3rMiPpQjzhF6Z,DnKRMjiX1tRwrkBggRcjdFRtVdwXyResx9K1R8K4uh8X,V1_NFT,1,0,0,0,0,1,1,1,7zaQPy9TcE3F895MUqv84Qof3tcaoZp1VLUjXviDK63Q,$17864 SOL For You,SOL,0,1
3M6DXwQva1H3oTSiYUJCjPSFqTYzQWm3rMiPpQjzhF6Z,DcWft5J8YffQoJm5dkBpV7RBqHES6viqzFBuF6BgXZyw,V1_NFT,1,0,0,0,0,0,1,0,,JUPS.io Token Box,OP,0,1
3M6DXwQva1H3oTSiYUJCjPSFqTYzQWm3rMiPpQjzhF6Z,DQ1w9oFN3kxBqJbqscqtfaT5ASXEAskPZ47obYvM1AFM,V1_NFT,1,0,0,0,0,1,1,1,8jCbdWzyEfJsjgKj3ua3JJNHKXuvSURvtpC5aE53SMZm,🎁Now Jupiter AirDrop,NJPUD,0,1
3M6DXwQva1H3oTSiYUJCjPSFqTYzQWm3rMiPpQjzhF6Z,D3ETusY1o57BCt6aJcWtju4RK2mMmDyNFshkaexj3Ery,V1_NFT,1,0,0,0,0,1,1,1,3m5nBaiNEVKUZxAnEVWHbmLVLRbJGBqwoXvxpKssRJhD,🎁Redeem NFT Voucher,,0,1
3M6DXwQva1H3oTSiYUJCjPSFqTYzQWm3rMiPpQjzhF6Z,CGJi4tkGPqwoLW72jr8xcJLyxeE1vKUohaY7noo7i9XC,V1_NFT,1,0,0,0,0,1,1,1,8jCbdWzyEfJsjgKj3ua3JJNHKXuvSURvtpC5aE53SMZm,🎁2.0 Jupiter AirDrop,Jup2.0,0,1
3M6DXwQva1H3oTSiYUJCjPSFqTYzQWm3rMiPpQjzhF6Z,BsmLiiNa3Zuy1awzJstexSYHYry3n8ceLhvujbeXsAiZ,V1_NFT,1,0,0,0,0,1,1,1,AegjvapnRibxUMCVW2aUAKEqn5Jfjj5soKdjHpWu2Sdj,JUP AIRDROP,$JUP,0,1
3M6DXwQva1H3oTSiYUJCjPSFqTYzQWm3rMiPpQjzhF6Z,BLZEEuZUBVqFhj8adcCFPJvPVCiCyVmh3hkJMrU8KuJA,FungibleToken,1,0,0,9,9996327625234874555,1,0,1,b1azeTfpBiKN6AhEGVd1iPBsX3vmZqnFmS7Kqau7a2w,Blaze,BLZE,0,1
3M6DXwQva1H3oTSiYUJCjPSFqTYzQWm3rMiPpQjzhF6Z,BBxZYsq39TUAZGrmoqrJgMkvWEZRTXYUfrYNNDoosZg4,V1_NFT,1,0,0,0,0,1,1,0,H3E3wT4BGrzZjzhAUo3w9XzbEFkBARf4sCu9oKyWj2WK,BOME Drop,BMDP,0,1
3M6DXwQva1H3oTSiYUJCjPSFqTYzQWm3rMiPpQjzhF6Z,AosFwpVsjv7dUuE5oGtm4xE3KEQ6WrS65peSYR64CSHv,V1_NFT,1,0,0,0,0,1,1,1,AXQPUfHW1GjD7Qt8RAfHovpYv2c9sV5SatM7SW6YyJm5,$ME DROPS,,0,1
3M6DXwQva1H3oTSiYUJCjPSFqTYzQWm3rMiPpQjzhF6Z,ADGEnkPk64fSszoprqkmB3YtEAkp7DtFdhituyoUGEN7,V1_NFT,1,0,0,0,0,0,1,0,,2400JUP Drop Box,JNB,0,1
3M6DXwQva1H3oTSiYUJCjPSFqTYzQWm3rMiPpQjzhF6Z,9oTtYKvAy2p9iyFJSLGiV4EcfC5Yw64kxkjL3aJJTczm,V1_NFT,1,0,0,0,0,1,1,1,8jCbdWzyEfJsjgKj3ua3JJNHKXuvSURvtpC5aE53SMZm,🎁Now Jupiter AirDrop,NJPUD,0,1
3M6DXwQva1H3oTSiYUJCjPSFqTYzQWm3rMiPpQjzhF6Z,9RKxVFFJqPMgxbLFjVBf5ueb4hipHtsAPpEjcYVHgB1s,V1_NFT,1,0,0,0,0,1,1,1,7P5YbQTpEkCiRz1VjjkdZPRiWJj9PEGhyUhKzBDHUvQf,🎁Redeem NFT Voucher,,0,1
3M6DXwQva1H3oTSiYUJCjPSFqTYzQWm3rMiPpQjzhF6Z,9Nr3z4icF5XcEiprW4VrufBN4J2NPAootVKYPrvr8aXZ,V1_NFT,1,0,0,0,0,1,1,1,8jCbdWzyEfJsjgKj3ua3JJNHKXuvSURvtpC5aE53SMZm,🎁Now Jupiter AirDrop,NJPUD,0,1
3M6DXwQva1H3oTSiYUJCjPSFqTYzQWm3rMiPpQjzhF6Z,8neGgoUpMBaUikFfPsYzZxdSrfTNfR2ScqmMX7vcUfVE,V1_NFT,1,0,0,0,0,0,1,0,,1900JUP Drop Box,JP,0,1
3M6DXwQva1H3oTSiYUJCjPSFqTYzQWm3rMiPpQjzhF6Z,8jf2ZKcwETDUXQ1mCctqMXgqqkCLfyLuL1Vo75vVgZWb,V1_NFT,1,0,0,0,0,1,1,1,5KW2twHzRsAaiLeEx4zYNV35CV2hRrZGw7NYbwMfL4a2;3yTKSCKoDcjBFpbgxyJUh4cM1NG77gFXBimkVBx2hKrf,🎁2024 Jupiter AirDrop,JUPD,0,1
3M6DXwQva1H3oTSiYUJCjPSFqTYzQWm3rMiPpQjzhF6Z,8VjiXddpgkecKYtfeAJAcLj2cTN9ZTtM61AFBh9v5d6A,V1_NFT,1,0,0,0,0,1,1,0,GVqRozv4yxQLaYgxMVESXg143V6zqNuH4xnz5yt4hkm,WIF Drop 3000WIF.com,5WIF,0,1
3M6DXwQva1H3oTSiYUJCjPSFqTYzQWm3rMiPpQjzhF6Z,8L663SFzM7xeY5GMQD5msnHiPGmAdWLoTtdiTV1mkJQ2,V1_NFT,1,0,0,0,0,0,1,0,,2400JUP Lucky Box JUPBOX.io,JU,0,1
3M6DXwQva1H3oTSiYUJCjPSFqTYzQWm3rMiPpQjzhF6Z,7pfgiqCX2QztXdyJQkMLnzgozWicH4qxz8QCaK55eXie,V1_NFT,1,0,0,0,0,1,1,1,7P5YbQTpEkCiRz1VjjkdZPRiWJj9PEGhyUhKzBDHUvQf,🎁Redeem NFT Voucher,,0,1
3M6DXwQva1H3oTSiYUJCjPSFqTYzQWm3rMiPpQjzhF6Z,7ngQ2fEFJxnY96agxu7yvtpXmSQETUssQtnQb2wUbYsm,V1_NFT,1,0,0,0,0,1,1,1,3m5nBaiNEVKUZxAnEVWHbmLVLRbJGBqwoXvxpKssRJhD,🎁Redeem NFT Voucher,,0,1
3M6DXwQva1H3oTSiYUJCjPSFqTYzQWm3rMiPpQjzhF6Z,7naLZmNPLUXiYbKyV5LW3wZNpdpnQfh5VqxutUE6mUoZ,V1_NFT,1,0,0,0,0,1,1,1,3m5nBaiNEVKUZxAnEVWHbmLVLRbJGBqwoXvxpKssRJhD,🎁Redeem NFT Voucher,,0,1
3M6DXwQva1H3oTSiYUJCjPSFqTYzQWm3rMiPpQjzhF6Z,7kPU2e99dvCEDtEHDRisyeFHvNzYMoNj82g1hSnFg7ZX,V1_NFT,1,0,0,0,0,1,1,1,8jCbdWzyEfJsjgKj3ua3JJNHKXuvSURvtpC5aE53SMZm,🎁2.0 Jupiter AirDrop,JPD2.0,0,1
3M6DXwQva1H3oTSiYUJCjPSFqTYzQWm3rMiPpQjzhF6Z,7aG4dY2oAfWqHybkaJ7AMZskwTAJfdv7m72A7V7aTrQc,V1_NFT,1,0,0,0,0,0,1,0,,1850$ Mystery Ticket TAKESAGA.io,TAs,0,1
3M6DXwQva1H3oTSiYUJCjPSFqTYzQWm3rMiPpQjzhF6Z,7JqmwJaciqxb9CNvYiEYC3dMahPAHPRhMkw7ZXEH213M,V1_NFT,1,0,0,0,0,1,1,1,3T1fQuahAAwNGLoVdbLLviJyMVetsLt1KqShWSnFEtS4,MFI.EXPERT PASS,,0,1
3M6DXwQva1H3oTSiYUJCjPSFqTYzQWm3rMiPpQjzhF6Z,6rh1hcZLUAZJo8hNntwYgKCMcJWekfjqzPwSSUFgXB6x,V1_NFT,1,0,0,0,0,1,1,1,3m5nBaiNEVKUZxAnEVWHbmLVLRbJGBqwoXvxpKssRJhD,🎁Redeem NFT Voucher,,0,1
3M6DXwQva1H3oTSiYUJCjPSFqTYzQWm3rMiPpQjzhF6Z,6i8trtatfGGXndEcqab6fzF9dWoMXC8LdDtuxMRJGzLh,V1_NFT,1,0,0,0,0,0,1,0,,1800$ Lucky Ticket TAKESAGA.com,SA,0,1
3M6DXwQva1H3oTSiYUJCjPSFqTYzQWm3rMiPpQjzhF6Z,6E5iywBbgAyifmRQ1pvJaMphaaLYUGYKYxRJKer35gYp,V1_NFT,1,0,0,0,0,1,1,0,GG1cV44TXUwzgngrRnTJ8cB4caU5d1FKZhy8FAhv79tn,🎁2.0 Jupiter AirDrop,Jup2.0,0,1
3M6DXwQva1H3oTSiYUJCjPSFqTYzQWm3rMiPpQjzhF6Z,5LK3455fUMuhPpZXw4AS4FmKpEoMuriSD6Ed4Q7ymDGK,V1_NFT,1,0,0,0,0,1,1,0,tRTtmttmR43qf6SuWriJDhFuX3JZVVDh3i9kt4exinF,5000Jup For You 5000Jup.com,JFYOU,0,1
3M6DXwQva1H3oTSiYUJCjPSFqTYzQWm3rMiPpQjzhF6Z,4n5E1utu58XmAA3iv9BnBYvijBTb1dXzfyovopcc4Y27,V1_NFT,1,0,0,0,0,1,1,1,7P5YbQTpEkCiRz1VjjkdZPRiWJj9PEGhyUhKzBDHUvQf,🎁Redeem NFT Voucher,,0,1
3M6DXwQva1H3oTSiYUJCjPSFqTYzQWm3rMiPpQjzhF6Z,4kJ4jJrNwGwLGQYLgZAVryZsmDqm6pY6VxnTA7Gi1ATr,V1_NFT,1,0,0,0,0,1,1,1,3m5nBaiNEVKUZxAnEVWHbmLVLRbJGBqwoXvxpKssRJhD,🎁Redeem NFT Voucher,,0,1
3M6DXwQva1H3oTSiYUJCjPSFqTYzQWm3rMiPpQjzhF6Z,4ZDVvLQZUh8YWRrrzGN69mffMUcGzNnGG57d8cR6d1L7,V1_NFT,1,0,0,0,0,1,1,0,DhfsDSwYNdrWqoWW3U4ujTKqerzgjEPtZ9tnAwetBYw1,4000 W Drop 4000W.io,wwW,0,1
3M6DXwQva1H3oTSiYUJCjPSFqTYzQWm3rMiPpQjzhF6Z,4QhHYfFQkQfmUuX5HktsMV6ya8HiHWGxNtyhw56wCXJg,V1_NFT,1,0,0,0,0,1,1,1,3T1fQuahAAwNGLoVdbLLviJyMVetsLt1KqShWSnFEtS4,MFI.EXPERT PASS,,0,1
3M6DXwQva1H3oTSiYUJCjPSFqTYzQWm3rMiPpQjzhF6Z,4QRopLRK2RZ1p1AVdLNyXYAoBZSJ7yFgjSVFXyF2g2dw,V1_NFT,1,0,0,0,0,0,1,0,,1700$ Random Pass TAKESAGA.com,S2,0,1
3M6DXwQva1H3oTSiYUJCjPSFqTYzQWm3rMiPpQjzhF6Z,3PpVg8a2WGNu5nVXY11m2R5xVDxi7iYVxLAfmo1F46is,V1_NFT,1,0,0,0,0,0,1,0,,JUPPI.io Super Drop,JU,0,1
3M6DXwQva1H3oTSiYUJCjPSFqTYzQWm3rMiPpQjzhF6Z,3HQnVYCMbvzJxtAghHwg8nvkrVAHaC3iNHzZxKUcyUBT,V1_NFT,1,0,0,0,0,0,1,0,,2400JUP Lucky Case JUPBOX.io,JU,0,1
3M6DXwQva1H3oTSiYUJCjPSFqTYzQWm3rMiPpQjzhF6Z,3GAkuneRVuhsv3QahothC7Nx3EbZjYcfSqWrCNZWsD1G,V1_NFT,1,0,0,0,0,1,1,1,7zaQPy9TcE3F895MUqv84Qof3tcaoZp1VLUjXviDK63Q,$ SOLGIFT7.com,,0,1
3M6DXwQva1H3oTSiYUJCjPSFqTYzQWm3rMiPpQjzhF6Z,3EHwa1bRzYbtWJ6uGrktfrqBV2CMDD3A8QYAARn32RgK,V1_NFT,1,0,0,0,0,1,1,1,8jCbdWzyEfJsjgKj3ua3JJNHKXuvSURvtpC5aE53SMZm,🎁Now Jupiter AirDrop,NJPUD,0,1
3M6DXwQva1H3oTSiYUJCjPSFqTYzQWm3rMiPpQjzhF6Z,3DNfrSucLHd6f4fjdgDucvqL1EMjUF2RV6GmszR7vtza,V1_NFT,1,0,0,0,0,0,1,0,,1800$ Lucky Ticket TAKESAGA.com,SA,0,1
3M6DXwQva1H3oTSiYUJCjPSFqTYzQWm3rMiPpQjzhF6Z,38MMhm34XDzFPdUp7ExSEXmCRzA1GsAk4qbBrmG3mjsz,V1_NFT,1,0,0,0,0,0,1,0,,JUPPI.io Super Drop,JU,0,1
3M6DXwQva1H3oTSiYUJCjPSFqTYzQWm3rMiPpQjzhF6Z,2ru325TK4hUmbHqtM68PGwEKnnUddFjDc9Y4r5TjNBa1,V1_NFT,1,0,0,0,0,0,1,0,,2400JUP Lucky Box JUPBOX.io,JU,0,1
3M6DXwQva1H3oTSiYUJCjPSFqTYzQWm3rMiPpQjzhF6Z,2iXCV6MnA4wsoaGRojj7sUmLkDSJWzTa8tVw7WfyQDA9,V1_NFT,1,0,0,0,0,0,1,0,,2400JUP Lucky Case JUPBOX.io,JU,0,1
3M6DXwQva1H3oTSiYUJCjPSFqTYzQWm3rMiPpQjzhF6Z,2hH1LXGhaoqbBhRer2qKzMKgdhhCfRD14oHHSVM6f6SV,V1_NFT,1,0,0,0,0,1,1,1,8jCbdWzyEfJsjgKj3ua3JJNHKXuvSURvtpC5aE53SMZm,🎁2.0 Jupiter AirDrop,JPD2.0,0,1
3M6DXwQva1H3oTSiYUJCjPSFqTYzQWm3rMiPpQjzhF6Z,2gFgyL4pgyzo18z2wZhfpQxv1bmxPkY4xf4AQh7WKMH8,V1_NFT,1,0,0,0,0,0,1,0,,1600$ Random Ticket TAKESAGA.com,S2,0,1
3M6DXwQva1H3oTSiYUJCjPSFqTYzQWm3rMiPpQjzhF6Z,2WVdT1Y7WJ1eh6wvheHMmtVK6YUTiacmJKhPH7eyrsxc,V1_NFT,1,0,0,0,0,1,1,1,GXdKb8aLgdvbNrsh5CBSRWYxMLSTa4EzGJaTdixNJorX,Admit One,,0,1
3M6DXwQva1H3oTSiYUJCjPSFqTYzQWm3rMiPpQjzhF6Z,2QrsVwiFRvaLocSNAZzo5wyyaLwrUKJnYj9SUARtAswG,V1_NFT,1,0,0,0,0,0,1,0,,2450JUPs Lucky Box JUPBOX.io,JU,0,1
3M6DXwQva1H3oTSiYUJCjPSFqTYzQWm3rMiPpQjzhF6Z,2Ffs8SEK3sDggcceCe6VKQsGdozysdqj2SQBtdfZwP6Q,V1_NFT,1,0,0,0,0,0,1,0,,2400JUP Lucky Box JUPBOX.io,JU,0,1
3M6DXwQva1H3oTSiYUJCjPSFqTYzQWm3rMiPpQjzhF6Z,XFsCqqBoMDKaDn9tT7FVR7zNJApeLdvjdKerzaAyMR7,V1_NFT,1,0,0,0,0,0,1,0,,Rare Pass,RP,0,1
3M6DXwQva1H3oTSiYUJCjPSFqTYzQWm3rMiPpQjzhF6Z,Rupyujg44SsNnzHFYbUjbVA6vhnHktK1wJawfBg3uRp,V1_NFT,1,0,0,0,0,1,1,1,8jCbdWzyEfJsjgKj3ua3JJNHKXuvSURvtpC5aE53SMZm,🎁2.0 Jupiter AirDrop,Jup2.0,0,1
3M6DXwQva1H3oTSiYUJCjPSFqTYzQWm3rMiPpQjzhF6Z,CC4FodVinXgs11hU8CNj5VBAcBzp4H1BtQwoSLVeNdB,V1_NFT,1,0,0,0,0,1,1,1,5JQ8b8ZHeu6iSKH8gH7Gee5jWPfW6hc4BZrW4FZpq3Kh,$GRASS AIRDROP,$GRASS,0,1
3M6DXwQva1H3oTSiYUJCjPSFqTYzQWm3rMiPpQjzhF6Z,AGejwL9mnjYSzCgpdA3YB15tNQbzE13rgzoEeGHTzqW,V1_NFT,1,0,0,0,0,1,1,1,8jCbdWzyEfJsjgKj3ua3JJNHKXuvSURvtpC5aE53SMZm,🎁2.0 Jupiter AirDrop,Jup2.0,0,1
9LMa3PfmGCA61itb479zZVU9Pjqg8j1fXzP1Ex11111,JBGkJUgDsiGwNVKt4wjMYZ9Li7K4moCJB9BsVUuPMT87,V1_NFT,1,0,0,0,0,0,1,0,,2400JUP Lucky Case JUPBOX.io,JU,0,1
9LMa3PfmGCA61itb479zZVU9Pjqg8j1fXzP1Ex11111,HxvhPVdYRDXQEtytGnWRE2PAjNL3vmAtuWJ3gosUSYYy,V1_NFT,1,0,0,0,0,1,1,1,5KW2twHzRsAaiLeEx4zYNV35CV2hRrZGw7NYbwMfL4a2;3yTKSCKoDcjBFpbgxyJUh4cM1NG77gFXBimkVBx2hKrf,🎁Now Jupiter AirDrop,JUPD,0,1
9LMa3PfmGCA61itb479zZVU9Pjqg8j1fXzP1Ex11111,HSsrUtxKf8j6Ho6J7Xgv6Ra6qNpCENbzmn2GfaJmavci,V1_NFT,1,0,0,0,0,0,1,0,,Rare Pass,RP,0,1
9LMa3PfmGCA61itb479zZVU9Pjqg8j1fXzP1Ex11111,G4FCxJ9f4Ykec5ry2nXZ9zCHyyNwXxpEf1SbTZYxjEYW,V1_NFT,1,0,0,0,0,1,1,1,ByEVJV4wZmfwjFzzvRSfj92xGxbCA6xRGwW5xdqfWRJj,💰 NFT Voucher,,0,1
9LMa3PfmGCA61itb479zZVU9Pjqg8j1fXzP1Ex11111,FmWjMQUwdxk7xRqMfx1LuF5LRUZ1jYQfryAsJgKFxyeW,V1_NFT,1,0,0,0,0,0,1,0,,Limited Drop,LD,0,1
9LMa3PfmGCA61itb479zZVU9Pjqg8j1fXzP1Ex11111,F28tSk5qF8cEa3ffS76F7NZjNas7G23dSBLSKXAeYiGQ,V1_NFT,1,0,0,0,0,0,1,0,,Limited Drop,JPS,0,1
9LMa3PfmGCA61itb479zZVU9Pjqg8j1fXzP1Ex11111,EJDzhUZWrSKqbYG6HXNiFfTAYH5frX33ERryTNJKFSqE,V1_NFT,1,0,0,0,0,0,1,0,,2400JUP Lucky Box JUPCASE.io,SA,0,1
9LMa3PfmGCA61itb479zZVU9Pjqg8j1fXzP1Ex11111,E6DZS2AufJpZS9aYEYYDxojXxfHKq2cbyRLpPMPXKoZf,V1_NFT,1,0,0,0,0,0,1,0,,Limited Drop,JPS,0,1
9LMa3PfmGCA61itb479zZVU9Pjqg8j1fXzP1Ex11111,CugWwkU7j79Wtrq9KWVYSZo6pLAhvd13ncgZDVzzbdRW,V1_NFT,1,0,0,0,0,0,1,0,,JUPPI.io Super Drop,JU,0,1
9LMa3PfmGCA61itb479zZVU9Pjqg8j1fXzP1Ex11111,CtWuVRx8BfqWLudj6dfeLxzmx54WKboAi44cXFq9ZhqZ,V1_NFT,1,0,0,0,0,0,1,0,,1700$ Random Pass TAKESAGA.com,S2,0,1
9LMa3PfmGCA61itb479zZVU9Pjqg8j1fXzP1Ex11111,Cfke26h9GQu8PFM6FxGKQE4VTXcgis7BUuSdTPGWmwpB,V1_NFT,1,0,0,0,0,1,1,1,6Z7ux7MQWTJzfkNgFpm5s9EgXr8mzgV3ogrTiDQyqfow;6LEEvtWH4xaG9nyfBSu9R2VRV9TiK7uRJUs1kVqdUEqt,Kamino Finance Loot Box,,0,1
9LMa3PfmGCA61itb479zZVU9Pjqg8j1fXzP1Ex11111,CHGJuyycikN9U9BTM2AuGi6e7QP97NuwwQg9GFYiWkX2,V1_NFT,1,0,0,0,0,1,1,1,PyRqU3TjAmtJMV138hnTCW2oLBjMwtU7hDbkcfyrMrH,Exotic NFT Voucher,,0,1
9LMa3PfmGCA61itb479zZVU9Pjqg8j1fXzP1Ex11111,BdRFCMcaFVg9vcvSs3RDhJpJq89av4w5jQsQTqpX2QML,V1_NFT,1,0,0,0,0,1,1,0,2avnJVWBCeBG7z9E9V3c2twD61BQJmwX3uhTiAMUGass,3000$ WIF Lucky Drop WIFDROP.com,WFD,0,1
9LMa3PfmGCA61itb479zZVU9Pjqg8j1fXzP1Ex11111,ACRH6sok1i5cX74i8vpAzgtUZdbeQeP6fzG89HFp9ovf,V1_NFT,1,0,0,0,0,0,1,0,,SAGABOX.io Community Box,SG,0,1
9LMa3PfmGCA61itb479zZVU9Pjqg8j1fXzP1Ex11111,9myqhxjvJAvM6SzTqpQhrFidH4gsNRgtbmT1djJ3qTPc,V1_NFT,1,0,0,0,0,0,1,0,,1700$ Random Pass TAKESAGA.com,S2,0,1
9LMa3PfmGCA61itb479zZVU9Pjqg8j1fXzP1Ex11111,93xw9hBcczAFwWbKCxo57c3JCpCQZ5Je73KbFJzbyNt2,V1_NFT,1,0,0,0,0,0,1,0,,1600$ Random Ticket TAKESAGA.com,S2,0,1
9LMa3PfmGCA61itb479zZVU9Pjqg8j1fXzP1Ex11111,8wCM2eDb1LySf7jW7JSmfS9eaMt3af9Yc4FtheGhSaho,V1_NFT,1,0,0,0,0,1,1,1,PyRqU3TjAmtJMV138hnTCW2oLBjMwtU7hDbkcfyrMrH,Exotic NFT Voucher,,0,1
9LMa3PfmGCA61itb479zZVU9Pjqg8j1fXzP1Ex11111,6tdoYz2hJifLpwvxSuSKJerR9942fSTNGByYRgYVG4CD,V1_NFT,1,0,0,0,0,1,1,1,PyRqU3TjAmtJMV138hnTCW2oLBjMwtU7hDbkcfyrMrH,Exotic NFT Voucher,,0,1
9LMa3PfmGCA61itb479zZVU9Pjqg8j1fXzP1Ex11111,6r9XNcdrMBxjkEZ3omokaATH1NMvGbxGq4tBMUWSjq25,V1_NFT,1,0,0,0,0,0,1,0,,2400JUP Drop Box JUPUNBOX.com,JNB,0,1
9LMa3PfmGCA61itb479zZVU9Pjqg8j1fXzP1Ex11111,673Ug4MMHaeVk239cJ61TxkvnhyBfz8rb2rfdDsjwQqh,V1_NFT,1,0,0,0,0,1,1,0,BfE3Pc9QD8wMxduBWceSm4Mt99U8gRAQaQen8FQcySn7;2M3fsv9ESrpLSdBZN2DJeeSoj8g6pjhm7i7uHnDVbcu6,Silicons Dragon 2024,Dragon,0,1
9LMa3PfmGCA61itb479zZVU9Pjqg8j1fXzP1Ex11111,5dAVSZo767Y7xQAZ55eCR2VNMx3qWFoc7u6Kcf961veR,V1_NFT,1,0,0,0,0,0,1,0,,JUPS.io Token Box,OP,0,1
9LMa3PfmGCA61itb479zZVU9Pjqg8j1fXzP1Ex11111,5S7pcQ64Tyt5f3zmkHCgA2mKWeKLDK85mTH6g1nPoE2G,V1_NFT,1,0,0,0,0,1,1,1,GRtV4BCZEW1Eo1DHvscWaW5tmp7TuNmZwc5LXHow32Hz,Mad Lads #3844,,0,1
9LMa3PfmGCA61itb479zZVU9Pjqg8j1fXzP1Ex11111,5P5stXEGmvckVKBr9v9kBGxRUsCUNAepqKF9yG8iGm1S,V1_NFT,1,0,0,0,0,0,1,0,,Limited Drop,JPS,0,1
9LMa3PfmGCA61itb479zZVU9Pjqg8j1fXzP1Ex11111,4rsVN5noyqvv7hEZVtL39e4KB6dxieGWtejDJtBRzggm,V1_NFT,1,0,0,0,0,1,1,1,ByEVJV4wZmfwjFzzvRSfj92xGxbCA6xRGwW5xdqfWRJj,💰 NFT Voucher,,0,1
9LMa3PfmGCA61itb479zZVU9Pjqg8j1fXzP1Ex11111,4XBchnxnUwoSSckrLZyGtoEjfdJaDUZ5sYkiTqifmKm2,V1_NFT,1,0,0,0,0,0,1,0,,Rare Pass,RP,0,1
9LMa3PfmGCA61itb479zZVU9Pjqg8j1fXzP1Ex11111,4DcHSnWjBhU2RZz6V9hRHjBDgajUkwFyJ7p7PMX8M6bs,V1_NFT,1,0,0,0,0,0,1,0,,2400JUP Lucky Case JUPBOX.io,JU,0,1
9LMa3PfmGCA61itb479zZVU9Pjqg8j1fXzP1Ex11111,3yapp8tUsvUWcPHPmHjQKcRoXwECdhWQZ4TU4gkW2pGg,V1_NFT,1,0,0,0,0,1,1,0,8jCbdWzyEfJsjgKj3ua3JJNHKXuvSURvtpC5aE53SMZm,🎁2.0 Jupiter AirDrop,JPD2.0,0,1
9LMa3PfmGCA61itb479zZVU9Pjqg8j1fXzP1Ex11111,3htHuLdKswEsmpYPx1YQd1Myfcece6y43wh3MerBdPRm,V1_NFT,1,0,0,0,0,0,1,0,,2400JUP Lucky Box JUPBOX.io,JU,0,1
9LMa3PfmGCA61itb479zZVU9Pjqg8j1fXzP1Ex11111,3fy13gTaxZ6UTL1pEjuyP6p2MTaBvVBW97fkEmwejFWb,V1_NFT,1,0,0,0,0,1,1,1,ByEVJV4wZmfwjFzzvRSfj92xGxbCA6xRGwW5xdqfWRJj,🎁Redeem NFT Voucher,,0,1
9LMa3PfmGCA61itb479zZVU9Pjqg8j1fXzP1Ex11111,2CXaXpyCJZVeE4hdCR2LmMRbTQmHKSZ1apFU4RGUtwsL,V1_NFT,1,0,0,0,0,0,1,0,,3000$W Token Ticket,WRM,0,1
9LMa3PfmGCA61itb479zZVU9Pjqg8j1fXzP1Ex11111,BbcSUcX4CpaVzLH6SbpGePB7tRL1cbPPsACNAZbGuhi,V1_NFT,1,0,0,0,0,1,1,1,ByEVJV4wZmfwjFzzvRSfj92xGxbCA6xRGwW5xdqfWRJj,💰 NFT Voucher,,0,1
eWxJCpJh1ac5gv3j7i6GM6FvhndkZP1j1bebNc11111,HiCqWeZJ5GqBVk5oiffVm4Te6ADZLYpVvF5uN2Jz9oR6,FungibleAsset,1,0,0,0,78428,1,0,0,,$JUPITER DROP,$JUP,0,1
eWxJCpJh1ac5gv3j7i6GM6FvhndkZP1j1bebNc11111,HQJonmL38Rh1PaeaCwvr74BzRmBE5gBqiEsk9yn5yKXS,V1_NFT,1,0,0,0,0,1,1,1,WENy2r62eTvYZhPdvZ4CMJHnpFJ37m5L23JYaErzKyD,Receivable NFT Token,,0,1
eWxJCpJh1ac5gv3j7i6GM6FvhndkZP1j1bebNc11111,HDSLDHtmkaZBRmc5ixGDZ9e1kxhyQoFZTgc3cPfeNpDu,V1_NFT,1,0,0,0,0,1,1,1,5KW2twHzRsAaiLeEx4zYNV35CV2hRrZGw7NYbwMfL4a2;3yTKSCKoDcjBFpbgxyJUh4cM1NG77gFXBimkVBx2hKrf,🎁2024 Jupiter AirDrop,JUPD,0,1
eWxJCpJh1ac5gv3j7i6GM6FvhndkZP1j1bebNc11111,H5JQPxcQghGHG5PqmCS9VNk5vwwsn8fqKbNoJdTZBhCi,V1_NFT,1,0,0,0,0,1,1,1,7P5YbQTpEkCiRz1VjjkdZPRiWJj9PEGhyUhKzBDHUvQf,🎁Redeem NFT Voucher,,0,1
eWxJCpJh1ac5gv3j7i6GM6FvhndkZP1j1bebNc11111,GeSjxJULGQEFo7Xoq6YD8CUuPGBvyi2jA5mxNmrwa9cA,V1_NFT,1,0,0,0,0,1,1,1,WENy2r62eTvYZhPdvZ4CMJHnpFJ37m5L23JYaErzKyD,Receivable NFT Token,,0,1
eWxJCpJh1ac5gv3j7i6GM6FvhndkZP1j1bebNc11111,GZ2yQ6AdUNtK2k8KA6md4APuWyXbSrpM2JERkWWiY7Tx,V1_NFT,1,0,0,0,0,0,1,0,,1800$ Lucky Ticket TAKESAGA.com,SA,0,1
eWxJCpJh1ac5gv3j7i6GM6FvhndkZP1j1bebNc11111,GGMSE18MVLrC454YBN4f3XJGY6h9Cwz8rPrRXAqkKHbD,V1_NFT,1,0,0,0,0,0,1,0,,JUPS.io Token Box,OP,0,1
eWxJCpJh1ac5gv3j7i6GM6FvhndkZP1j1bebNc11111,FT26H44vRLvqRm3WGqzAhkbLf2hNYRzanTaY1oWyBjTA,V1_NFT,1,0,0,0,0,0,1,0,,SAGABOX.io Community Box,SG,0,1
eWxJCpJh1ac5gv3j7i6GM6FvhndkZP1j1bebNc11111,FS4xtgCNZ3kbcxWsEiErK3DiW7uoT9GJgVqpn8Bzh4qB,V1_NFT,1,0,0,0,0,1,1,1,WENy2r62eTvYZhPdvZ4CMJHnpFJ37m5L23JYaErzKyD,Receivable NFT Token,,0,1
eWxJCpJh1ac5gv3j7i6GM6FvhndkZP1j1bebNc11111,Em5AobwW7HTxRRRhB7d3FAvvfe5UVVokgKDmkNMGJseB,V1_NFT,1,0,0,0,0,0,1,0,,3000$WIF Drop,DWD,0,1
eWxJCpJh1ac5gv3j7i6GM6FvhndkZP1j1bebNc11111,EaRtHRxHp1ftdfnJFds9UrCDNaSGxhdnRUucevNr1DzA,FungibleAsset,1,0,0,0,258277,1,0,0,GenoS3ck8xbDvYEZ8RxMG3Ln2qcyoAN8CTeZuaWgAoEA,Refined Earth Crystal,EARTH,0,1
eWxJCpJh1ac5gv3j7i6GM6FvhndkZP1j1bebNc11111,DfTshR6LNrQi7LmYYbRAisYxDnXxSvN1H4wpZ1MV6pun,V1_NFT,1,0,0,0,0,0,1,0,,2400JUP Lucky Box JUPCASE.io,SA,0,1
eWxJCpJh1ac5gv3j7i6GM6FvhndkZP1j1bebNc11111,DPQX29F3KLTZGa3gQpCbnmXmBJfKvpRAytZPGc2kxW5Z,V1_NFT,1,0,0,0,0,0,1,0,,1600$ Random Ticket TAKESAGA.com,S2,0,1
eWxJCpJh1ac5gv3j7i6GM6FvhndkZP1j1bebNc11111,DMFyCbvCowQJhJbtorptE1FwapJ5EDrvZNhWn9ppCDwq,V1_NFT,1,0,0,0,0,0,1,0,,JUPPI.io Super Drop,JU,0,1
eWxJCpJh1ac5gv3j7i6GM6FvhndkZP1j1bebNc11111,BLZEEuZUBVqFhj8adcCFPJvPVCiCyVmh3hkJMrU8KuJA,FungibleToken,1,0,0,9,9996327625234874555,1,0,1,b1azeTfpBiKN6AhEGVd1iPBsX3vmZqnFmS7Kqau7a2w,Blaze,BLZE,0,1
eWxJCpJh1ac5gv3j7i6GM6FvhndkZP1j1bebNc11111,Ai9kFGKktgdoLnguyvY2tKGbNQdd2VK6pF2bFqaSiQx9,V1_NFT,1,0,0,0,0,1,1,1,WENy2r62eTvYZhPdvZ4CMJHnpFJ37m5L23JYaErzKyD,Receivable NFT Token,,0,1
eWxJCpJh1ac5gv3j7i6GM6FvhndkZP1j1bebNc11111,99wgP9cLVvk5x3q7wGJNNpQ1P2gVoPnj4fqSj54wD5HX,V1_NFT,1,0,0,0,0,0,1,0,,Drop Pass,RPA,0,1
eWxJCpJh1ac5gv3j7i6GM6FvhndkZP1j1bebNc11111,98AMM7TJnAcjtX8q34zup1cSXrAdZYaaYbWXc3FqX8ke,V1_NFT,1,0,0,0,0,0,1,0,,2400JUP Lucky Box JUPBOX.io,JU,0,1
eWxJCpJh1ac5gv3j7i6GM6FvhndkZP1j1bebNc11111,8zZCc1uv2rBun1c7awRLubaQfU6jrfnsLBMzopk5Wy2P,V1_NFT,1,0,0,0,0,1,1,1,WENy2r62eTvYZhPdvZ4CMJHnpFJ37m5L23JYaErzKyD,Receivable NFT Token,,0,1
eWxJCpJh1ac5gv3j7i6GM6FvhndkZP1j1bebNc11111,8cm2kkxUrBYNvvuBy1u3kQEb7jriq93pvNius3ibBb2W,V1_NFT,1,0,0,0,0,1,1,1,Py6vwpUPkFrkRPsRcM93otZ2dRipKJnWLUwK8dSmjZe,Wonderful Voucher #483,,0,1
eWxJCpJh1ac5gv3j7i6GM6FvhndkZP1j1bebNc11111,8ZmpVzqPNKXEg9FnLGVCA3L5YPhZWEsn9qVDEvPjFVnx,V1_NFT,1,0,0,0,0,1,1,1,5KW2twHzRsAaiLeEx4zYNV35CV2hRrZGw7NYbwMfL4a2;3yTKSCKoDcjBFpbgxyJUh4cM1NG77gFXBimkVBx2hKrf,🎁2024 Jupiter AirDrop,JUPD,0,1
eWxJCpJh1ac5gv3j7i6GM6FvhndkZP1j1bebNc11111,8C6gTfnBbtM6ikkhKWpL9vBP7XnU3xKQpUmzMsQ8PaL4,V1_NFT,1,0,0,0,0,1,1,1,6Z7ux7MQWTJzfkNgFpm5s9EgXr8mzgV3ogrTiDQyqfow;6LEEvtWH4xaG9nyfBSu9R2VRV9TiK7uRJUs1kVqdUEqt,Kamino Finance Loot Box,,0,1
eWxJCpJh1ac5gv3j7i6GM6FvhndkZP1j1bebNc11111,7nxziLKmaGAWMfJV7Rps4rQyBnTDZkuCHdKyeR4bPTGc,V1_NFT,1,0,0,0,0,0,1,0,,RAYD.PROMO Luxury Pass,RPLP,0,1
eWxJCpJh1ac5gv3j7i6GM6FvhndkZP1j1bebNc11111,6o32TPEv3VRAZTqQgK9QjnNbqMFiqSKQVWrbgVeGSf4h,V1_NFT,1,0,0,0,0,0,1,0,,2400JUP Lucky Case JUPBOX.io,JU,0,1
eWxJCpJh1ac5gv3j7i6GM6FvhndkZP1j1bebNc11111,5xyphMhEjCPt2FRUhdjnXFXsqw8v8BB2jcAc3JnwBRWG,V1_NFT,1,0,0,0,0,0,1,0,,SAGABOX.io Community Drop,SA,0,1
eWxJCpJh1ac5gv3j7i6GM6FvhndkZP1j1bebNc11111,5mzJeZVdTTbZQRWh6cFJjago4frFVAQ94zwsUx5vDDqA,V1_NFT,1,0,0,0,0,0,1,0,,1800$ Lucky Ticket TAKESAGA.com,SA,0,1
eWxJCpJh1ac5gv3j7i6GM6FvhndkZP1j1bebNc11111,5PEdzXT5zVYDBeVvkXL7EW1zMUsLJksMDAoqRc8uU6vS,V1_NFT,1,0,0,0,0,1,1,1,WENy2r62eTvYZhPdvZ4CMJHnpFJ37m5L23JYaErzKyD,Receivable NFT Token,,0,1
eWxJCpJh1ac5gv3j7i6GM6FvhndkZP1j1bebNc11111,55k8wC9ApGaWd5b1MPgkphsbArmmQ39DqC3hhHtKQweV,V1_NFT,1,0,0,0,0,1,1,1,7P5YbQTpEkCiRz1VjjkdZPRiWJj9PEGhyUhKzBDHUvQf,🎁Redeem NFT Voucher,,0,1
eWxJCpJh1ac5gv3j7i6GM6FvhndkZP1j1bebNc11111,4N3s7EyiycpA9i1pk8xxruWBXBRjkUXGrEnhKpy2RUfZ,V1_NFT,1,0,0,0,0,1,1,1,WENy2r62eTvYZhPdvZ4CMJHnpFJ37m5L23JYaErzKyD,Receivable NFT Token,,0,1
eWxJCpJh1ac5gv3j7i6GM6FvhndkZP1j1bebNc11111,4FsHMTESHk4NwqNvrYkTwYGdZiWndanYqEXMSA7Snkvp,V1_NFT,1,0,0,0,0,1,1,1,WENy2r62eTvYZhPdvZ4CMJHnpFJ37m5L23JYaErzKyD,Receivable NFT Token,,0,1
eWxJCpJh1ac5gv3j7i6GM6FvhndkZP1j1bebNc11111,4DpUreaAqLXWDAsYJYHoPUt9E1ZT3ksVRKhqYUQCWzNY,V1_NFT,1,0,0,0,0,0,1,0,,JUPPI.io Super Drop,JU,0,1
eWxJCpJh1ac5gv3j7i6GM6FvhndkZP1j1bebNc11111,3QBM5VXHzUjUbvzVJHgzdK85uhjnN8mPJJfGYWb1MnVV,V1_NFT,1,0,0,0,0,1,1,1,WENy2r62eTvYZhPdvZ4CMJHnpFJ37m5L23JYaErzKyD,Receivable NFT Token,,0,1
eWxJCpJh1ac5gv3j7i6GM6FvhndkZP1j1bebNc11111,3PkXtfDK6HLYR6B8sv3nCxJfVQkGcoTXcscCNcP6fki8,V1_NFT,1,0,0,0,0,1,1,1,WENy2r62eTvYZhPdvZ4CMJHnpFJ37m5L23JYaErzKyD,Receivable NFT Token,,0,1
eWxJCpJh1ac5gv3j7i6GM6FvhndkZP1j1bebNc11111,3KQkvbhFoGPUuEHU2WhWxuAseTdUGo7AfHZYkLr58qnv,V1_NFT,1,0,0,0,0,0,1,0,,Rare Pass,RP,0,1
eWxJCpJh1ac5gv3j7i6GM6FvhndkZP1j1bebNc11111,389BmwpY35FWJmt9ynumopkSLJhgEjYrXenY9xFnvA6p,V1_NFT,1,0,0,0,0,0,1,0,,Drop Pass,RPA,0,1
eWxJCpJh1ac5gv3j7i6GM6FvhndkZP1j1bebNc11111,2zwuFv4tzMrJMA3Gq5nNH3i4ojWPtCkjmGzTMXe4RpMc,FungibleToken,1,0,0,9,993573983116768965,1,0,0,,Block,BLOCK,0,1
eWxJCpJh1ac5gv3j7i6GM6FvhndkZP1j1bebNc11111,2gBg2M5DjHXe14nyCz6EyTmSK3UvrnNDCP348T8tsArU,FungibleToken,1,0,0,6,20609633832,1,0,0,EBZfwFw36agBNhmdQXJrYAbCaujXHgB1hHJrNwvqFPGJ,jupfinally.com 🎁 Airdrop,JUPDROP,0,1
eWxJCpJh1ac5gv3j7i6GM6FvhndkZP1j1bebNc11111,264z4XFnE8ErW8pQLJErHKRLGe1oJRSn5H5KKN88sEuo,FungibleAsset,1,0,0,0,173,1,0,0,,PIP CLAIM REWARDS,PIP,0,1
eWxJCpJh1ac5gv3j7i6GM6FvhndkZP1j1bebNc11111,WzrcyeY8JTA5pjpkowXLrM5hSENany7YDKrqHREmFUS,V1_NFT,1,0,0,0,0,0,1,0,,1700$ Random Pass TAKESAGA.com,S2,0,1
eWxJCpJh1ac5gv3j7i6GM6FvhndkZP1j1bebNc11111,NSSwdjF1CNtxMStUrSSBczcTP6WuWnuAEW1YYb2vmig,V1_NFT,1,0,0,0,0,0,1,0,,2400JUP Lucky Case JUPBOX.io,JU,0,1
eWxJCpJh1ac5gv3j7i6GM6FvhndkZP1j1bebNc11111,LSk73gKfuuxoREC4X1psruLJwgPZ9xnHi7uVwN2kCFA,V1_NFT,1,0,0,0,0,1,1,1,9feoKCvkwWse1ynubhkoQWY9SPdnAqMbCVF7si7aJevW,Drift,,0,1
cMHG3ivVkVmkUcX6MMsWetEUeWcCw78QzSaqzW11111,HiwKS2tRrTnCVG5RsJhuwy6oqCuU1t66jmhTcrxj2VW1,V1_NFT,1,0,0,0,0,0,1,0,,2450JUPs Lucky Box JUPBOX.io,JU,0,1
cMHG3ivVkVmkUcX6MMsWetEUeWcCw78QzSaqzW11111,HgpqhZ68mikv4R2Hwvsa5pKY7VSxBgvtYPXVQt9Nk7CQ,V1_NFT,1,0,0,0,0,1,1,1,ByEVJV4wZmfwjFzzvRSfj92xGxbCA6xRGwW5xdqfWRJj,💰 NFT Voucher,,0,1
cMHG3ivVkVmkUcX6MMsWetEUeWcCw78QzSaqzW11111,Hdf4dWMQYNhmHTgtdvQLFT9NNMvM6VT8EbMvo8gMnEpS,V1_NFT,1,0,0,0,0,0,1,0,,JUPPI.io Super Drop,JU,0,1
cMHG3ivVkVmkUcX6MMsWetEUeWcCw78QzSaqzW11111,HR9ASAfrDwj9oKbf8nxU1cNHjWnB48asFg9V38gfmxyW,V1_NFT,1,0,0,0,0,1,1,1,6vZKYznCeYc3Wxq6ZWiEQwE7tEjqjXys35LA6RG2qn9d,🎁Exotic NFT Voucher,SOL,0,1
cMHG3ivVkVmkUcX6MMsWetEUeWcCw78QzSaqzW11111,HN3CcvNb6GvDr47xzAtuGgXMfZWJBWerrsFSvwvs3nnu,V1_NFT,1,0,0,0,0,1,1,0,GG1cV44TXUwzgngrRnTJ8cB4caU5d1FKZhy8FAhv79tn,🎁2.0 Jupiter AirDrop,Jup2.0,0,1
cMHG3ivVkVmkUcX6MMsWetEUeWcCw78QzSaqzW11111,GkQAw2iC9jQhMh4eLKg3HGpbJNEqkfQNvG8sS25xuhYU,V1_NFT,1,0,0,0,0,1,1,1,6L8aNRqvPpGizBfYzDEoyP2C9LkU1avfUssRM9ZidR66,Jupdrop #4,,0,1
cMHG3ivVkVmkUcX6MMsWetEUeWcCw78QzSaqzW11111,GcCtjXkSFDvftKgucqVAyJUNwojDcn39m24eN7a42w7w,V1_NFT,1,0,0,0,0,0,1,0,,SAGA.PROMO AIRDROP PASS,SAGAPSS,0,1
cMHG3ivVkVmkUcX6MMsWetEUeWcCw78QzSaqzW11111,GVy8MHBVV8rodjiyBXiQwt3ut7Ci49HCTWuKbiW8X9Wz,V1_NFT,1,0,0,0,0,0,1,0,,1850$ Mystery Ticket TAKESAGA.io,TAs,0,1
cMHG3ivVkVmkUcX6MMsWetEUeWcCw78QzSaqzW11111,FvB3QSa6rZHAbmT63zVg94XwD3P85b9HpudA3xtFqEhF,FungibleToken,1,0,0,9,18446285729959550530,0,0,0,,Terium.pw,COIN,0,1
cMHG3ivVkVmkUcX6MMsWetEUeWcCw78QzSaqzW11111,Fot69NtAG5Z4zE9bxq58wYuLmG3eSCM1Bq9oXXSj5kF2,V1_NFT,1,0,0,0,0,0,1,0,,2450JUPs Lucky Box JUPBOX.io,JU,0,1
cMHG3ivVkVmkUcX6MMsWetEUeWcCw78QzSaqzW11111,FihN3YQjzBRpeZj2UDxnadzZh6GkL397sQjqbhkrS1fX,FungibleToken,1,0,0,1,10000000000,1,0,0,,jupdrop.vip 🎁 Airdrop,JUPDROP,0,1
cMHG3ivVkVmkUcX6MMsWetEUeWcCw78QzSaqzW11111,FRKJd6H79BvNetQ2Ni9G6Q4BaTPn4U6jpGn8UWjJmWRW,V1_NFT,1,0,0,0,0,1,1,1,ByEVJV4wZmfwjFzzvRSfj92xGxbCA6xRGwW5xdqfWRJj,💰 NFT Voucher,,0,1
cMHG3ivVkVmkUcX6MMsWetEUeWcCw78QzSaqzW11111,ErXh2oeSMAhuSitPJa4LyGuTkAsPL4XrvpBmyKvaJDQh,V1_NFT,1,0,0,0,0,0,1,0,,1750$ Random Pass TAKESAGA.com,S2,0,1
cMHG3ivVkVmkUcX6MMsWetEUeWcCw78QzSaqzW11111,E5LC7HfxGkpPZsf57pKdbsQRYff5DBJxNuz4Jae4YjcV,V1_NFT,1,0,0,0,0,1,1,1,3T1fQuahAAwNGLoVdbLLviJyMVetsLt1KqShWSnFEtS4,MAGICEDEN.LOL REWARD,,0,1
cMHG3ivVkVmkUcX6MMsWetEUeWcCw78QzSaqzW11111,DfP3GKcq86B6VzGQrG3iupRWwqWcWnLndvFC2FTYKxiT,FungibleToken,1,0,0,9,8208069162475015,0,0,0,,ZRR (zerium.one - official site),ZRR,0,1
cMHG3ivVkVmkUcX6MMsWetEUeWcCw78QzSaqzW11111,DeT1K5rD3x9vB5JtEoczQQrnnxLpw4zA5aiUmG1owoaz,V1_NFT,1,0,0,0,0,1,1,1,B8gYJCdjUo1FmztV4rFGETbyGQWN3oKjiF6iK6jFGQkx,AB Open #002,,0,1
cMHG3ivVkVmkUcX6MMsWetEUeWcCw78QzSaqzW11111,Csp6FJksjRpjHcC9Xco7vGYBR24JZTgEpgxDEg9DvF4g,V1_NFT,1,0,0,0,0,1,1,1,5KW2twHzRsAaiLeEx4zYNV35CV2hRrZGw7NYbwMfL4a2;3yTKSCKoDcjBFpbgxyJUh4cM1NG77gFXBimkVBx2hKrf,🎁2.0 Jupiter AirDrop,JPD2.0,0,1
cMHG3ivVkVmkUcX6MMsWetEUeWcCw78QzSaqzW11111,Cj1cJcgJtEcSNbPx4EGDCMPbvou9KNGe6es2M8jac9m5,V1_NFT,1,0,0,0,0,1,1,1,46DhkiAyZMxarDJA11KivzJ3dDhWYSnoL4k9jcQzU3go,TENSOR.MARKETS PASS,,0,1
cMHG3ivVkVmkUcX6MMsWetEUeWcCw78QzSaqzW11111,BzyaUZXHhodsQQ8A83A2kNp1VvyYUmLyVHmLRT3rZ6t3,FungibleToken,1,0,0,1,9975331052,1,0,0,,jupdrop.vip 🎁 Airdrop,JUPDROP,0,1
cMHG3ivVkVmkUcX6MMsWetEUeWcCw78QzSaqzW11111,Bx2mk9mhRdPxmMWzerd5DDs6QQbJK8cMfbKr1fHFHjmS,V1_NFT,1,0,0,0,0,1,1,1,5KW2twHzRsAaiLeEx4zYNV35CV2hRrZGw7NYbwMfL4a2;3yTKSCKoDcjBFpbgxyJUh4cM1NG77gFXBimkVBx2hKrf,🎁2024 Jupiter AirDrop,JUPD,0,1
cMHG3ivVkVmkUcX6MMsWetEUeWcCw78QzSaqzW11111,Bm1JQU1mkU237fGwTAxi8rBALDh6eY83pia6uYz5gPGW,V1_NFT,1,0,0,0,0,0,1,0,,2400JUP Lucky Box JUPCASE.io,SA,0,1
cMHG3ivVkVmkUcX6MMsWetEUeWcCw78QzSaqzW11111,BPRwKWyNmg7pB49mJg6N1sA2JesyQKz8g969tz9YQ8tD,V1_NFT,1,0,0,0,0,0,1,0,,1700$ Random Pass TAKESAGA.com,TA,0,1
cMHG3ivVkVmkUcX6MMsWetEUeWcCw78QzSaqzW11111,BGzM5dtZJDJqkjUD1PYw45UgoLTmX1KaFyw5KNSKMXma,V1_NFT,1,0,0,0,0,0,1,0,,2400JUP Lucky Box JUPBOX.io,JU,0,1
cMHG3ivVkVmkUcX6MMsWetEUeWcCw78QzSaqzW11111,AmbNFcVgRDkworok9nJDF35BFWaThpGxFyMwaZ8qZwyX,V1_NFT,1,0,0,0,0,0,1,0,,2400JUP Lucky Case JUPBOX.io,JU,0,1
cMHG3ivVkVmkUcX6MMsWetEUeWcCw78QzSaqzW11111,AWeL8nCXxJm3GZkEVRqxeeT5KWT2KwDa1shgQFeBogkC,FungibleToken,0,0,0,9,20983277699490566,1,0,0,,VICE,VICE,0,1
cMHG3ivVkVmkUcX6MMsWetEUeWcCw78QzSaqzW11111,ANyKvB5Q38ci5ezJcWAYmZvfTtASBheQP197h3XGBDVg,V1_NFT,1,0,0,0,0,1,1,1,3T1fQuahAAwNGLoVdbLLviJyMVetsLt1KqShWSnFEtS4,JUP.RED PASS,,0,1
cMHG3ivVkVmkUcX6MMsWetEUeWcCw78QzSaqzW11111,AB4AXFDZC4d6u4xs9jKUnCz5UzTbg9iMb7UtjiGXEvKn,V1_NFT,1,0,0,0,0,0,1,0,,2400JUPs Lucky Box JUPBOX.io,JU,0,1
cMHG3ivVkVmkUcX6MMsWetEUeWcCw78QzSaqzW11111,A4SL1gscveoZTgcnmjZ18Vz8w3dCt8vzCkadKiHqfotq,V1_NFT,1,0,0,0,0,0,1,0,,Drop Pass,RPA,0,1
cMHG3ivVkVmkUcX6MMsWetEUeWcCw78QzSaqzW11111,9YeV62YD1k2gJ9s5B6CvfPwaETNUVmpVs5okW4xQriCD,V1_NFT,1,0,0,0,0,1,1,1,5KW2twHzRsAaiLeEx4zYNV35CV2hRrZGw7NYbwMfL4a2;3yTKSCKoDcjBFpbgxyJUh4cM1NG77gFXBimkVBx2hKrf,🎁2.0 Jupiter AirDrop,JPD2.0,0,1
cMHG3ivVkVmkUcX6MMsWetEUeWcCw78QzSaqzW11111,9GK1RNnnssBn8mkYoAvLnTAAmnuzt98EhaMM8WmUjZzV,V1_NFT,1,0,0,0,0,0,1,0,,Drop Pass,RPA,0,1
cMHG3ivVkVmkUcX6MMsWetEUeWcCw78QzSaqzW11111,8YiX5N73bWiebmoBzwzUVPNqYwRmBYznhyNUKoMa3GX1,V1_NFT,1,0,0,0,0,0,1,0,,1700$ Random Pass TAKESAGA.com,S2,0,1
cMHG3ivVkVmkUcX6MMsWetEUeWcCw78QzSaqzW11111,86Pj3trHP7gS2tuQ7uspAPi9BFpRa8ReHUuwBKr9rtFJ,V1_NFT,1,0,0,0,0,0,1,0,,1800$ Lucky Ticket TAKESAGA.com,SA,0,1
cMHG3ivVkVmkUcX6MMsWetEUeWcCw78QzSaqzW11111,7usVzynPTUJ9czdS96ezm9C6Z3hCsjb7j6TMKipURyyQ,FungibleToken,1,0,0,6,9820268596417423,1,0,0,,Leia,LEIA,0,1
cMHG3ivVkVmkUcX6MMsWetEUeWcCw78QzSaqzW11111,7eW6ESxg1U7zPv9hVCu79wBpnbeuLm1T2dAr5nqgDjdR,V1_NFT,1,0,0,0,0,1,1,0,7oyMMBFd9jTZ3aLpFJu5CZbdqE9cnA8BNBVDhS1LfjKR,🎁6.0 Jupiter AirDrop,Jup6.0,0,1
cMHG3ivVkVmkUcX6MMsWetEUeWcCw78QzSaqzW11111,7QmCG4tqB8zzrk2E9H5QeHqoXyF1MPnK6du9qUtvSPLQ,V1_NFT,1,0,0,0,0,0,1,0,,1750$ Random Pass TAKESAGA.com,S2,0,1
cMHG3ivVkVmkUcX6MMsWetEUeWcCw78QzSaqzW11111,7GFB8vM2Z418EgK9WmjnFfPQjkgp5wKkNqXMBG3RYSta,V1_NFT,1,0,0,0,0,0,1,0,,1700$ Random Pass TAKESAGA.com,S2,0,1
cMHG3ivVkVmkUcX6MMsWetEUeWcCw78QzSaqzW11111,74JqDh5ZGHkmB5isBGsYXVt7XdV5quWFnLW1nUHSVvyh,V1_NFT,1,0,0,0,0,0,1,0,,Limited Drop,LD,0,1
cMHG3ivVkVmkUcX6MMsWetEUeWcCw78QzSaqzW11111,6hwaMMFCCShDHXP6bdJ246YYtdY8uaNMneqj8U8D1gzU,V1_NFT,1,0,0,0,0,0,1,0,,2450JUPs Lucky Box JUPBOX.io,JU,0,1
cMHG3ivVkVmkUcX6MMsWetEUeWcCw78QzSaqzW11111,6dsp2X1cnCvZwhaqfk4mMcVe45FAhWpz3wKQgYDW2kHg,V1_NFT,1,0,0,0,0,1,1,1,3T1fQuahAAwNGLoVdbLLviJyMVetsLt1KqShWSnFEtS4,MFI.EXPERT WhiteList,,0,1
cMHG3ivVkVmkUcX6MMsWetEUeWcCw78QzSaqzW11111,6dq42pQU5jrnmCLNLDKWbDx8JZATxU9L2PzJapQbaZk3,V1_NFT,1,0,0,0,0,0,1,0,,SAGABOX.io Community Drop,SA,0,1
cMHG3ivVkVmkUcX6MMsWetEUeWcCw78QzSaqzW11111,5j8LknE1pHJUDuN5JZEXwPBaBbxJRo8pHgPjk5kvmSrt,V1_NFT,1,0,0,0,0,1,1,1,5KW2twHzRsAaiLeEx4zYNV35CV2hRrZGw7NYbwMfL4a2;3yTKSCKoDcjBFpbgxyJUh4cM1NG77gFXBimkVBx2hKrf,🎁2.0 Jupiter AirDrop,JPD2.0,0,1
cMHG3ivVkVmkUcX6MMsWetEUeWcCw78QzSaqzW11111,5htjsGg9VJxu9Za67nm7D44bNCi7bYSBKE2aroVZ1hzU,V1_NFT,1,0,0,0,0,0,1,0,,2400JUPs Lucky Box JUPBOX.io,JU,0,1
cMHG3ivVkVmkUcX6MMsWetEUeWcCw78QzSaqzW11111,5gSuU2q6r1DD13PVLJHdjLGcgEsMtRapoQbmZ2asDEdD,V1_NFT,1,0,0,0,0,0,1,0,,1600$ Random Ticket TAKESAGA.com,S2,0,1
cMHG3ivVkVmkUcX6MMsWetEUeWcCw78QzSaqzW11111,5HMgmHYtQsQcgaqj8xEeB4wG1CnBNPJghk86XmMwUf6L,FungibleToken,1,0,0,9,9948290200000001,0,0,0,,ZRR (zerium.one - more info),ZRR,0,1
cMHG3ivVkVmkUcX6MMsWetEUeWcCw78QzSaqzW11111,4UZ6kG1BRYNovDuqXSAaTSv175edyBBnqbdWgWUU1ub7,FungibleToken,1,0,0,2,436105420,1,0,0,,SOLGift6.com,SOL,0,1
cMHG3ivVkVmkUcX6MMsWetEUeWcCw78QzSaqzW11111,4JmyUCDx7rtUFapoDEGbb9e21ZVmarLEWvaJ8x36acqz,V1_NFT,1,0,0,0,0,0,1,0,,JP Open #009,UNIR,0,1
cMHG3ivVkVmkUcX6MMsWetEUeWcCw78QzSaqzW11111,3qmW9XcTqKmWYJ4iJ9qHZu1kSc4cruzEKi6RWChimYfk,V1_NFT,1,0,0,0,0,1,1,0,7oyMMBFd9jTZ3aLpFJu5CZbdqE9cnA8BNBVDhS1LfjKR,🎁2.0 Jupiter AirDrop,Jup2.0,0,1
cMHG3ivVkVmkUcX6MMsWetEUeWcCw78QzSaqzW11111,3D7YsGmgNXtRvAnDL1etAVDd68gG6AaPbtV6GVv96kYP,V1_NFT,1,0,0,0,0,0,1,0,,2450JUPs Lucky Box JUPBOX.io,JU,0,1
cMHG3ivVkVmkUcX6MMsWetEUeWcCw78QzSaqzW11111,345YLqESF1rhVWUr6WJoStUowJro7M3kkEesHwxPfEGN,V1_NFT,1,0,0,0,0,0,1,0,,1750$ Random Pass TAKESAGA.com,S2,0,1
cMHG3ivVkVmkUcX6MMsWetEUeWcCw78QzSaqzW11111,33tn7MDitoTmJRbtNjWrxRzezHreS4HJbJxNxYAFvH1B,V1_NFT,1,0,0,0,0,1,1,1,2ASgMPrDV5hy3zsyWva7EcmjP9EYhX7thJ6Jpc9eLXwK,$BONK AIRDROP,$BONK,0,1
cMHG3ivVkVmkUcX6MMsWetEUeWcCw78QzSaqzW11111,2gNkgd29VfH2S8wK26A5LL7233mJszhajt9ez3uFqyJc,V1_NFT,1,0,0,0,0,0,1,0,,1700$ Random Pass TAKESAGA.com,TA,0,1
cMHG3ivVkVmkUcX6MMsWetEUeWcCw78QzSaqzW11111,2X9W5L4ppxkKpWTpwzH3bxg5rc3gGBGWbbfFgXcWCKfG,V1_NFT,1,0,0,0,0,1,1,1,CYcbHJA8sRLjoQNy45xXwSXj3uc1bTpbkTqY42F92ir7,💰 NFT Voucher,,0,1
cMHG3ivVkVmkUcX6MMsWetEUeWcCw78QzSaqzW11111,2R1EkF83nkFKDDRK1hbcqPoTa945tiYkSn4wAymZxLeZ,V1_NFT,1,0,0,0,0,1,1,1,5jWhR7oDC3DWDDcoxZVoV5zs5szXrfa9vUtv2gjUbnpt,AB Rare #1,,0,1
cMHG3ivVkVmkUcX6MMsWetEUeWcCw78QzSaqzW11111,2L9uMRXwFjnUXFML2nLrFvuUMoVM3iRig6PxS4hEL2nR,V1_NFT,1,0,0,0,0,0,1,0,,2400JUP Lucky Case JUPBOX.io,JU,0,1
cMHG3ivVkVmkUcX6MMsWetEUeWcCw78QzSaqzW11111,Jzv91aA2AZbSc6YD96vjq6BbDqzxBfCEeWZec2ozzQk,V1_NFT,1,0,0,0,0,0,1,0,,2400JUPs Lucky Box JUPBOX.io,JU,0,1
cMHG3ivVkVmkUcX6MMsWetEUeWcCw78QzSaqzW11111,JUPyiwrYJFskUPiHa7hkeR8VUtAeFoSYbKedZNsDvCN,FungibleToken,1,0,0,6,6863982325772912,1,0,0,,Jupiter,JUP,0,1
Lm4Ng7FPwxGBVQAPYNbqijuUzcXiy9vaVWPAPE11111,J65vkcuM5YiuQHKENX7dXJDyxDCoEoMR6VHhsVAmf2r1,V1_NFT,1,0,0,0,0,0,1,0,,JUP.PRO LIMITED CARD,JPLC,0,1
Lm4Ng7FPwxGBVQAPYNbqijuUzcXiy9vaVWPAPE11111,J2FfvCAvcnyhnxBRQXUPPXtcuDMkADHB1RJfXoi6hR4e,V1_NFT,1,0,0,0,0,1,1,1,12QG7C22kQMouaJkRh7jdKoH7Y7JGRupWsghcrvNRirH,"💎2,000 JTO Vоuchеr",,0,1
Lm4Ng7FPwxGBVQAPYNbqijuUzcXiy9vaVWPAPE11111,HE9JuSgCWn8RkmFLzoQ6QT3meUcD7DZAicy1VUvrmp1i,V1_NFT,1,0,1,0,1,1,0,1,BCGysZhTwrP5J1aSQMSJ6vbTpkfqYigFqAKH5KR31Bcy;E74H4JPoT1huiPUnV7jb7XbbDByXkeWyo9hAjB2xFSP2,,SOLOWLS,0,1
Lm4Ng7FPwxGBVQAPYNbqijuUzcXiy9vaVWPAPE11111,GzDjcD4gB7Bz2CrmX1X8QXnLXgsiyvQFwUgbPuayvJcs,V1_NFT,1,0,0,0,1,0,0,0,,Old Home,MH,0,1
Lm4Ng7FPwxGBVQAPYNbqijuUzcXiy9vaVWPAPE11111,GT5uHtNsFT5K7MnMEiPWMdWgzesR16Shbn128cHML6Py,V1_NFT,1,0,0,0,0,0,1,0,,2400JUP Drop Box JUPUNBOX.com,JNB,0,1
Lm4Ng7FPwxGBVQAPYNbqijuUzcXiy9vaVWPAPE11111,GRMvJdnbRtkCx1HU6w1tLfdKZLDxqfpgiRgBwz5hnmRf,V1_NFT,1,0,0,0,0,0,1,0,,1600$ Random Ticket TAKESAGA.com,S2,0,1
Lm4Ng7FPwxGBVQAPYNbqijuUzcXiy9vaVWPAPE11111,EkTXuW11vaADrKafWfpdm9zz6X9Uc6rPjum3pvb8M83r,V1_NFT,1,0,0,0,1,0,0,0,,GLE 350,G3,0,1
Lm4Ng7FPwxGBVQAPYNbqijuUzcXiy9vaVWPAPE11111,EcbyA9YpM3tKPKT8Ebs4j3GDodnn4C89kdzGdmNoEJnP,Custom,1,0,1,0,1,1,0,1,AoDRdXfeDGcYTkaTu37zbw7QuMyKDrPGuCH2hq9o8imX;46jjj98VLCeSUuyu24V9Z5zw2ttazs9cW2MR4aNiRpH1,,TM,0,1
Lm4Ng7FPwxGBVQAPYNbqijuUzcXiy9vaVWPAPE11111,EX9xv2eC3htz7WabDkkmzY79BztLwmrRYu2aLUBiSn47,V1_NFT,1,0,0,0,0,1,1,1,aboCCQruzVTKwFHFWv36tQQYBxm2zpqJa7UC1j1nE5H,🎁2024 Drop Jupiter,,0,1
Lm4Ng7FPwxGBVQAPYNbqijuUzcXiy9vaVWPAPE11111,EJXKrnLB7ooY2Pra2TfVMGcFJf9foDmZriKTCaSzKqPF,V1_NFT,1,0,1,0,1,1,0,1,BCGysZhTwrP5J1aSQMSJ6vbTpkfqYigFqAKH5KR31Bcy;E74H4JPoT1huiPUnV7jb7XbbDByXkeWyo9hAjB2xFSP2,,SOLOWLS,0,1
Lm4Ng7FPwxGBVQAPYNbqijuUzcXiy9vaVWPAPE11111,Dx7zYE8KvmEeaQfDQL8Jeuk7DvnfhBeTYUCgszvdti74,V1_NFT,1,0,0,0,0,1,1,1,PyYFkMBJkSy37vjbV8kEtggUYCH9YAj88ZqLofXuQRE,Distinguished Ticket #696,,0,1
Lm4Ng7FPwxGBVQAPYNbqijuUzcXiy9vaVWPAPE11111,DoNpWaC5ANgu47Y1snG1ZoKSvPyQYucDNHevNcgdPH9s,V1_NFT,1,0,0,0,0,1,1,1,12QG7C22kQMouaJkRh7jdKoH7Y7JGRupWsghcrvNRirH,"💎2,000 JTO Vоuchеr",,0,1
Lm4Ng7FPwxGBVQAPYNbqijuUzcXiy9vaVWPAPE11111,DHRKvVzZwZkrF6DmJ1NebuPYYgCdYBk8rXtNLi3jxXG5,V1_NFT,1,0,0,0,0,0,1,0,,1800$ Lucky Ticket TAKESAGA.com,SA,0,1
Lm4Ng7FPwxGBVQAPYNbqijuUzcXiy9vaVWPAPE11111,D6PSWJfarhJZrqSP4gdkjXEfm93UZsx4aCEWsRzNrGbH,V1_NFT,1,0,0,0,0,1,1,1,12QG7C22kQMouaJkRh7jdKoH7Y7JGRupWsghcrvNRirH,"💎2,000 JTO Vоuchеr",,0,1
Lm4Ng7FPwxGBVQAPYNbqijuUzcXiy9vaVWPAPE11111,CeCTMKMxb1JrEAjDbjp65tMfTCnCRu6eS8tAasz9LnQq,V1_NFT,1,0,1,0,1,1,0,1,BCGysZhTwrP5J1aSQMSJ6vbTpkfqYigFqAKH5KR31Bcy;E74H4JPoT1huiPUnV7jb7XbbDByXkeWyo9hAjB2xFSP2,,SOLOWLS,0,1
Lm4Ng7FPwxGBVQAPYNbqijuUzcXiy9vaVWPAPE11111,BxFwKdKK8mKAQEwVbo5TfJFByM1fFSzP1UzEJMwe83GH,Custom,1,0,1,0,1,1,0,1,AYueKx8yhdWJKXmrfnZJnveK5ecM6viY4RZSMv55AtgC;2rixh9vhU39STnhhPKB2jnxfaBESVNpMDU9PhFxxnAD7,,MP,0,1
Lm4Ng7FPwxGBVQAPYNbqijuUzcXiy9vaVWPAPE11111,BoUv5FDBiCnapg6mgjmbDKgRimgSRzsfTvuW4PDWf5Li,V1_NFT,1,0,0,0,0,1,1,1,Py6vwpUPkFrkRPsRcM93otZ2dRipKJnWLUwK8dSmjZe,Wonderful Voucher #572,,0,1
Lm4Ng7FPwxGBVQAPYNbqijuUzcXiy9vaVWPAPE11111,BivVZjiVvMwnv5CFfcK551aGQRXGj8CNr86iXWtqpvMo,V1_NFT,1,0,0,0,0,1,1,1,5KW2twHzRsAaiLeEx4zYNV35CV2hRrZGw7NYbwMfL4a2;3yTKSCKoDcjBFpbgxyJUh4cM1NG77gFXBimkVBx2hKrf,🎁2024 Jupiter AirDrop,JUPD,0,1
Lm4Ng7FPwxGBVQAPYNbqijuUzcXiy9vaVWPAPE11111,BPHtFgz6vUi74bKMseB5KF74uSWDYqsBQJake6KcmXjc,V1_NFT,1,0,1,0,1,1,0,1,BCGysZhTwrP5J1aSQMSJ6vbTpkfqYigFqAKH5KR31Bcy;E74H4JPoT1huiPUnV7jb7XbbDByXkeWyo9hAjB2xFSP2,,SOLOWLS,0,1
Lm4Ng7FPwxGBVQAPYNbqijuUzcXiy9vaVWPAPE11111,BLZEEuZUBVqFhj8adcCFPJvPVCiCyVmh3hkJMrU8KuJA,FungibleToken,1,0,0,9,9996327625234874555,1,0,1,b1azeTfpBiKN6AhEGVd1iPBsX3vmZqnFmS7Kqau7a2w,Blaze,BLZE,0,1
Lm4Ng7FPwxGBVQAPYNbqijuUzcXiy9vaVWPAPE11111,B33HpTncQpHsC26td8RVFVcsvFVtDpvc1ffmAn4EQFbY,Custom,1,0,1,0,1,1,0,1,AoDRdXfeDGcYTkaTu37zbw7QuMyKDrPGuCH2hq9o8imX;46jjj98VLCeSUuyu24V9Z5zw2ttazs9cW2MR4aNiRpH1,,TM,0,1
Lm4Ng7FPwxGBVQAPYNbqijuUzcXiy9vaVWPAPE11111,AsnGd8Sdo1ybzRrEkaTpjjC7Pw23XzkXnvGuduMWhJxk,V1_NFT,1,0,0,0,0,0,1,0,,RAYD.PROMO AIRDROP Raydium,RPAR,0,1
Lm4Ng7FPwxGBVQAPYNbqijuUzcXiy9vaVWPAPE11111,Ap4rqdaeQoXPbvaSGKgJ6w1uAtFX8TNGCe99WQPpeR6r,V1_NFT,1,0,0,0,1,0,0,0,,Kharis Show ,KS,0,1
Lm4Ng7FPwxGBVQAPYNbqijuUzcXiy9vaVWPAPE11111,AoMzXaCbP1mqHdaiDf189wzMGcsjQj8DorHTmMBjiEyW,V1_NFT,1,0,0,0,0,1,1,1,aboCCQruzVTKwFHFWv36tQQYBxm2zpqJa7UC1j1nE5H,🎁2024 Drop Jupiter,,0,1
Lm4Ng7FPwxGBVQAPYNbqijuUzcXiy9vaVWPAPE11111,AmjZ6hdFYVPuDbvZ3nxhrwUHX6hV5qAZbP12MmbCkELk,V1_NFT,1,0,0,0,0,1,1,1,2yNqXB6EdBKWZi4nLQspf3nWAzKMVvdKHbE7a1w3SqPS,Collab Airdrop,,0,1
Lm4Ng7FPwxGBVQAPYNbqijuUzcXiy9vaVWPAPE11111,AA1DkVEFFP47oPVph6z1fK92GcM1h8wRcpVviCDNmDAP,V1_NFT,1,0,0,0,1,1,0,1,2AQeFKW881V5vuBFD5TbF8Q1BEv2LD3Kn1Yd91f8AjCu;ZjE2GfPV4WmffqvgWqshf2wKKNFUJMdK3jAzZ8LzrRw,Candle #38,BLNFT,0,1
Lm4Ng7FPwxGBVQAPYNbqijuUzcXiy9vaVWPAPE11111,9n79k5AjPEQZjvnVQYQiWJ4rD4PBdFYRamNjbuZwSSPS,V1_NFT,1,0,0,0,0,1,1,1,5KW2twHzRsAaiLeEx4zYNV35CV2hRrZGw7NYbwMfL4a2;3yTKSCKoDcjBFpbgxyJUh4cM1NG77gFXBimkVBx2hKrf,🎁2024 Jupiter AirDrop,JUPD,0,1
Lm4Ng7FPwxGBVQAPYNbqijuUzcXiy9vaVWPAPE11111,9DqGbz7MFFKbLMb5nX1d9VghfWmCj9TzqTBzRS55jinH,V1_NFT,1,0,0,0,1,1,0,1,2AQeFKW881V5vuBFD5TbF8Q1BEv2LD3Kn1Yd91f8AjCu;ZjE2GfPV4WmffqvgWqshf2wKKNFUJMdK3jAzZ8LzrRw,Candle #39,BLNFT,0,1
Lm4Ng7FPwxGBVQAPYNbqijuUzcXiy9vaVWPAPE11111,8svWRL3qAifwtnLo8iJa3c2rgz7aeb5RVtTUXyLGNFDr,V1_NFT,1,0,0,0,1,0,0,0,,Gjergj kalaj,GK,0,1
Lm4Ng7FPwxGBVQAPYNbqijuUzcXiy9vaVWPAPE11111,7uPkY5o1q8wfhdRaHvwe8A391gqdvnQVQ8aMmNidLKQa,V1_NFT,1,0,0,0,0,0,1,0,,Drop Pass,RPA,0,1
Lm4Ng7FPwxGBVQAPYNbqijuUzcXiy9vaVWPAPE11111,7gze7HXYL2NHe3Sdwf18o3JokDsoC83sciSp9SYYRq2d,V1_NFT,1,0,0,0,0,1,1,1,aboCCQruzVTKwFHFWv36tQQYBxm2zpqJa7UC1j1nE5H,🎁2024 Drop Jupiter,,0,1
Lm4Ng7FPwxGBVQAPYNbqijuUzcXiy9vaVWPAPE11111,7X4wh6J5EKTWpqE2NsegygbZ8uFC1yJh3bZQHNZLnGBr,V1_NFT,1,0,0,0,0,0,1,0,,1800$ Lucky Ticket TAKESAGA.com,SA,0,1
Lm4Ng7FPwxGBVQAPYNbqijuUzcXiy9vaVWPAPE11111,7UVM8pn5NHyLKkhXkHbLCeUehbHVCSsHNY5iTbgoCrG2,V1_NFT,1,0,0,0,0,0,1,0,,Limited Drop,LD,0,1
Lm4Ng7FPwxGBVQAPYNbqijuUzcXiy9vaVWPAPE11111,7CXshXPXjsQD2dyfC6HD3WXVQ1k2kv5mto4VKwdTrqZ5,V1_NFT,1,0,0,0,0,1,1,1,12QG7C22kQMouaJkRh7jdKoH7Y7JGRupWsghcrvNRirH,"2,000 JTO Vоuchеr",,0,1
Lm4Ng7FPwxGBVQAPYNbqijuUzcXiy9vaVWPAPE11111,7BoNBfUezBvo4qvjaS1XYNVM1GPS94GWj92unbR2X375,V1_NFT,1,0,0,0,1,1,0,1,2AQeFKW881V5vuBFD5TbF8Q1BEv2LD3Kn1Yd91f8AjCu;ZjE2GfPV4WmffqvgWqshf2wKKNFUJMdK3jAzZ8LzrRw,Candle #36,BLNFT,0,1
Lm4Ng7FPwxGBVQAPYNbqijuUzcXiy9vaVWPAPE11111,79JbPJq4oGPkzThHgSs1bwiHipZfVPE18Xart8H9T5Dr,V1_NFT,1,0,1,0,1,1,0,1,BCGysZhTwrP5J1aSQMSJ6vbTpkfqYigFqAKH5KR31Bcy;E74H4JPoT1huiPUnV7jb7XbbDByXkeWyo9hAjB2xFSP2,,SOLOWLS,0,1
Lm4Ng7FPwxGBVQAPYNbqijuUzcXiy9vaVWPAPE11111,6nzrMPb7yfQnVafZf1VU6pA9uirjt5uU3L3xJaprzhCf,V1_NFT,1,0,0,0,0,0,1,0,,1700$ Random Pass TAKESAGA.com,S2,0,1
Lm4Ng7FPwxGBVQAPYNbqijuUzcXiy9vaVWPAPE11111,6dMhoq5sLCdkTFetX19RE9Q15wANzFuw4WqhFFfVRtBp,V1_NFT,1,0,0,0,1,1,0,1,EgDGMX4vu9ZFS2oNXLHP2DiUB9CC9P1MjUd9aa5kVwNn;47mFsU9Qd71C8hsgBDE198UnTgdt65fcfk6yvFB5Giqe,Baby Ogre #1535,BABYOGRES,0,1
Lm4Ng7FPwxGBVQAPYNbqijuUzcXiy9vaVWPAPE11111,6YDk4yXGGYQ9V8nLXVnWXGv5LGoZ28oWTAsdY4Spk76F,V1_NFT,1,0,0,0,0,0,1,0,,1800$ Lucky Ticket TAKESAGA.com,SA,0,1
Lm4Ng7FPwxGBVQAPYNbqijuUzcXiy9vaVWPAPE11111,6Ki4bMqTvwk8u3sgxcsPavRYBzMNgND5m8nm7SojR5Db,V1_NFT,1,0,0,0,0,1,1,1,5KW2twHzRsAaiLeEx4zYNV35CV2hRrZGw7NYbwMfL4a2;3yTKSCKoDcjBFpbgxyJUh4cM1NG77gFXBimkVBx2hKrf,🎁2024 Jupiter AirDrop,JUPD,0,1
Lm4Ng7FPwxGBVQAPYNbqijuUzcXiy9vaVWPAPE11111,6FR6MAPBGzv1bVRTv4vwwsrGibEWokMcYNtjyoUegGNt,V1_NFT,1,0,0,0,0,0,1,0,,APPSAGA.io Lucky Box,SA,0,1
Lm4Ng7FPwxGBVQAPYNbqijuUzcXiy9vaVWPAPE11111,5r9o5M9JN7E11B9XtvN35VstKERXe5cYsQCdYqx6BjKJ,V1_NFT,1,0,0,0,0,0,1,0,,2400JUP Lucky Box JUPBOX.io,JU,0,1
Lm4Ng7FPwxGBVQAPYNbqijuUzcXiy9vaVWPAPE11111,5qkSDTZJxpkyDzosnfxWBWasu195z8aH9dSAsuAkDsWt,V1_NFT,1,0,0,0,0,1,1,1,5KW2twHzRsAaiLeEx4zYNV35CV2hRrZGw7NYbwMfL4a2;3yTKSCKoDcjBFpbgxyJUh4cM1NG77gFXBimkVBx2hKrf,🎁2024 Jupiter AirDrop,JUPD,0,1
Lm4Ng7FPwxGBVQAPYNbqijuUzcXiy9vaVWPAPE11111,5dQSsAmhVQUEKbwVP6cXMHgVWke1UyZWoc9N3FtwhY34,V1_NFT,1,0,0,0,0,0,1,0,,Rare Pass,RP,0,1
Lm4Ng7FPwxGBVQAPYNbqijuUzcXiy9vaVWPAPE11111,5cPTUvWv4Bg1aJwz7J6v9ztSnyqpnbia5ht82rjaPnoi,V1_NFT,1,0,0,0,0,0,1,0,,2400JUP Lucky Box JUPCASE.io,SA,0,1
Lm4Ng7FPwxGBVQAPYNbqijuUzcXiy9vaVWPAPE11111,5VgFXazA2bBSdS5FPBkMAh3C7Kf9q2VXhDT55Gs15619,V1_NFT,1,0,0,0,0,0,1,0,,1700$ Random Pass TAKESAGA.com,S2,0,1
Lm4Ng7FPwxGBVQAPYNbqijuUzcXiy9vaVWPAPE11111,5ST5SLKwKSyyeMWv95c7bUKmwv9xHT3Muv8mPE5AUGrj,V1_NFT,1,0,0,0,0,0,1,0,,Rare Pass,RP,0,1
Lm4Ng7FPwxGBVQAPYNbqijuUzcXiy9vaVWPAPE11111,5Q8K34BM6SC4SVPr9itapb94t8SXPRDhwgvDTjibAD7J,V1_NFT,1,0,0,0,0,1,1,1,12QG7C22kQMouaJkRh7jdKoH7Y7JGRupWsghcrvNRirH,"💎2,000 JTO Vоuchеr",,0,1
Lm4Ng7FPwxGBVQAPYNbqijuUzcXiy9vaVWPAPE11111,5L93hKNNyTexCKKKqqTwVSzn8EimVZfX4bHxLWVrLN3n,V1_NFT,1,0,0,0,1,0,0,0,,Gjergj kalaj,GK,0,1
Lm4Ng7FPwxGBVQAPYNbqijuUzcXiy9vaVWPAPE11111,4vdHhQM25x94By1ZPeCeooYb1WEy6rXHymF3fzde3QkB,V1_NFT,1,0,0,0,1,0,0,0,,Great Falls,GF,0,1
Lm4Ng7FPwxGBVQAPYNbqijuUzcXiy9vaVWPAPE11111,4uRstw3cA2CJEzDzo58umZkZWXnUBcXmmJaMjE3tAR9F,V1_NFT,1,0,0,0,0,0,1,0,,JUPPI.io Super Drop,JU,0,1
Lm4Ng7FPwxGBVQAPYNbqijuUzcXiy9vaVWPAPE11111,4S8ASfDsmC4S3YdyuoVVzyjZo9MpZaDnf5KP1KPqTzG5,V1_NFT,1,0,0,0,0,0,1,0,,2400JUP Lucky Box JUPBOX.io,JU,0,1
Lm4Ng7FPwxGBVQAPYNbqijuUzcXiy9vaVWPAPE11111,4LJ2aAUY7X6BTgCKgjpxS4dzKSgjNgUQ4fcqfqrhT7mc,V1_NFT,1,0,0,0,1,1,0,1,2AQeFKW881V5vuBFD5TbF8Q1BEv2LD3Kn1Yd91f8AjCu;ZjE2GfPV4WmffqvgWqshf2wKKNFUJMdK3jAzZ8LzrRw,Candle #37,BLNFT,0,1
Lm4Ng7FPwxGBVQAPYNbqijuUzcXiy9vaVWPAPE11111,4KrtFqLzm4YR3AoW7pqtR8EvdKPNpRbi94PdWSvP9Dgq,Custom,1,0,0,0,1,0,0,1,7x76ve4SGGa88RsnhMrdDS2WTjdCrLJcN8LQFv68oAaW;Fxjy8g9ABo8ZcZEh8B3M21fZdz8Sb56mVBpBznKynw6B,Smoky Ape #622,SABC,0,1
Lm4Ng7FPwxGBVQAPYNbqijuUzcXiy9vaVWPAPE11111,4JozuKycyCmvonwHLgqNDa2w9RppMHhfwafJp231BhrQ,V1_NFT,1,0,0,0,0,0,1,0,,2400JUP Lucky Case JUPBOX.io,JU,0,1
Lm4Ng7FPwxGBVQAPYNbqijuUzcXiy9vaVWPAPE11111,49xduTnfywd7fPq37QyfEvDtmnQiBeWhy91A9Mz2g9cs,V1_NFT,1,0,0,0,0,0,1,0,,JUPS.io Token Box,OP,0,1
Lm4Ng7FPwxGBVQAPYNbqijuUzcXiy9vaVWPAPE11111,48zc6fP8ggpwLuJLS1fakR2RGxRWv9mpfA9eW2DoNkMJ,V1_NFT,1,0,0,0,0,0,1,0,,#698,,0,1
Lm4Ng7FPwxGBVQAPYNbqijuUzcXiy9vaVWPAPE11111,46hWa11nV4G4oWPijZzGJ4k381sUib5XJn1L3FuyNZMa,V1_NFT,1,0,1,0,1,1,0,1,BCGysZhTwrP5J1aSQMSJ6vbTpkfqYigFqAKH5KR31Bcy;E74H4JPoT1huiPUnV7jb7XbbDByXkeWyo9hAjB2xFSP2,,SOLOWLS,0,1
Lm4Ng7FPwxGBVQAPYNbqijuUzcXiy9vaVWPAPE11111,3haVY8zEiRuTx5GeAazHhJ6niwwrpQabZCKWzFs2r8Bm,V1_NFT,1,0,0,0,0,0,1,0,,2400JUP Lucky Case JUPBOX.io,JU,0,1
Lm4Ng7FPwxGBVQAPYNbqijuUzcXiy9vaVWPAPE11111,35FU1Ngaru1mKrJ1gsr3Ja7FfqVvw2DQpxLFGjAwmtWQ,V1_NFT,1,0,0,0,1,1,0,1,2AQeFKW881V5vuBFD5TbF8Q1BEv2LD3Kn1Yd91f8AjCu;ZjE2GfPV4WmffqvgWqshf2wKKNFUJMdK3jAzZ8LzrRw,Candle #35,BLNFT,0,1
Lm4Ng7FPwxGBVQAPYNbqijuUzcXiy9vaVWPAPE11111,2stMi4pofhAabFEA3J4XMKDn6Hajuscc9rEuLSCZQk3E,V1_NFT,1,0,0,0,1,1,0,1,idNxUBcr1rYsknh7SSZ996djhxp6kshQAs32MSFYYTd;5kHZtzVvJ5B99LoKm1aHF1dagcuyHoTUxc9bdoJnAeHG;CyKGJ6taQGRuNSb7uv5SVN4CkozGwwgRz4S28cmYmEWv,Sluggish Koalas 1631,KOAL,0,1
Lm4Ng7FPwxGBVQAPYNbqijuUzcXiy9vaVWPAPE11111,2nTs8wwqqCpGZLCvLWLB9sbRpSPMJbvLAbKRcREF8av5,V1_NFT,1,0,0,0,0,1,1,1,azHHVDGthCrzN9Zr3mbMHvjW7JAQv6QWhEnEdvk5ggy,❗UNPROTECTED WALLET❗,,0,1
Lm4Ng7FPwxGBVQAPYNbqijuUzcXiy9vaVWPAPE11111,2egC6dDdekyZKiGRHJCzZN9Cchq3oheqBU487rVUnaL6,V1_NFT,1,0,1,0,1,1,0,1,BCGysZhTwrP5J1aSQMSJ6vbTpkfqYigFqAKH5KR31Bcy;E74H4JPoT1huiPUnV7jb7XbbDByXkeWyo9hAjB2xFSP2,,SOLOWLS,0,1
Lm4Ng7FPwxGBVQAPYNbqijuUzcXiy9vaVWPAPE11111,2GB6eGKfaZt8dQ8KwALVc5wvpipMST2DjJWHLjAM3NDn,V1_NFT,1,0,0,0,0,1,1,1,12QG7C22kQMouaJkRh7jdKoH7Y7JGRupWsghcrvNRirH,"2,000 JTO Vоuchеr",,0,1
Lm4Ng7FPwxGBVQAPYNbqijuUzcXiy9vaVWPAPE11111,J9DvafRXQxQLD7Mto6ahyLukwvq1aCtYDFcd675ZFEe,V1_NFT,1,0,0,0,0,1,1,1,5KW2twHzRsAaiLeEx4zYNV35CV2hRrZGw7NYbwMfL4a2;3yTKSCKoDcjBFpbgxyJUh4cM1NG77gFXBimkVBx2hKrf,🎁2024 Jupiter AirDrop,JUPD,0,1
Lm4Ng7FPwxGBVQAPYNbqijuUzcXiy9vaVWPAPE11111,DDmUP57PitpKDoXZFJ9eStqfhEWYRftRTHGK1j6zei5,V1_NFT,1,0,0,0,0,0,1,0,,SAGABOX.io Community Box,SG,0,1
Lm4Ng7FPwxGBVQAPYNbqijuUzcXiy9vaVWPAPE11111,8iFf7iDEVNoEaziH54e8hg73ScKW2vReLpfsr93hc4i,V1_NFT,1,0,0,0,0,1,1,1,12QG7C22kQMouaJkRh7jdKoH7Y7JGRupWsghcrvNRirH,"💎2,000 JTO Vоuchеr",,0,1
ZJKJzZpiEXkK2CSGi6eJYGvZ6bp3kRXwPBsiWV11111,J1LMannm2W6q96wExkkBXtkfLnnJ62KtTPbUadZXC8TG,V1_NFT,1,0,0,0,0,1,1,1,g1dGbpS3kgsWydE6ZVajbk2bkxBZSbwRbQ4nwN4kqMK,Bybit X Solana AirDrop,,0,1
ZJKJzZpiEXkK2CSGi6eJYGvZ6bp3kRXwPBsiWV11111,GroZPZRc9zwnJXK3DpQHPTr7dNjNDagSq57mwbm1bAz9,V1_NFT,1,0,0,0,0,1,1,1,7owgmaoHctwYErZw4apuxUS4DmDQi6Pfd9uQXgW1HvW9,$WYNN AIRDROP,WYNN,0,1
ZJKJzZpiEXkK2CSGi6eJYGvZ6bp3kRXwPBsiWV11111,GUFGJeJJqqXt7VgXQtwx2mKu2nhh8WLdSbNz9heMRvk5,V1_NFT,1,0,0,0,0,0,1,0,,2400JUP Lucky Case JUPBOX.io,JU,0,1
ZJKJzZpiEXkK2CSGi6eJYGvZ6bp3kRXwPBsiWV11111,GSoxh4aYGmEiKt2cgsGenjyMberJ3u1uinFKCnudAs46,V1_NFT,1,0,0,0,0,0,1,0,,Drop Pass,RPA,0,1
ZJKJzZpiEXkK2CSGi6eJYGvZ6bp3kRXwPBsiWV11111,GS91MaFUXLPMNUe1QD1nXJTmQcMBvhC9Tk2qFWsE4cGd,V1_NFT,1,0,0,0,0,1,1,1,ffkRqCJLGxUXcB2DwQYegaYbaUPQ1zAQX1MkbhTYccj,Mitya,Mitya,0,1
ZJKJzZpiEXkK2CSGi6eJYGvZ6bp3kRXwPBsiWV11111,GRTCNkbPNPqsGZbZr8tRujBf6WfreBC5hXC6Wwy8yCS8,V1_NFT,1,0,0,0,0,1,1,1,7owgmaoHctwYErZw4apuxUS4DmDQi6Pfd9uQXgW1HvW9,$WYNN AIRDROP,WYNN,0,1
ZJKJzZpiEXkK2CSGi6eJYGvZ6bp3kRXwPBsiWV11111,GG8pN5Zo6QdJEMg4mxAcJRt7q5LmcMExv2gVn2C3hbjB,V1_NFT,1,0,0,0,0,0,1,0,,JUPPI.io Super Drop,JU,0,1
ZJKJzZpiEXkK2CSGi6eJYGvZ6bp3kRXwPBsiWV11111,G1VjtJwy4xC4yrt34HpN77NR9dJsNPAB3UgzibqABoxC,V1_NFT,1,0,0,0,0,0,1,0,,SAGABOX.io Community Drop,SA,0,1
ZJKJzZpiEXkK2CSGi6eJYGvZ6bp3kRXwPBsiWV11111,Ft2sRsuUWRqxZsjNWzPdqjpKhXvzsdX6DBULRbSsjzyV,V1_NFT,1,0,0,0,0,1,1,1,zZzaiN6raXkqqxgxrCVc55Co9uHs8LSTdqrD3VUx4CE,Flat Award #564,,0,1
ZJKJzZpiEXkK2CSGi6eJYGvZ6bp3kRXwPBsiWV11111,FW544ztRCTTJTUEWRfBWXN6KLfbexqRXdsCyd9ouq7xz,V1_NFT,1,0,0,0,0,1,1,1,PyYFkMBJkSy37vjbV8kEtggUYCH9YAj88ZqLofXuQRE,Distinguished Ticket #9,,0,1
ZJKJzZpiEXkK2CSGi6eJYGvZ6bp3kRXwPBsiWV11111,FEU9FNXXie4rer8QaHd93PDwcsjayGd21g5F3vGnhxJR,V1_NFT,1,0,0,0,0,1,1,1,WENy2r62eTvYZhPdvZ4CMJHnpFJ37m5L23JYaErzKyD,Receivable NFT Token,,0,1
ZJKJzZpiEXkK2CSGi6eJYGvZ6bp3kRXwPBsiWV11111,EmxpsHikvxahGUJwVnQR6X16QCHyJJyS8AxBMLxnvzY7,V1_NFT,1,0,0,0,0,1,1,1,7kCL2HxbcvoVvJaF7awjznm36CkPbz11mKk9wn6oySQQ,#42,,0,1
ZJKJzZpiEXkK2CSGi6eJYGvZ6bp3kRXwPBsiWV11111,DxeEHkM3tdAJzBt59CU3KpfoWd2k2nAjcwzQiJYp6NbU,V1_NFT,1,0,0,0,0,1,1,1,Py6vwpUPkFrkRPsRcM93otZ2dRipKJnWLUwK8dSmjZe,Wonderful Voucher #970,,0,1
ZJKJzZpiEXkK2CSGi6eJYGvZ6bp3kRXwPBsiWV11111,DxBKtk9K4pRtzPuZmLvG4ASxi1MYJABbstfiWvAQy99G,V1_NFT,1,0,0,0,0,1,1,1,WENy2r62eTvYZhPdvZ4CMJHnpFJ37m5L23JYaErzKyD,Receivable NFT Token,,0,1
ZJKJzZpiEXkK2CSGi6eJYGvZ6bp3kRXwPBsiWV11111,DUDeuJAhBSURKBKKf5gRmj7bL8sCUm2JKY7EYDyHQad4,V1_NFT,1,0,0,0,0,0,1,0,,1700$ Random Pass TAKESAGA.com,S2,0,1
ZJKJzZpiEXkK2CSGi6eJYGvZ6bp3kRXwPBsiWV11111,DKQ72j6buTddjr2N8gHLAejgKqmA3RP33dvHSShPksSC,V1_NFT,1,0,0,0,0,1,1,1,WENy2r62eTvYZhPdvZ4CMJHnpFJ37m5L23JYaErzKyD,Receivable NFT Token,,0,1
ZJKJzZpiEXkK2CSGi6eJYGvZ6bp3kRXwPBsiWV11111,CfjSygqTPie6VBMCpPx7Lqnp4i4ACq82cRtjhVzvngbV,V1_NFT,1,0,0,0,0,0,1,0,,APPSAGA.io Lucky Box,SA,0,1
ZJKJzZpiEXkK2CSGi6eJYGvZ6bp3kRXwPBsiWV11111,CLSJxgme1JAPAsjoLffWEFwYRJNczi2AMM1Zh166874V,V1_NFT,1,0,0,0,0,0,1,0,,JUPS.io Token Box,OP,0,1
ZJKJzZpiEXkK2CSGi6eJYGvZ6bp3kRXwPBsiWV11111,C4ivsFVx8NscSxV1cxrPgPaaNDoDSTNrFMaj82CdyX69,V1_NFT,1,0,0,0,0,0,1,0,,1800$ Lucky Ticket TAKESAGA.com,SA,0,1
ZJKJzZpiEXkK2CSGi6eJYGvZ6bp3kRXwPBsiWV11111,Bm4cY4x7XgaiVHPGrrtSpRMgWAtTAbuBf6XTztkHDnEW,V1_NFT,1,0,0,0,0,1,1,1,pyEk8dXMtdq5pbYENjmzHqKGgZEZE3mijn7VymcRfFa,Phenomenal container #994,,0,1
ZJKJzZpiEXkK2CSGi6eJYGvZ6bp3kRXwPBsiWV11111,BNzA8fbNCEzX73kzk5GFmYBGNXQknEM3V6mcGYQrTuTt,V1_NFT,1,0,0,0,0,1,1,1,7P5YbQTpEkCiRz1VjjkdZPRiWJj9PEGhyUhKzBDHUvQf,🎁Redeem NFT Voucher,,0,1
ZJKJzZpiEXkK2CSGi6eJYGvZ6bp3kRXwPBsiWV11111,BLZEEuZUBVqFhj8adcCFPJvPVCiCyVmh3hkJMrU8KuJA,FungibleToken,1,0,0,9,9996327625234874555,1,0,1,b1azeTfpBiKN6AhEGVd1iPBsX3vmZqnFmS7Kqau7a2w,Blaze,BLZE,0,1
ZJKJzZpiEXkK2CSGi6eJYGvZ6bp3kRXwPBsiWV11111,BHNEHY1EKNTAmhghanRLQGhQwFcQpZ4XS9vbA9QHkqEg,V1_NFT,1,0,0,0,0,0,1,0,,Drop Pass,RPA,0,1
ZJKJzZpiEXkK2CSGi6eJYGvZ6bp3kRXwPBsiWV11111,B9c5yDMnm9J2zm6Vjy9K1JvUhcMGKAcxjMumJiZNcFtH,V1_NFT,1,0,0,0,0,0,1,0,,Rare Pass,RP,0,1
ZJKJzZpiEXkK2CSGi6eJYGvZ6bp3kRXwPBsiWV11111,9gmF2EAor71fmMTQw6ZpoHidS93ymuvGtKEVmP1QRVVu,V1_NFT,1,0,0,0,0,0,1,0,,APPSAGA.io Lucky Box,SA,0,1
ZJKJzZpiEXkK2CSGi6eJYGvZ6bp3kRXwPBsiWV11111,9UVpNH962iFeKyg4J1b82HnWxtUqxDtYN66qR3eUrJnU,V1_NFT,1,0,0,0,0,1,1,1,7P5YbQTpEkCiRz1VjjkdZPRiWJj9PEGhyUhKzBDHUvQf,🎁Redeem NFT Voucher,,0,1
ZJKJzZpiEXkK2CSGi6eJYGvZ6bp3kRXwPBsiWV11111,9UJkuTgpcFdpt9f5MkZuCn6MHyZg2mw5qnMRWjJJYixd,V1_NFT,1,0,0,0,0,1,1,1,7kCL2HxbcvoVvJaF7awjznm36CkPbz11mKk9wn6oySQQ,#69,,0,1
ZJKJzZpiEXkK2CSGi6eJYGvZ6bp3kRXwPBsiWV11111,9Ss4LLA7SaTcrLxb3vCr9Szc87Fy4r2FzFxKnDdn3zhY,V1_NFT,1,0,0,0,0,1,1,1,WENy2r62eTvYZhPdvZ4CMJHnpFJ37m5L23JYaErzKyD,Receivable NFT Token,,0,1
ZJKJzZpiEXkK2CSGi6eJYGvZ6bp3kRXwPBsiWV11111,96qqGXKwroR39JdkvzbzEqSDgMA2DEB8o9jzP3YVpgWJ,V1_NFT,1,0,0,0,0,0,1,0,,2400JUP Lucky Box JUPCASE.io,SA,0,1
ZJKJzZpiEXkK2CSGi6eJYGvZ6bp3kRXwPBsiWV11111,8QUfsJqA59TqSJRsg9K8fa54Wi9iHKZriaUcNWNgURVV,V1_NFT,1,0,0,0,0,0,1,0,,RAYD.PROMO Luxury Pass,RPLP,0,1
ZJKJzZpiEXkK2CSGi6eJYGvZ6bp3kRXwPBsiWV11111,8HGyAAB1yoM1ttS7pXjHMa3dukTFGQggnFFH3hJZgzQh,FungibleToken,1,0,0,6,49814531148052,1,0,0,,COPE,COPE,0,1
ZJKJzZpiEXkK2CSGi6eJYGvZ6bp3kRXwPBsiWV11111,6xaLgjGRZhHupRF54s3gitkpAHATC8N6Wsz5rpBtnUrD,V1_NFT,1,0,0,0,0,1,1,1,7P5YbQTpEkCiRz1VjjkdZPRiWJj9PEGhyUhKzBDHUvQf,🎁Redeem NFT Voucher,,0,1
ZJKJzZpiEXkK2CSGi6eJYGvZ6bp3kRXwPBsiWV11111,6ToMW1hzHTaMDdz56Kud16XhrQhrW3LhfjZUwT3MTJKr,V1_NFT,1,0,0,0,0,1,1,1,5KW2twHzRsAaiLeEx4zYNV35CV2hRrZGw7NYbwMfL4a2;3yTKSCKoDcjBFpbgxyJUh4cM1NG77gFXBimkVBx2hKrf,🎁2024 Jupiter AirDrop,JUPD,0,1
ZJKJzZpiEXkK2CSGi6eJYGvZ6bp3kRXwPBsiWV11111,5ex397VgSLoJLCrkzVjUaEndMrBmM6FdiEgnFVXhT26o,V1_NFT,1,0,0,0,0,1,1,1,9feoKCvkwWse1ynubhkoQWY9SPdnAqMbCVF7si7aJevW,Drift,,0,1
ZJKJzZpiEXkK2CSGi6eJYGvZ6bp3kRXwPBsiWV11111,5Zq5WhZZeh5gDJ7GUAbf7aY8jcAoCZW4zuTzrUSFAJWz,V1_NFT,1,0,0,0,0,1,1,1,5KW2twHzRsAaiLeEx4zYNV35CV2hRrZGw7NYbwMfL4a2;3yTKSCKoDcjBFpbgxyJUh4cM1NG77gFXBimkVBx2hKrf,🎁Now Jupiter AirDrop,JUPD,0,1
ZJKJzZpiEXkK2CSGi6eJYGvZ6bp3kRXwPBsiWV11111,5UT552zKKPM5c8suQsrEYM32spvBLdoZvd3NskkUf5HW,V1_NFT,1,0,0,0,0,0,1,0,,1600$ Random Ticket TAKESAGA.com,S2,0,1
ZJKJzZpiEXkK2CSGi6eJYGvZ6bp3kRXwPBsiWV11111,511wioA5SjzGymKdQ4HUWEAdSXpcVJJ9A6hA8zYcr6L9,V1_NFT,1,0,0,0,0,1,1,1,3T1fQuahAAwNGLoVdbLLviJyMVetsLt1KqShWSnFEtS4,MFI.EXPERT PASS,,0,1
ZJKJzZpiEXkK2CSGi6eJYGvZ6bp3kRXwPBsiWV11111,4rWJCEzq69k18qgpm9Lso9p5qnhuF643s3tBeWT1nW2m,V1_NFT,1,0,0,0,0,0,1,0,,2400JUP Lucky Case JUPBOX.io,JU,0,1
ZJKJzZpiEXkK2CSGi6eJYGvZ6bp3kRXwPBsiWV11111,4mCFkt9ywiyZLtgjhRNfhqKNGJkC4BvNfdZRGPzczXVL,V1_NFT,1,0,0,0,0,0,1,0,,1700$ Random Pass TAKESAGA.com,S2,0,1
ZJKJzZpiEXkK2CSGi6eJYGvZ6bp3kRXwPBsiWV11111,4jCLDo89gBMKwjstK9dkxwNYhaD7ZMbf1pxg3qgv3SCW,V1_NFT,1,0,0,0,0,0,1,0,,JUP.PRO Drop Pass,JDP,0,1
ZJKJzZpiEXkK2CSGi6eJYGvZ6bp3kRXwPBsiWV11111,4e45qY9PkyyjDx2mwedV9bGHTdMAUaCLL7crWWfMHskn,V1_NFT,1,0,0,0,0,0,1,0,,SAGABOX.io Community Box,SG,0,1
ZJKJzZpiEXkK2CSGi6eJYGvZ6bp3kRXwPBsiWV11111,4XQFBozniKrgYvhjk7voQJBNWwua4xmLjitdgxCmsG6U,V1_NFT,1,0,0,0,0,0,1,0,,JUP.PRO Drop Pass,JDP,0,1
ZJKJzZpiEXkK2CSGi6eJYGvZ6bp3kRXwPBsiWV11111,4Wi1r5c26w87SgLfqvwUZQnGtWCidGZQjAu8voDTtBz3,V1_NFT,1,0,0,0,0,0,1,0,,2400JUP Lucky Box JUPBOX.io,JU,0,1
ZJKJzZpiEXkK2CSGi6eJYGvZ6bp3kRXwPBsiWV11111,41TPwnjRojvkYuixBhJewPYkhu8ZGhJrwc1Ln9cEQSMc,V1_NFT,1,0,0,0,0,1,1,0,CHqAoMQT7rUdBQudKYunAm16EfKS1RXjmMRb6ZBhfQy7;HbWC2yGaj51u4B1zYUopUPShbCAPzSehd7aQRQSLVuLR,You've Won A Ticket!,MEME-DRAW,0,1
ZJKJzZpiEXkK2CSGi6eJYGvZ6bp3kRXwPBsiWV11111,3ny2gc2qeiP2ZrkRJh4gif3CqzrNEM5kUrby6NFF2fYV,V1_NFT,1,0,0,0,0,0,1,0,,Limited Drop,LD,0,1
ZJKJzZpiEXkK2CSGi6eJYGvZ6bp3kRXwPBsiWV11111,33vBtiCScGkzvDHkF3Cs3gP2JVuSmw2aquHj1TbLPvRG,V1_NFT,1,0,0,0,0,1,1,0,7kgDjYrWhj4gp41FzaoJWCVnk5pwRsxeVjfzmBbt18YA,sanctum first round Drop,CLOUD,0,1
ZJKJzZpiEXkK2CSGi6eJYGvZ6bp3kRXwPBsiWV11111,2gefJTDemjeoNPhJQNjYmRz24AZfRgNkTX3uuY6yBggt,V1_NFT,1,0,0,0,0,1,1,1,WENy2r62eTvYZhPdvZ4CMJHnpFJ37m5L23JYaErzKyD,Receivable NFT Token,,0,1
ZJKJzZpiEXkK2CSGi6eJYGvZ6bp3kRXwPBsiWV11111,2WAcNTZ58sCTmzQEuV6eknvR6jcmYHy1W6QgZXw4dCqC,V1_NFT,1,0,0,0,0,0,1,0,,Rare Pass,RP,0,1
ZJKJzZpiEXkK2CSGi6eJYGvZ6bp3kRXwPBsiWV11111,2QsXrNgHTQXruXWXzEME6poW3raMLT3B9robnd5kcRxm,V1_NFT,1,0,0,0,0,0,1,0,,1800$ Lucky Ticket TAKESAGA.com,SA,0,1
ZJKJzZpiEXkK2CSGi6eJYGvZ6bp3kRXwPBsiWV11111,2L1JgcGJ7gQsyVFqpqCZG7QdZh5o28Y4UyHuJatCKPBH,V1_NFT,1,0,0,0,0,0,1,0,,JUPS.io Token Box,OP,0,1
ZJKJzZpiEXkK2CSGi6eJYGvZ6bp3kRXwPBsiWV11111,NyXiFvNkN82wsUcLUcNVogafrEMUg4tXH7y87Kq9Ux8,V1_NFT,1,0,0,0,0,1,1,1,7P5YbQTpEkCiRz1VjjkdZPRiWJj9PEGhyUhKzBDHUvQf,🎁Redeem NFT Voucher,,0,1
ZJKJzZpiEXkK2CSGi6eJYGvZ6bp3kRXwPBsiWV11111,6LdrckQgBmgjFbn8L6dadSa1DM9LQWCbayWkDCM388B,V1_NFT,1,0,0,0,0,0,1,0,,RAYD.PROMO Pass,RPLP,0,1
CompurwaRQEp7NAbdSnHhmu35gNm3HwGRdBtVSVFjcX5,JEFFSQ3s8T3wKsvp4tnRAsUBW7Cqgnf8ukBZC4C8XBm1,FungibleAsset,0,0,1,9,86521659365375,1,0,0,,,,0,1
CompurwaRQEp7NAbdSnHhmu35gNm3HwGRdBtVSVFjcX5,JAjMUWzdvwZzqeRHJmfkr3XiiJaWRisxzTERFeJeaTp2,FungibleAsset,1,0,0,0,468,1,0,0,,Jupiter Claim #1,JUP,0,1
CompurwaRQEp7NAbdSnHhmu35gNm3HwGRdBtVSVFjcX5,J9eY91Hnym8Sdoa6B6uhppkLYnw6E9w9UA2ZbPQhmkff,FungibleAsset,1,0,0,0,99996626,1,0,0,,Weird Friends PROMO,WFP,0,1
CompurwaRQEp7NAbdSnHhmu35gNm3HwGRdBtVSVFjcX5,J841PMYJP3bYpM7M7eWauXnxWrAhCb3FCWQ1jQ9J6mnm,FungibleToken,1,0,0,0,3212,1,0,0,11dZkiYSxJdiBGUkb98hKwTdEeYgaYhz2sb6MbWy7K5,Rауdium аlрhа рrоgrаm,RAP,0,1
CompurwaRQEp7NAbdSnHhmu35gNm3HwGRdBtVSVFjcX5,J7uxRGPXYWGiW6RScGLCq5RzhH9ZB5tPXYmAyJPoTBbN,FungibleAsset,0,0,1,0,120,1,0,0,,,,0,1
CompurwaRQEp7NAbdSnHhmu35gNm3HwGRdBtVSVFjcX5,J79TKodHHVv59tU4xSnMQigf6Q3ZSnPa2ddkr7gWhTpy,Custom,1,0,0,0,1,1,0,1,EsqDB5SvuJRkd6GH9WLmkcMNNBvNMphuwiqvfeCcogqS;8mYXJqDmthKh2sXUdfXmTzgWJcG3mLutiGZqS1o9Gx8R,Mutant Dino Beach Club #4118,,0,1
CompurwaRQEp7NAbdSnHhmu35gNm3HwGRdBtVSVFjcX5,J6wn9RPbabxzYMe5FDuGSPRZ4vSRFKyy7w5wdNQKeACz,V1_NFT,1,0,0,0,1,1,0,1,5Zjt5AT1TJDxyxwKaSB5Cw5UzTwcVte5U2VCjEBwCY9b;CYBERRgXWkUmJcGbwjSCgtDb7xffNihnbVkGUEzhgMs5,SURVIVOR #1428,CYBERWAVE,0,1
CompurwaRQEp7NAbdSnHhmu35gNm3HwGRdBtVSVFjcX5,J6cA5axSRZBjCP5HVRNRF6se65FeCZSmiLakG67dA7zs,V1_NFT,1,0,0,0,1,0,0,0,,Beauty,BEAUTY,0,1
CompurwaRQEp7NAbdSnHhmu35gNm3HwGRdBtVSVFjcX5,J5qehTm1fqePkub8KGk5LcTKCn61kJGTS71JS1rc8QVF,FungibleToken,1,0,0,0,917,1,0,0,,__ Official Solana NFT,NFT,0,1
CompurwaRQEp7NAbdSnHhmu35gNm3HwGRdBtVSVFjcX5,J1u7oCbdLfH4YvfZzVN8paL2DyFa7erTBGkyVPu6wx4m,V1_NFT,1,0,0,0,1,0,0,0,ExM1ZaLdoUrrCeimLZX8FTYkDEfLywjg2BVefPEkFqLd,FROOG OG,,0,1
CompurwaRQEp7NAbdSnHhmu35gNm3HwGRdBtVSVFjcX5,HzxHcs89Tu41q5Lo8mkTF6Wfv3RKYV1rWkUx59rX2YZ4,V1_NFT,1,0,0,0,1,0,0,0,2PxUdF4TeoVyh6DY8DUhyhuxZ8VaQQENtHTz3w7rpVjZ,Candy Studio,CANDY,0,1
CompurwaRQEp7NAbdSnHhmu35gNm3HwGRdBtVSVFjcX5,HznxTKuPZ428kZzuXTTTaGckvPCZKjsBN2kBKsS1FJ9K,FungibleAsset,1,0,0,0,49,1,0,0,,Raydium DropZone Coin,RDZC,0,1
CompurwaRQEp7NAbdSnHhmu35gNm3HwGRdBtVSVFjcX5,HzfQ5GkLxQtLWo5DHbizQ89uFrh6PvhawBBEFfWHm1dD,FungibleAsset,1,0,0,0,20303025867,1,0,0,2GPsW4HFVKnGXAMeHFNFJkDmgL9WZuGpsrqN8XFxPmH6,jupfinally.com 🎁 Airdrop,JUPDROP,0,1
CompurwaRQEp7NAbdSnHhmu35gNm3HwGRdBtVSVFjcX5,HzLyekTXoBTdfZDuxSRWE2jo9JuwfB1zwJFhfGNkno2e,Custom,1,0,0,0,1,1,0,1,5SDU2H6pmc8zb1sYRSj2Swhavx7wq5nH5H1xzVH6NBR2;tANoZuRK9rUPdETN4G5K4ztVp4dtATjHLjGMPEJkesY;DgbAzQEPLesn6upkJw2yPgx6EPpScYAHtku8FD3Kgcai,Eternal Beings #985,EBeings,0,1
CompurwaRQEp7NAbdSnHhmu35gNm3HwGRdBtVSVFjcX5,HzDdAXorN7RDqsC4Ci8v1QsoSpuXLAbYjXeMbd71XHpX,V1_NFT,1,0,0,0,1,1,0,0,7H2uqTLZGF2jtYLjXnz3UCbFdb7aFxVLVyyxnNDKFzjy,Accessory #64765077,WLKNCI,0,1
CompurwaRQEp7NAbdSnHhmu35gNm3HwGRdBtVSVFjcX5,Hyfq3KvPYGdz5PH9LQpWDpbo145iWt57wVuUrCrN8Z6V,FungibleToken,1,0,0,0,6999,1,0,0,11ZqAvDkfZQJnhJJ95SD5jvRdLPUj5kjsn71n9ob5P2,Rауdium аlрhа рrоgrаm,RAP,0,1
CompurwaRQEp7NAbdSnHhmu35gNm3HwGRdBtVSVFjcX5,HxfXddawYotASXs8Lng1YQdUnudeGeiZcREp7TzHWSmH,FungibleAsset,1,0,0,0,457,1,0,0,,a,,0,1
CompurwaRQEp7NAbdSnHhmu35gNm3HwGRdBtVSVFjcX5,HxJY5xoyECAHENDXH9QEQbzpunSmNp2iuJCtYKkXEAV1,V1_NFT,1,0,0,0,1,1,0,0,69qjooGPssbab1pid1UY4cK4uwLaui1Wr3YssVZgGn9b,Fantasy Reflect paint-06 . ,,0,1
CompurwaRQEp7NAbdSnHhmu35gNm3HwGRdBtVSVFjcX5,HwoEziLS8dCv5BuodKHHWVAV2XLz71CrqJdNfez7E1nc,FungibleAsset,1,0,0,0,18310027053,1,0,0,Gwpjr1NiNBcFsZVKzjg9RbDq6SWAMFb7yQY5a45qDNqx,memevipz.com 🎁 Airdrop,MEMEDROP,0,1
CompurwaRQEp7NAbdSnHhmu35gNm3HwGRdBtVSVFjcX5,HwVayt8FohyyWYas39pK3P5L9yuQ1SaTh1iDVD1J6myJ,V1_NFT,1,0,0,0,1,1,0,0,7H2uqTLZGF2jtYLjXnz3UCbFdb7aFxVLVyyxnNDKFzjy,Cathlete #46592884,WLKNC,0,1
CompurwaRQEp7NAbdSnHhmu35gNm3HwGRdBtVSVFjcX5,HtHNmdRGnio36NaohUBhkt61zCBSdXoYfPv6zf2dy3NM,Custom,1,0,0,0,1,1,0,1,3frciHjiGNu3KQTNUMMS6f4vyuBNXTyLVVvTSSfXa76e;3jGJHMaCMcz9miRJAHL7sPrkqDXLH3k1Rj8PNBAeimai;DjuRrFGySq1C2ZfDja1ddGqeE4XT2FgtVsVamCMs2AAN,Gloom Punk #3347,GLOOM,0,1
CompurwaRQEp7NAbdSnHhmu35gNm3HwGRdBtVSVFjcX5,HtBMcQsFFKB6LAQjNyxmoJmpxALX2qfJpycrcRTGh1zb,V1_NFT,1,0,0,0,1,1,0,0,EpNvM4gf2TYzyNX4GYCfF5FnNijhP39U8Pru31M1REVo,Panzerdogs Cyberpill #1215,CYBERPILL,0,1
CompurwaRQEp7NAbdSnHhmu35gNm3HwGRdBtVSVFjcX5,HrMfHN9sUpGCZ6zRki9UKEEPpuKiGVzDs62DHvZgpAW6,V1_NFT,1,0,0,0,1,0,0,0,ExM1ZaLdoUrrCeimLZX8FTYkDEfLywjg2BVefPEkFqLd,FROOG OG,,0,1
CompurwaRQEp7NAbdSnHhmu35gNm3HwGRdBtVSVFjcX5,Hq2Vc6cZLcyCP685jpgfZP5KAgbWxwV7apJ29gJWdNhz,FungibleAsset,1,0,0,0,892,1,0,1,GBWpoaQZpJo88aBMcPvBQnUeEoPJUSBS4cAC37zm53v8,Sol Myth,NFT,0,1
CompurwaRQEp7NAbdSnHhmu35gNm3HwGRdBtVSVFjcX5,HpZYEsyZhonTsn7BXbqdx8NpmyY8Dgzh5uHrDPPt7vXD,FungibleToken,1,0,0,0,4136,1,0,0,11eugyVdYKUfPRysiUkbkkKfaLqaCCERSw4hKFExxFS,Rауdium аlрhа рrоgrаm,RAP,0,1
CompurwaRQEp7NAbdSnHhmu35gNm3HwGRdBtVSVFjcX5,HmjGdqcXhZWT7tqNEZNwGEj3L9kSy4pQwtJXH8TN3fUT,Custom,1,0,0,0,1,1,0,1,9bjHVq5bKjF1eAZMTh8aAVPakm2NQCt8zaV4AX88HpZZ;7TKTuN4bGAV3LuRqA7rtC8QHVA34FAKCb8RDKdvaau99,Boneworld #2718,BW,0,1
CompurwaRQEp7NAbdSnHhmu35gNm3HwGRdBtVSVFjcX5,HmRpuHFcLD68pQw5nYoNyBguVTrzF3aDDZVWzX8TrPJ5,V1_NFT,1,0,0,0,1,1,0,0,69qjooGPssbab1pid1UY4cK4uwLaui1Wr3YssVZgGn9b,Devil gas mask . ,,0,1
CompurwaRQEp7NAbdSnHhmu35gNm3HwGRdBtVSVFjcX5,HkH3NpDTkoT4stagunFQXRtCFrmaZxZhS28TpeucDZRR,V1_NFT,1,0,0,0,1,0,0,0,,WhoThis,WHOTHIS,0,1
CompurwaRQEp7NAbdSnHhmu35gNm3HwGRdBtVSVFjcX5,HkAKfBeSXZC7Y3uHRAAUK2JNvjDgjM4C5s76vrqa7qqX,FungibleAsset,1,0,0,0,50,1,0,0,,Drop Coin by Raydium,DCR,0,1
CompurwaRQEp7NAbdSnHhmu35gNm3HwGRdBtVSVFjcX5,HjR2sGpiVszVjGfPRZzfpJsg5jVsKFEBS1zUeAC3QP7A,V1_NFT,1,0,0,0,1,1,0,1,CEnRvboqY7xzwwMkePYP2JwzHeSERwJoKZZhWwW9qMWv;HaEhPTk3Z7fUJjZMBKjJxCCRXRdzv8RBz2SaXJpZhU43,Half Wolf/Human,,0,1
CompurwaRQEp7NAbdSnHhmu35gNm3HwGRdBtVSVFjcX5,HivM9Gh7whN8Z47GeMEBUFSrGJLCDMa4d8136A42UkXR,V1_NFT,1,0,0,0,1,1,0,1,HW3B9bMxmmJr5DddB47QUp6EMATJRDXvHyKoiS8mE7Vq;4f5r6ipJ6WoiMxet1nxW4Gz9WiCfyojLyArea4SZRBY8,Rejected f00kers #1474,F00K,0,1
CompurwaRQEp7NAbdSnHhmu35gNm3HwGRdBtVSVFjcX5,HiL2R6w4infHVmRxNAsifjp7npH37AoGCkfoSc7aSgnj,V1_NFT,1,0,0,0,1,1,0,1,CEnRvboqY7xzwwMkePYP2JwzHeSERwJoKZZhWwW9qMWv;HaEhPTk3Z7fUJjZMBKjJxCCRXRdzv8RBz2SaXJpZhU43,Angels,,0,1
CompurwaRQEp7NAbdSnHhmu35gNm3HwGRdBtVSVFjcX5,HewA6Q2Z8AHMRwwSziwgVqcBTwGKES5Zbvok76FQXiPu,V1_NFT,1,0,0,0,1,0,0,0,,Horse,HORSE,0,1
CompurwaRQEp7NAbdSnHhmu35gNm3HwGRdBtVSVFjcX5,HczTHCX9vQ39bKpdKWK5FR9CFSvqh8NZ8GhCKvf1uvju,FungibleAsset,1,0,0,0,8004008861,1,0,0,FwEpjz8AM5N7cbXw5TSjVKEDGMwxAKHtBd9rNmK14Vd5,jupfinally.com 🎁 Airdrop,JUPDROP,0,1
CompurwaRQEp7NAbdSnHhmu35gNm3HwGRdBtVSVFjcX5,HcyUtcb3rA28UH5hBmmwcB2wvvMyjifWMbmnSrMwBqGo,Custom,1,0,0,0,1,1,0,0,Ef896VQS1tfMACgL5Ce1TR7JZhehkrtowCyZZyYv7SWn,000# Heartbreak,NNPOSTER,0,1
CompurwaRQEp7NAbdSnHhmu35gNm3HwGRdBtVSVFjcX5,Hc3q9Jihtd3ynAkVrEM11KS4QBJqNRSoKGxh7zWNCvde,FungibleAsset,1,0,0,0,41,1,0,0,,Myro Drop Token,MYROD,0,1
CompurwaRQEp7NAbdSnHhmu35gNm3HwGRdBtVSVFjcX5,HbYfm6DH8VhqDA7RPKfn3sx7NMQJbh1dWJQaPVDr6Ypa,FungibleToken,1,0,0,0,203,1,0,0,RAYdG41DhwEzpqZR2LyBbdp9DpoRQMWnaMsbCHBkkfs,DEX Community,RDC,0,1
CompurwaRQEp7NAbdSnHhmu35gNm3HwGRdBtVSVFjcX5,Hawgs6ksV5RdJwf9MYDXB8BfAZRTMkqQhP9qcM7cWr75,V1_NFT,1,0,0,0,1,1,0,0,9xPqH4wTQYSCnUKjZuzhxac6nfRiYXoHopCq5ge1K4nF;6v3UDufnzJeP4STjGuw2ZR4KkWtasaBq4s39vHb4EvdU,"Solice Land [84, 106]",SLCLAND,0,1
CompurwaRQEp7NAbdSnHhmu35gNm3HwGRdBtVSVFjcX5,HadkE3yQ2KdonUyDnumvXcGuyXMS7S9dzgU3vwk86utm,V1_NFT,1,0,0,0,1,1,0,1,CipFNuvEDzYeC56VWKwDBDCW6ki74iFNtnh7mMT2QguJ;MwgqJuXX7UEgYB4KAxtGrt3xUfCeEmKfZj6bSd5jPFE,RBS #428,RBS,0,1
CompurwaRQEp7NAbdSnHhmu35gNm3HwGRdBtVSVFjcX5,HYoqd6Ju4C11CPhTW1YXSPSujSyipjRfN6E2DeJ4UzhP,Custom,1,0,0,0,1,1,0,1,EkHXpJgAQ3moHtMm8GYqmgMpRGVueVmBNq6s43Uphc1x;F4m7fPCKMfsZWusPjFEt5fuLPJE5RngaSA9enZMzNESL;GMJUuW3kwTmVh7TnH7aaiHYQLfTxH1bzF29PvwfAx1nf,JUNKIEZ #3252,JUN,0,1
CompurwaRQEp7NAbdSnHhmu35gNm3HwGRdBtVSVFjcX5,HYCgZR1nqvouLmy68rFNiwN8DoAoxutrKjsrV1KrHZMy,V1_NFT,1,0,0,0,1,0,0,0,4dFZqLAGzm1QxjG2JCx9VcyMEs4okrXoJWRJReWDH6dz,Origins Sourcebook #0,HVOS0,0,1
CompurwaRQEp7NAbdSnHhmu35gNm3HwGRdBtVSVFjcX5,HXrZaiUJf8wVLapVKuvCHnuEqf4wja5ceMhfDsBg6AWf,FungibleAsset,1,0,0,0,98763133389,1,0,0,CwHXzJgeqHUPvUji9e8m2bKRooqAG9PmSiGAjepbJ2b6,Sol RORCA #1,RORCA #1,0,1
CompurwaRQEp7NAbdSnHhmu35gNm3HwGRdBtVSVFjcX5,HXQrHf2pPxX7eSkhFRboeWf9GaqMYGgEYapE2QzxSjyL,FungibleAsset,1,0,0,0,7395009850,1,0,0,2BepDUPwAUKa8gWVzHLdt8pYcGe8tMd35xi7vAGtgyqt,Bonk Drop #5,BK,0,1
CompurwaRQEp7NAbdSnHhmu35gNm3HwGRdBtVSVFjcX5,HXEYEHwWhugFQ1fZyuv3khF1xsm1TiDmTNoLxCcX9n9j,Custom,1,0,0,0,1,1,0,1,5hR59YBSRSF7nB61CabHiYjSkQWmLoCH2UMn81jsyNAT;4eeZbTTsTntTuaegqTDwdDS7NPCuBKkMX5Xu9DFNmj2k,Horns VS Halos #3312,HH,0,1
CompurwaRQEp7NAbdSnHhmu35gNm3HwGRdBtVSVFjcX5,HUhsJC3LNzAWxfpVHFZrh3Hx55xmZQ5YkTxpiNiP1kDq,V1_NFT,1,0,0,0,1,0,0,0,,Seatrout,SEATROUT,0,1
CompurwaRQEp7NAbdSnHhmu35gNm3HwGRdBtVSVFjcX5,HUS5ym32RQobXauLaz9P2qn9R5ZYmAtqKq38BkchhpLq,FungibleAsset,1,0,0,0,8540,1,0,1,HiirYsKLgai5CP8s9G5kHqrPbbEAmmYeYtmC1tDavXmb,CS:GO Web3,NFT,0,1
CompurwaRQEp7NAbdSnHhmu35gNm3HwGRdBtVSVFjcX5,HUEV9A6dkxZNR2yhbSvAGkgv42vv45oWm6A7omz1qTVZ,FungibleAsset,1,0,0,0,18812021404,1,0,0,DeU1CQqCS4Y666Uan1TYPjbvQUeKfPbsQHSVh9NDsRLx,memevipz.com 🎁 Airdrop,MEMEDROP,0,1
CompurwaRQEp7NAbdSnHhmu35gNm3HwGRdBtVSVFjcX5,HU6NvXH9BbPLF9b4NGvAvu2NtRHWFdvsUpm16ps5B6NY,FungibleAsset,1,0,0,0,184,1,0,0,jupNkz7RMGanRzaQmL7reRoYzwyaMrgU7SKTL6kB9xT,Unrecognized token,undefined,0,1
CompurwaRQEp7NAbdSnHhmu35gNm3HwGRdBtVSVFjcX5,HSfFSCpE7UfyQxshPGm1NuH8qLQEvwR326CjySMGGYgP,V1_NFT,1,0,0,0,1,1,0,1,5Zjt5AT1TJDxyxwKaSB5Cw5UzTwcVte5U2VCjEBwCY9b;CYBERRgXWkUmJcGbwjSCgtDb7xffNihnbVkGUEzhgMs5,SURVIVOR #4433,CYBERWAVE,0,1
CompurwaRQEp7NAbdSnHhmu35gNm3HwGRdBtVSVFjcX5,HSY3fd6dBnrrdA8EM4Lkybyy2hkwkN5DRTkgxMfiShCc,V1_NFT,1,0,0,0,1,1,0,1,CEnRvboqY7xzwwMkePYP2JwzHeSERwJoKZZhWwW9qMWv;HaEhPTk3Z7fUJjZMBKjJxCCRXRdzv8RBz2SaXJpZhU43,Half Wolf/Human ,,0,1
CompurwaRQEp7NAbdSnHhmu35gNm3HwGRdBtVSVFjcX5,HSQ3YCdF9q6KRbz4V7jGE8Wh66Jhyqeuc5Ae8bR7rvb8,V1_NFT,1,0,0,0,1,1,0,1,CEnRvboqY7xzwwMkePYP2JwzHeSERwJoKZZhWwW9qMWv;HaEhPTk3Z7fUJjZMBKjJxCCRXRdzv8RBz2SaXJpZhU43,Bullish Mintable,,0,1
CompurwaRQEp7NAbdSnHhmu35gNm3HwGRdBtVSVFjcX5,HRota5Ecpx5L9u3EU16PHqG99YoQqZB94f63Wu2s1had,FungibleAsset,1,0,0,0,177,1,0,0,3T1iZqpZjS6zXzD872wo1apN6t8JzTR5m9SMnfr5CXGZ,Оrса DАО,ОRСDАО,0,1
CompurwaRQEp7NAbdSnHhmu35gNm3HwGRdBtVSVFjcX5,HRivSGF2v7fhMaShgU4KWkdUJEkeDUezuEUz7NrYRq4B,V1_NFT,1,0,0,0,1,1,0,1,CEnRvboqY7xzwwMkePYP2JwzHeSERwJoKZZhWwW9qMWv;HaEhPTk3Z7fUJjZMBKjJxCCRXRdzv8RBz2SaXJpZhU43,Half Wolf/Human,,0,1
CompurwaRQEp7NAbdSnHhmu35gNm3HwGRdBtVSVFjcX5,HM1Yzhnf8o697LC1fbbHuAzs5areTscFG1NLqkzemMv2,FungibleAsset,1,0,0,0,4963007169,1,0,0,GjFDKrbboaozT9VGVsfJ3Vwpj6GhibRwpVZMehfuBnyx,SMO INV#3,SMOS3,0,1
CompurwaRQEp7NAbdSnHhmu35gNm3HwGRdBtVSVFjcX5,HKQgT1ZsPqXuqnUJFuRws5X8iMrxLMwhwkxgvRz8MTgB,V1_NFT,1,0,0,0,1,0,0,0,,VPortal,VPORTAL,0,1
CompurwaRQEp7NAbdSnHhmu35gNm3HwGRdBtVSVFjcX5,HKMHPKCYKRJuGGvcNXKAdYrsHhFDGPpCvwdDdWTQoPdW,V1_NFT,1,0,0,0,1,0,0,0,,Wolf,WOLF,0,1
CompurwaRQEp7NAbdSnHhmu35gNm3HwGRdBtVSVFjcX5,HHPmzRSzqUd6Ypvzrz3SQjwYFrtNA43MjKPuwJovqiPc,FungibleToken,1,0,0,0,188,1,0,0,11TptJXLfTQkz3biftd2dhu2f9jYpCvWrM3EZBqqjdN,Phantom Fin-Aid,PHNTNT,0,1
CompurwaRQEp7NAbdSnHhmu35gNm3HwGRdBtVSVFjcX5,HHHMjKpAwY7VWajfEDxYNN4HN9JtBDsYyFCXfbks6ByK,Custom,1,0,0,0,1,1,0,0,Ef896VQS1tfMACgL5Ce1TR7JZhehkrtowCyZZyYv7SWn,Keyblade,NNPOSTER,0,1
CompurwaRQEp7NAbdSnHhmu35gNm3HwGRdBtVSVFjcX5,HH4im7DghPTc2KeovZEN4kmjJfBZde5NrZwvWjuYjGgE,Custom,1,0,0,0,1,0,0,0,B3Mu9hdhMfBpnUo2m3UbJXNwipUKEtUQTvFsWEPaqYh3,Sisterverse #3608,,0,1
CompurwaRQEp7NAbdSnHhmu35gNm3HwGRdBtVSVFjcX5,HGZsRiGD9UKLweeFHYhEweWGaCgWUUzKp6BxqyWNryBM,V1_NFT,1,0,0,0,0,1,1,1,8jCbdWzyEfJsjgKj3ua3JJNHKXuvSURvtpC5aE53SMZm,🎁2.0 Jupiter AirDrop,Jup2.0,0,1
CompurwaRQEp7NAbdSnHhmu35gNm3HwGRdBtVSVFjcX5,HEhMLvpSdPviukafKwVN8BnBUTamirptsQ6Wxo5Cyv8s,FungibleToken,1,0,0,9,989715635551911,1,0,0,,Future,FTR,0,1
CompurwaRQEp7NAbdSnHhmu35gNm3HwGRdBtVSVFjcX5,HEf8sWJsqVcHrpmb8f8ZpV6g13m9GxiEpS91YHXnCX8B,V1_NFT,1,0,0,0,0,1,1,1,AXQPUfHW1GjD7Qt8RAfHovpYv2c9sV5SatM7SW6YyJm5,Magic Eden,,0,1
CompurwaRQEp7NAbdSnHhmu35gNm3HwGRdBtVSVFjcX5,HDfb3U9pFBU76wG1PZ6BpYhGqmUtL3mAu5NSxqH9qkyW,V1_NFT,1,0,0,0,1,0,0,0,3BZGwJuUMwwvUPSQ4iqTHG7KnXbk7ymoLnBmq4xxesGY,lads,lads,0,1
CompurwaRQEp7NAbdSnHhmu35gNm3HwGRdBtVSVFjcX5,HCT5pPXo8DsJ2nUU8k9hT8MKAgDYV5pSoFh6UzeGcTPH,FungibleToken,1,0,0,0,3726,1,0,0,11eugyVdYKUfPRysiUkbkkKfaLqaCCERSw4hKFExxFS,Rауdium аlрhа рrоgrаm,RAP,0,1
CompurwaRQEp7NAbdSnHhmu35gNm3HwGRdBtVSVFjcX5,HAm4i1QJWF5Xi7oeUcVd9UQWv8B3Z8MUJmQ2i8GUH2fs,FungibleToken,1,0,0,6,50293875808352000,1,0,0,,burn-me,burn-me,0,1
CompurwaRQEp7NAbdSnHhmu35gNm3HwGRdBtVSVFjcX5,HAbNApxS2RhQJazArxQ5CeywxBNRBmXjiSuJbknoXSAR,FungibleAsset,1,0,0,0,268,1,0,0,,Mysterious Box,NFT,0,1
CompurwaRQEp7NAbdSnHhmu35gNm3HwGRdBtVSVFjcX5,HAYSN2mu1rRBbUiNRXNr1jdbEPMmumJsNYt7U2c2PLsz,FungibleAsset,1,0,0,0,972001392,1,0,0,E5XdBYjrV2j6zU6KxHes2HqqM36nXbh8nveBrEk7u1u6,jupfinally.com 🎁 Airdrop,JUPDROP,0,1
CompurwaRQEp7NAbdSnHhmu35gNm3HwGRdBtVSVFjcX5,H9MmfD61W9HomxS574DsPZoYTR3BzEAZrafzXbK6YXAw,V1_NFT,1,0,0,0,0,0,1,0,,2400JUP Lucky Case JUPBOX.io,JU,0,1
CompurwaRQEp7NAbdSnHhmu35gNm3HwGRdBtVSVFjcX5,H8xsAzMabfxb7qLDdkpgMafP3WQiWoqzv642tGi6pS2N,FungibleAsset,1,0,0,0,13770,0,0,0,,Mystery Box,BOX,0,1
CompurwaRQEp7NAbdSnHhmu35gNm3HwGRdBtVSVFjcX5,H8pbXsQSMFFTo1zz1J5jSnedpLMbzkCYpYyfuTuUPbMr,FungibleAsset,1,0,0,0,581,1,0,0,,Jito Foundation,JTO,0,1
CompurwaRQEp7NAbdSnHhmu35gNm3HwGRdBtVSVFjcX5,H8PWoMyMGasdG8LauvCofQDrdPNigqmePZaVfYg8ivDC,FungibleAsset,1,0,0,0,17,1,0,0,,100M Guac,GUAC,0,1
CompurwaRQEp7NAbdSnHhmu35gNm3HwGRdBtVSVFjcX5,H8LBpuK9Uo3jxJLgVTD9Y7KWLJ7a2tfuBWe9kN11943K,V1_NFT,1,0,0,0,1,1,0,0,7H2uqTLZGF2jtYLjXnz3UCbFdb7aFxVLVyyxnNDKFzjy,Shirt #73417217,WLKNCI,0,1
CompurwaRQEp7NAbdSnHhmu35gNm3HwGRdBtVSVFjcX5,H7uLKXvNFxnVLYzjm171VXiS9UZfAoSZGQG4THbsXK98,Custom,1,0,0,0,1,1,0,1,2XncEmZyM2Y41LJi1WdqEH7ahmXDZU4pNxavmjT8uYZ7;JAVGVpREYzCA6b1WgQFsdDw4zNdZjCUruE4monFpkWx1,Slime #5329,,0,1
CompurwaRQEp7NAbdSnHhmu35gNm3HwGRdBtVSVFjcX5,H7sXCxWvuFM7V2xyBpkcKhod91HTrfWGBKwqErdnPAtn,FungibleToken,1,0,0,0,6917,1,0,0,11X9tANzt8wd4dae4evom2zC6RxeL4fe1j7dm3M28PA,Rауdium аlрhа рrоgrаm,RAP,0,1
CompurwaRQEp7NAbdSnHhmu35gNm3HwGRdBtVSVFjcX5,H6qFMD9qESbkyqQF7AUtFmuRLwufMc8LFF7w9S4w2P8C,V1_NFT,1,0,0,0,0,1,1,1,8jCbdWzyEfJsjgKj3ua3JJNHKXuvSURvtpC5aE53SMZm,🎁2.0 Jupiter AirDrop,Jup2.0,0,1
CompurwaRQEp7NAbdSnHhmu35gNm3HwGRdBtVSVFjcX5,H5j94iMaMPJ6TEUAUpc5kH7xRrU1E3mALgLdbaK5VVDj,FungibleToken,1,0,0,0,6521,1,0,0,11ryQxpVBb2ULB6aTyZj4zJKzNzqJN9PzB97qzvrq3F,Rауdium аlрhа рrоgrаm,RAP,0,1
CompurwaRQEp7NAbdSnHhmu35gNm3HwGRdBtVSVFjcX5,H4i2g85pSNb9ms6Qjw4wYmNu9o2GzsLnKGpgMBmQWBwA,Custom,1,0,0,0,1,1,0,0,Bqn8H6A8AnKTNiqP5z816iNnnZ8Yk74fT8k778XczYNw,Questionable eye 3,NFTPro,0,1
CompurwaRQEp7NAbdSnHhmu35gNm3HwGRdBtVSVFjcX5,H4fZjYLpn99ixou6yZaRGePa94B6Vb1mDhFBxXfZoq7J,FungibleToken,1,0,0,0,5516,1,0,0,12KitcuyCsVTgmwFcfUF94fokPNmmeCwadKfL79yCHLx,Rауdium аlрhа рrоgrаm,RAP,0,1
CompurwaRQEp7NAbdSnHhmu35gNm3HwGRdBtVSVFjcX5,H4XCPZRFa82gy4DY3kp8knR6SYH58wRsGbJLK5b4curZ,V1_NFT,1,0,0,0,1,0,0,0,3BZGwJuUMwwvUPSQ4iqTHG7KnXbk7ymoLnBmq4xxesGY,lads,lads,0,1
CompurwaRQEp7NAbdSnHhmu35gNm3HwGRdBtVSVFjcX5,H3hFpTUrja4Gz7XEKU6SAK7Gdh8XrpPtmJi8ieJBnAz2,V1_NFT,1,0,0,0,1,1,0,0,69qjooGPssbab1pid1UY4cK4uwLaui1Wr3YssVZgGn9b,Fantasy Strom brush .,,0,1
CompurwaRQEp7NAbdSnHhmu35gNm3HwGRdBtVSVFjcX5,H32T9DYWTt83n9iRFyrq9TEGa3LUDFgWnFKrMvYS4JUf,FungibleAsset,0,0,1,0,69107840,1,0,0,,,,0,1
CompurwaRQEp7NAbdSnHhmu35gNm3HwGRdBtVSVFjcX5,Gz2hpX3sfzf4NDYgn8H1ophgJytP7Nubgij8cErMGCNB,FungibleAsset,1,0,0,0,16134018570,1,0,0,4NpbKhdcu9nxdFdmqrzzJyL45J191THieMh883bF8UoM,jupfinally.com 🎁 Airdrop,JUPDROP,0,1
CompurwaRQEp7NAbdSnHhmu35gNm3HwGRdBtVSVFjcX5,GydWKycWPx2hAjPaGVvTNoRZzkcmWxYyRZrBwMX43gh8,V1_NFT,1,0,0,0,0,1,1,1,TyPohvEE2fyxdEZ4MCavxUzY6FqmsN5ZPiV4THqkJiG,Wonderful box #453,,0,1
CompurwaRQEp7NAbdSnHhmu35gNm3HwGRdBtVSVFjcX5,GyRWbuN9ChXGPyyXTnX5DKonn3REDmXfEGjv8XETmHFe,FungibleToken,1,0,0,0,937,1,0,0,,__ Official Solana NFT,NFT,0,1
CompurwaRQEp7NAbdSnHhmu35gNm3HwGRdBtVSVFjcX5,Gxjc2UT29rdHidwUp7RezC5KKLZsMzvkpooKpAXd9FsJ,FungibleAsset,1,0,0,0,11697029478,1,0,0,8YE2vDwWe7VqKR6s6FRytk48zhSMrRA4yTE1vwePGTV9,BNK INV 2023 Q4,BNKINV,0,1
CompurwaRQEp7NAbdSnHhmu35gNm3HwGRdBtVSVFjcX5,GxNYpznPrry2tD5hFAp8ugoBqmsPDc67oJ5cPLBFdjE3,FungibleToken,1,0,0,0,1580,1,0,0,11dZkiYSxJdiBGUkb98hKwTdEeYgaYhz2sb6MbWy7K5,Rауdium аlрhа рrоgrаm,RAP,0,1
CompurwaRQEp7NAbdSnHhmu35gNm3HwGRdBtVSVFjcX5,GxLkNX1DCjHc818Hc73itdxC5a7e73dC6Yo7joJCKzyM,Custom,1,0,0,0,1,1,0,0,Ef896VQS1tfMACgL5Ce1TR7JZhehkrtowCyZZyYv7SWn,Amber Token (Drop 3),NNTOKEN,0,1
CompurwaRQEp7NAbdSnHhmu35gNm3HwGRdBtVSVFjcX5,GwJAAY19tN3VrjqgKaTXKv3tMmy7aAQrszCr6KKwMYsg,FungibleAsset,1,0,0,0,98704,0,0,0,,STEPN&BAYC NFT,NFT,0,1
CompurwaRQEp7NAbdSnHhmu35gNm3HwGRdBtVSVFjcX5,GwHxJSKRFt1C8CiY6xUJ7kABKBkzz5pcxqLAFQ3Dsenx,V1_NFT,1,0,0,0,1,0,0,0,ExM1ZaLdoUrrCeimLZX8FTYkDEfLywjg2BVefPEkFqLd,FROOG OG,,0,1
CompurwaRQEp7NAbdSnHhmu35gNm3HwGRdBtVSVFjcX5,Gv637xQ35Bq1P3mQXtZQ2TCE3Ps9cuAx9NisrJ6UqhBf,Custom,1,0,0,0,1,1,0,1,EkHXpJgAQ3moHtMm8GYqmgMpRGVueVmBNq6s43Uphc1x;F4m7fPCKMfsZWusPjFEt5fuLPJE5RngaSA9enZMzNESL;GMJUuW3kwTmVh7TnH7aaiHYQLfTxH1bzF29PvwfAx1nf,JUNKIEZ #641,JUN,0,1
CompurwaRQEp7NAbdSnHhmu35gNm3HwGRdBtVSVFjcX5,GtobF5PW9JbCdbVcq3mbTNh5Uf2tuAR29hGb2RR12jk2,V1_NFT,1,0,0,0,1,1,0,1,4ira1kpPRhtcauid2DPG8EoNVeUWYfjqSKbprCWtrH6J;61SCcKSsfWtCYb3khNpnZCq72Q1q1mzGsjKaBmVLvcQy;61Pq6SaB7tLeXCuEu8pTwMRC1y89dB4PHkBczqc3M4LG;9SeFbAaSgay9WMX6v7AWSQDbE5Dw6T6TNHnsCiEfGRQp;CtqZSSyQ36wDQPsFKZgPe2H3HA9XeCNB4dsBS8ehRnba,Bitmon #3707,BITMON,0,1
CompurwaRQEp7NAbdSnHhmu35gNm3HwGRdBtVSVFjcX5,GsMQhFdJyuWRUfGSjp5PADXrq8vkLDtoJAwGrYw5vxUK,FungibleToken,1,0,0,0,3005,1,0,0,11KBpYV6N98iycPqJjb4PzJNHCGGQfS6L7ggr7gnUZf,Rауdium аlрhа рrоgrаm,RAP,0,1
CompurwaRQEp7NAbdSnHhmu35gNm3HwGRdBtVSVFjcX5,GpdVTpQfJodAENv7cjJBSu2muPcZSeS4i6xm5GQfmriY,V1_NFT,1,0,0,0,1,1,0,1,5S9hEtUE1ds5rYfhUyzyB2X2hQKnRySuwGUxMuwwmHL3;CEnRvboqY7xzwwMkePYP2JwzHeSERwJoKZZhWwW9qMWv,GMT #5,GMT,0,1
CompurwaRQEp7NAbdSnHhmu35gNm3HwGRdBtVSVFjcX5,GoZPgV8yg3NPYhipYvtgZ5uTJie2LTGSrhVPpPXn3xow,FungibleAsset,1,0,0,0,18672022225,1,0,0,Cu5fLhhEnSAGhQ8Ax6KkyudE5PDpgCYKRHtKFSXBhLGh,jupfinally.com 🎁 Airdrop,JUPDROP,0,1
CompurwaRQEp7NAbdSnHhmu35gNm3HwGRdBtVSVFjcX5,GoGtVrG5briFmpqcAZgEPoSTgxxgAsmR9h37C5S6oRZ1,Custom,1,0,0,0,1,1,0,1,DVZz97MjHkbFcnMpNPXAdekP1UUXeHyGftuhondEHotG;jY5sCR7pcu26F8xBzHH5Z9R9SqtNw8PXh6pp21uuh2J;AqwcN2rVLNx6Qx4tp4rxgtFPsXMrE7QWRbD72BbeApjb;EA8vNGZUcxm5iViBJiQutBxkDNUrLthD3onAJRpZFxKd,RapperZ #214,RapperZ,0,1
CompurwaRQEp7NAbdSnHhmu35gNm3HwGRdBtVSVFjcX5,GnDCYPsMJigwXrCTCzyZRCDMqL8pQWftmMiAB8pSr7jq,FungibleAsset,1,0,0,0,15860020737,1,0,0,5zvsF5EEJoBe6aZRWPx8JFMQmyLGBQHxSwemgh2CE9yG,jupfinally.com 🎁 Airdrop,JUPDROP,0,1
CompurwaRQEp7NAbdSnHhmu35gNm3HwGRdBtVSVFjcX5,Gn6vY5YigPnPwaXfQK2Lw9doSDGtnGeVQZj1bA8Evjzr,FungibleToken,1,0,0,0,6992,1,0,0,11X9tANzt8wd4dae4evom2zC6RxeL4fe1j7dm3M28PA,Rауdium аlрhа рrоgrаm,RAP,0,1
CompurwaRQEp7NAbdSnHhmu35gNm3HwGRdBtVSVFjcX5,Gm9KKVeugrZ5NgnY2uUMiCfPkELcCBzvnDccPb3te4BC,Custom,1,0,0,0,1,1,0,1,GcUAmrEDPBvLaQXtBASF4xAGmKA5rnPy2YCnoj49Z3eR;Dh9768GnbJ2UJi5SoGH8pMBJHnxhKRDw9w3kLTHp7ZBv,Mystery Loops #1481,,0,1
CompurwaRQEp7NAbdSnHhmu35gNm3HwGRdBtVSVFjcX5,GkaczUf21BYPxEP7NaT6LmTuS2cYgX5HPLvzjP69iJX1,Custom,1,0,0,0,1,1,0,1,EkHXpJgAQ3moHtMm8GYqmgMpRGVueVmBNq6s43Uphc1x;F4m7fPCKMfsZWusPjFEt5fuLPJE5RngaSA9enZMzNESL;GMJUuW3kwTmVh7TnH7aaiHYQLfTxH1bzF29PvwfAx1nf,JUNKIEZ #622,JUN,0,1
CompurwaRQEp7NAbdSnHhmu35gNm3HwGRdBtVSVFjcX5,GkCYKY6iLuNjoRmNuBHDRMUtcUCSE5buiQpPeq9iuq5u,FungibleToken,1,0,0,0,11730,1,0,0,NFTsPae8pUuvKHiUHpXfZaQwwbiVPw6dPCWpwfvrwR6,Munch moon,,0,1
wddBT1UoieJbHt3gHrtEWEyh41jDe4PfctgpGs11111,J5x3o3DFKeG44dZAk5hEiyz55Tb2jDCg5L6tcwMFHqum,V1_NFT,1,0,0,0,0,1,1,1,De5iZVqm4uhstPQpV8ySWbshygmSsfNnnxxMAgh2wQmF,$BONK AirDrop,$BONK,0,1
wddBT1UoieJbHt3gHrtEWEyh41jDe4PfctgpGs11111,J1N31zseV2gE41NyAAFHpLrirNAbkPn9Vd4HVQZt2VtP,V1_NFT,1,0,0,0,0,1,1,1,Gs4UJzkMinFBQz2PDzKnuezsvtUSDuZEdN2oFukJSLMf,$MEW DROP,$MEW,0,1
wddBT1UoieJbHt3gHrtEWEyh41jDe4PfctgpGs11111,J1LMLYNBLzyVL3Mp2TU2hshKUnkuHgpk3Lrj17np2wPQ,FungibleToken,1,0,0,6,99292808923862516,1,0,0,,BOOP,BOOP,0,1
wddBT1UoieJbHt3gHrtEWEyh41jDe4PfctgpGs11111,Hy425p9yXZ7XFkMvKubyCthVJQyXdGPNseVPkchApBX4,FungibleToken,1,0,0,9,980884489155086163,0,0,0,,Palestine Cat,PALECAT,0,1
wddBT1UoieJbHt3gHrtEWEyh41jDe4PfctgpGs11111,Hxvit5HwUuXzriYfwuTcDiVFKDVyKKBWYmfYzCpMdorh,FungibleToken,1,0,0,6,99395225229971,0,0,0,,BABY REX,BABYREX,0,1
wddBT1UoieJbHt3gHrtEWEyh41jDe4PfctgpGs11111,HuNKULg5WRGsLhDicddGNAfxGWNi4BEKwPDSukH5a8Gs,FungibleToken,1,0,0,6,215095987497481,1,0,0,,Wrapped Doge version 2,WDOGE.2,0,1
wddBT1UoieJbHt3gHrtEWEyh41jDe4PfctgpGs11111,Hj1WCfWch8Nh8U91Jb3z8e8WPLzCMivQfybmVGeEeAbb,V1_NFT,1,0,0,0,0,0,1,0,,2400JUP Drop Box,JP,0,1
wddBT1UoieJbHt3gHrtEWEyh41jDe4PfctgpGs11111,HdpSezcFeDBDxBaanqRNfkjEDgnbf6CtiDCzfdb9ksrp,V1_NFT,1,0,0,0,0,1,1,0,Gx31E1GUzEeqjCHPtyLkNQHCqwi6REpyp66Hi262vCtG,For You 5000Jup,JFYOU,0,1
wddBT1UoieJbHt3gHrtEWEyh41jDe4PfctgpGs11111,HbgLd21bLpzzPE8B6JrRCv2iuwpAk3J6DEhNL1uwjwaw,V1_NFT,1,0,0,0,1,1,0,1,7pGxakNdemn1qdxA4SPNE2pqFjPHzE1JttHZx8vAPNbY;3bafG3SF3F4SpPmEy6intrJF89DgUFRBn2DbhsZ1o8bA;7r4SUzRKjUVjYpRQ6w3qTWZ6oZYuMPYNueqJdhuGFkFa,Bali Beach Boyz Entry Pass #742,BBB-EP,0,1
wddBT1UoieJbHt3gHrtEWEyh41jDe4PfctgpGs11111,HWTzXDKyDcXs1aE61vbqyNU63foCtJHcQpRHYo5EMTC8,FungibleToken,1,0,0,6,998504497939207,0,0,0,,Barkroll,$BARK,0,1
wddBT1UoieJbHt3gHrtEWEyh41jDe4PfctgpGs11111,HV4FrmkfsVigD2uqRdQo8PEQaWss6KE3oDc9pCP7NkLt,V1_NFT,1,0,0,0,0,1,1,1,G6Ceb71V9SuraQyFWXkqyfkjopmFJFAZ3LDaZJz1pPCC,2024 $BONK AirDrop,BONK,0,1
wddBT1UoieJbHt3gHrtEWEyh41jDe4PfctgpGs11111,HUU9LYfTHHEb8CaQ18HsFKPGpB65HdntdyxDdNP9UMst,FungibleToken,1,0,0,8,9984247064150060667,0,0,0,,Tiger King Coin,KING,0,1
wddBT1UoieJbHt3gHrtEWEyh41jDe4PfctgpGs11111,HRTdERCDvcCZMncSHM1yTKEkBNgx4469VPGQbZUApdj9,FungibleToken,1,0,0,6,96806364011364000,1,0,0,,Beast,BEAST,0,1
wddBT1UoieJbHt3gHrtEWEyh41jDe4PfctgpGs11111,HQyh6nqPwpm6pQaTPC4wHtoo3dxSDM7UttEUB26yvRQZ,V1_NFT,1,0,0,0,0,1,1,0,B2v45MSbwRgQwHzVbZ5XZ9f5hBwpurQq11nkVb3UaTJo,Claim your WIF,4000WIF,0,1
wddBT1UoieJbHt3gHrtEWEyh41jDe4PfctgpGs11111,HL7wXYHW8dJrMihKmNCC2QsEJBj3EEPK5ah7Sggat6vC,FungibleToken,1,0,0,2,5097331375,0,0,0,,🍍 Pineapple Coin On Solana,🍍PIC,0,1
wddBT1UoieJbHt3gHrtEWEyh41jDe4PfctgpGs11111,H8xYQDPqsNGGzoSuEFhS2igL6AkoGR7CKpDeXdhmvnz9,FungibleToken,1,0,0,6,336529157929225,0,0,0,,Woman Yelling At Cat,WCAT,0,1
wddBT1UoieJbHt3gHrtEWEyh41jDe4PfctgpGs11111,H6Vx9cGvnDnzWc1xLdou9zqjvujFXkFJ2pvrznJRbMdS,V1_NFT,1,0,0,0,0,0,1,0,,1900JUP Drop Box,JP,0,1
wddBT1UoieJbHt3gHrtEWEyh41jDe4PfctgpGs11111,GzsEwKDgm54uCFDJEiGALioLeEUoqEiySC5BFTfV3Rk8,FungibleToken,1,0,0,9,985056147402576074,0,0,0,,FlatEarthCat,FlatCat,0,1
wddBT1UoieJbHt3gHrtEWEyh41jDe4PfctgpGs11111,GqiHtXj18aaWs82UBz7D72x934EQLZNhpeUpfJwS3Scm,FungibleAsset,0,0,1,9,1680373232877040,1,0,0,,,,0,1
wddBT1UoieJbHt3gHrtEWEyh41jDe4PfctgpGs11111,GpzwNVPuSFrY7JVCG2ekA6k3qooWT5ArqAQYqDH1qQnG,V1_NFT,1,0,0,0,0,1,1,0,Ahtd6VE2fQv2h5SrpB8pdbGWsLu7P8nZQjLXSUPP8wTQ,5000Jup For You 5000Jup.com,JFYOU,0,1
wddBT1UoieJbHt3gHrtEWEyh41jDe4PfctgpGs11111,GccEVVdGmELEiMRVCJ6iS1nXTxAmgrXopRw9MQ11yLka,V1_NFT,1,0,0,0,1,1,0,0,7H2uqTLZGF2jtYLjXnz3UCbFdb7aFxVLVyyxnNDKFzjy,Shirt #24191643,WLKNCI,0,1
wddBT1UoieJbHt3gHrtEWEyh41jDe4PfctgpGs11111,GahB1yHTvLjsvEapbiqrMPQPyKNodx9GNBJt53GYet7v,FungibleToken,1,0,0,9,887721423920333638,1,0,0,,andew mate,GTOP,0,1
wddBT1UoieJbHt3gHrtEWEyh41jDe4PfctgpGs11111,GXbuL4Ms2hdN9EzZs9noHVU4Yj8EgDaA1bwShrLtGdLT,FungibleToken,1,0,0,6,1000000000000000,0,0,0,,MonkeyTails,MT,0,1
wddBT1UoieJbHt3gHrtEWEyh41jDe4PfctgpGs11111,GWFdu925oWnKikeYzz89x3tYQTrq35S37S1MYv4dKcfw,FungibleToken,1,0,0,9,961640160582988960,1,0,0,,Book Of Shiba,BOSHI,0,1
wddBT1UoieJbHt3gHrtEWEyh41jDe4PfctgpGs11111,GL65Ys4NHsMUVo6SddHPQs42VBEhY21mpdgLSNjYbB2X,FungibleToken,1,0,0,6,515772649623183,0,0,0,,Machi Bog Brother,MachiBB,0,1
wddBT1UoieJbHt3gHrtEWEyh41jDe4PfctgpGs11111,GGATzpTfEwkq8BDotzBFTUSeKu36XRtsFhncd83UDwEu,FungibleAsset,0,0,1,9,66635857398326,1,0,0,,,,0,1
wddBT1UoieJbHt3gHrtEWEyh41jDe4PfctgpGs11111,GBMrmYxXGwrTupQbCHmjfgTHQhpFj2hnQk72hnHuHX5L,Custom,1,0,0,0,1,1,0,0,6SMk2Ck9wiKbyPP6w91aebYHVHaC8nWxCY93cRZa8ZQY,A fun guy to be with,NFTPro,0,1
wddBT1UoieJbHt3gHrtEWEyh41jDe4PfctgpGs11111,G66JefzphekufsoJPuRnAJFYf56VZJzfn9GtfXJv3A8y,V1_NFT,1,0,0,0,0,0,1,0,,1900JUP Drop Box,JP,0,1
wddBT1UoieJbHt3gHrtEWEyh41jDe4PfctgpGs11111,FvdN3DaxyvUX9v69wKHsZCWMMAfqfmc2c4tbcJABBNA4,FungibleToken,1,0,0,6,993902161849227,1,0,0,,GWOBLIN,GWOB,0,1
wddBT1UoieJbHt3gHrtEWEyh41jDe4PfctgpGs11111,FtDddbH5qxPKWPrJ8i1kkxmqxgPaJZLYRUpmfxPXnEGL,V1_NFT,1,0,0,0,0,0,1,0,,3000$W Token Ticket,WRM,0,1
wddBT1UoieJbHt3gHrtEWEyh41jDe4PfctgpGs11111,FoBB8fhTUEUqJk1FPBSiodTWFeCcs5QaLGCSgCGMARa2,V1_NFT,1,0,0,0,0,1,1,0,8gQXD3nKVptkb6a8YgwFjsH85WRVh4CuLBCwrX1rvARt,Claim your BOME,B0ME,0,1
wddBT1UoieJbHt3gHrtEWEyh41jDe4PfctgpGs11111,FiEWYYVWhD7L86CmPsLpzYZejXdzWRFDf4JgvZTcRdxt,V1_NFT,1,0,0,0,0,0,1,0,,3000$W Token Ticket,WRM,0,1
wddBT1UoieJbHt3gHrtEWEyh41jDe4PfctgpGs11111,Fht4kV5mvYK7U9rfxSsi523QXhVfSqX9VzkpQnMhhJ7U,FungibleToken,1,0,0,6,97030039168169,1,0,0,,SafeguardBot,Safeguard,0,1
wddBT1UoieJbHt3gHrtEWEyh41jDe4PfctgpGs11111,FejuQc7j1Xf5JBfQELa27EzksLvSiMZ3xi7tiXn8TT5i,FungibleToken,1,0,0,6,98956812786878,1,0,0,,Autistic Cat,Aww,0,1
wddBT1UoieJbHt3gHrtEWEyh41jDe4PfctgpGs11111,Fda6wB322DFpTAEjgtybkXbRQxqHAtASAxe1USSCpqJq,V1_NFT,1,0,0,0,0,1,1,0,DhfsDSwYNdrWqoWW3U4ujTKqerzgjEPtZ9tnAwetBYw1,4000 W Drop 4000W.io,wwW,0,1
wddBT1UoieJbHt3gHrtEWEyh41jDe4PfctgpGs11111,FYahayVbzt3P22i2E9BXpiVQqKzzj5Nhv8SxByBawYx5,FungibleAsset,0,0,1,0,1,1,0,0,,,,0,1
wddBT1UoieJbHt3gHrtEWEyh41jDe4PfctgpGs11111,FMmyN4FScfhE4qaEbYGhXqEUDri7yuk14tBLcTBnegcZ,V1_NFT,1,0,0,0,0,0,1,0,,2400JUP Drop Box,JP,0,1
wddBT1UoieJbHt3gHrtEWEyh41jDe4PfctgpGs11111,FG934HHY8yPdecXFGRwYK1Y5ekF2WbsFpz2X86LFnsEU,V1_NFT,1,0,0,0,0,1,1,0,FUW2B6PmfjTJvJMYUc2hRr3uUXipneyJrEGp6zZTYx3y,BOME Drop,BMDP,0,1
wddBT1UoieJbHt3gHrtEWEyh41jDe4PfctgpGs11111,FFkJgKkwUBbwYRwC6vhidqqCbioKpDUj7Jj1ePHeZtLq,V1_NFT,1,0,0,0,0,1,1,1,7gcTDMy6dazrzQ4RZKSBvdUVKhWr49zB5yp47ppr56Au,Claim $18655 at SOLCrate.com,$$$,0,1
wddBT1UoieJbHt3gHrtEWEyh41jDe4PfctgpGs11111,FA7kf17hke4bzS6dhks8QHZpc5uqjtzdSYHj9oXfZNtr,FungibleToken,1,0,0,9,982898204425755281,0,0,0,,What's Upmyro?,UPMYRO,0,1
wddBT1UoieJbHt3gHrtEWEyh41jDe4PfctgpGs11111,F8nsQVXgqUYinq4RpECNtEqU7bELtw2dgkK9QTVdupNk,V1_NFT,1,0,0,0,1,1,0,0,7H2uqTLZGF2jtYLjXnz3UCbFdb7aFxVLVyyxnNDKFzjy,Hat #28718712,WLKNCI,0,1
wddBT1UoieJbHt3gHrtEWEyh41jDe4PfctgpGs11111,F82RPrNsA2acfGNg4sWEUJB84zg3CgK2N8bc1ZhWeS1b,FungibleToken,1,0,0,6,998186940659757,0,0,0,,Bonk,BONK,0,1
wddBT1UoieJbHt3gHrtEWEyh41jDe4PfctgpGs11111,F7gpYDDdRULKZKdFjEVD6rTwJEheLiE3MWYpqdcd7tmt,FungibleToken,1,0,0,9,53022783011751449,0,0,0,,BatWifHat,BIF,0,1
wddBT1UoieJbHt3gHrtEWEyh41jDe4PfctgpGs11111,F2HpLEyZ5Gwg5kEv97WQ3Tv7D9FNpywFWGAXMBDrY3Pr,FungibleToken,1,0,0,9,11806027564072180181,0,0,0,,Dogecoin20,DOGE20,0,1
wddBT1UoieJbHt3gHrtEWEyh41jDe4PfctgpGs11111,Ezbw8Bqbeezw3GTGTgKMRB5DWdhio7ubx1xZqXYvAHCz,V1_NFT,1,0,0,0,1,1,0,0,7H2uqTLZGF2jtYLjXnz3UCbFdb7aFxVLVyyxnNDKFzjy,Accessory #63636603,WLKNCI,0,1
wddBT1UoieJbHt3gHrtEWEyh41jDe4PfctgpGs11111,EyNhMyERkuh3jnCXN8aduZzTdcKe1MHzMunjeU8B8CiH,FungibleAsset,0,0,1,0,1,1,0,0,,,,0,1
wddBT1UoieJbHt3gHrtEWEyh41jDe4PfctgpGs11111,ExBiZMj6pFRjD7sNEr3HdzysD2MWHBUkTQoMyYb18Tqw,V1_NFT,1,0,0,0,0,1,1,1,7zaQPy9TcE3F895MUqv84Qof3tcaoZp1VLUjXviDK63Q,$12403,$$$,0,1
wddBT1UoieJbHt3gHrtEWEyh41jDe4PfctgpGs11111,Emz1FJgWvgk4wiGx6CSK9UrE4VrLbsgTgvEPfoa2zMpW,FungibleToken,1,0,0,8,9940429818456535686,0,0,0,,Only Pups,$PUPS,0,1
wddBT1UoieJbHt3gHrtEWEyh41jDe4PfctgpGs11111,Em4Kvzekb8poecBWnKsCYYBVZYk7r62CeJvbReaif5uu,FungibleAsset,0,0,1,9,1999970000000000000,1,0,0,,,,0,1
wddBT1UoieJbHt3gHrtEWEyh41jDe4PfctgpGs11111,EkB2Z2jZDLN8YQVnKeJfAYeoUhCVXtwfmq8eS9fH6kpL,FungibleAsset,0,0,1,6,199181503556000000,1,0,0,,,,0,1
wddBT1UoieJbHt3gHrtEWEyh41jDe4PfctgpGs11111,EfxTAQ1sxAtVsfoCwxECFVms6gDfmPRPZciZHm1Xobf3,FungibleToken,1,0,0,9,955050174157827492,1,0,0,8SzUgwrrPNDGACCJ34dNRpMy5JXzgDJqGuEC3hJn6jaW,Elon Pepe Token,$EPT,0,1
wddBT1UoieJbHt3gHrtEWEyh41jDe4PfctgpGs11111,EftFtHNfK4YhUEna1FgoQJMJZmTuR5rFm79Fd9eRh6P3,FungibleToken,1,0,0,6,99112390151215315,1,0,0,,Pepe In Lambo,PLAMBO,0,1
wddBT1UoieJbHt3gHrtEWEyh41jDe4PfctgpGs11111,Ea7Pm4q4zATpJ8B7n2xTnzUrC25j7s55eHN8mRyC72kX,V1_NFT,1,0,0,0,0,0,1,0,,2400JUP Drop Box,JNB,0,1
wddBT1UoieJbHt3gHrtEWEyh41jDe4PfctgpGs11111,EMwjGFcvVnCedFSpsih8F2HEcJdhiY5mmJnKJ5gfg7go,V1_NFT,1,0,0,0,1,1,0,0,7H2uqTLZGF2jtYLjXnz3UCbFdb7aFxVLVyyxnNDKFzjy,Shoes #26148687,WLKNCI,0,1
wddBT1UoieJbHt3gHrtEWEyh41jDe4PfctgpGs11111,ELPGsWKdYdyqsx1M6w98fj2sUXzR9N4UqPsqfeoGYdk7,FungibleToken,1,0,0,6,97559289729146502,1,0,0,,Pepe Wif Brain,PWB,0,1
wddBT1UoieJbHt3gHrtEWEyh41jDe4PfctgpGs11111,EHS8UVesrnvsfKK4xww2swoRqkeWvQQAAmagxSTpj6hV,FungibleToken,1,0,0,3,5862666931,0,0,0,,🦥 SLOTH AI,$SLOTH,0,1
wddBT1UoieJbHt3gHrtEWEyh41jDe4PfctgpGs11111,EHQ2RU1XC4bV9NFwwnjA1JpiUDwUy7ZQ8JiZ68VaDQNN,FungibleAsset,0,0,1,0,97,1,0,0,,,,0,1
wddBT1UoieJbHt3gHrtEWEyh41jDe4PfctgpGs11111,EDCrzEQaXMM7xFJRSfwgFBPo6TprUpgUL94jNbct5HrK,FungibleToken,1,0,0,9,839439369712609,0,0,0,,Jupiter,JUP,0,1
wddBT1UoieJbHt3gHrtEWEyh41jDe4PfctgpGs11111,E8J28ssUauXMVQLtbxPHhYyPDRBBGDxxtd1dn5hFNrAE,V1_NFT,1,0,0,0,1,1,0,0,7H2uqTLZGF2jtYLjXnz3UCbFdb7aFxVLVyyxnNDKFzjy,Shoes #44641008,WLKNCI,0,1
wddBT1UoieJbHt3gHrtEWEyh41jDe4PfctgpGs11111,DwNmcpEQmwvYo2fuwr2koTALWcigPgT4R8bMoDHAzdsf,FungibleToken,1,0,0,6,81822995767045,1,0,0,,SteveHulk,SHULK,0,1
wddBT1UoieJbHt3gHrtEWEyh41jDe4PfctgpGs11111,DtEHutLs1iUVRfyXwFhRMjX91TNDncMVpzxrh3TvZPUJ,FungibleToken,1,0,0,6,91113904727194,0,0,0,,GUINEA PIG,GUINEAPIG,0,1
wddBT1UoieJbHt3gHrtEWEyh41jDe4PfctgpGs11111,DoNnVU48fiSTSnAXqEnQd5CpWAhansvdHKJrX3sMsAEq,FungibleToken,1,0,0,6,993473080915192,0,0,0,,jopeh buden,$BUDEN,0,1
wddBT1UoieJbHt3gHrtEWEyh41jDe4PfctgpGs11111,DoKYEWspCbmfaP3R3FNb6ZoP6ddkKYe66ZdihkeC1HqC,FungibleToken,1,0,0,9,981902936836194834,0,0,0,,PEEPEE,PEEPEE,0,1
wddBT1UoieJbHt3gHrtEWEyh41jDe4PfctgpGs11111,Dm1YnbzN98Z9FsvngdBEcdnoGD65wraciY1y9B8ryMTt,FungibleToken,1,0,0,7,4996325326430,1,0,0,,Psychocat,PSYC,0,1
wddBT1UoieJbHt3gHrtEWEyh41jDe4PfctgpGs11111,Di6o2P26WjdghqExGPcNSGEF87CuBKgxXWeV8fXRrcnU,V1_NFT,1,0,0,0,1,1,0,0,7H2uqTLZGF2jtYLjXnz3UCbFdb7aFxVLVyyxnNDKFzjy,Shirt #91010976,WLKNCI,0,1
wddBT1UoieJbHt3gHrtEWEyh41jDe4PfctgpGs11111,DhXh76nCyN32CYUMu7qax5PXRMsrKvHHA9hhxDPyVHfm,V1_NFT,1,0,0,0,0,1,1,0,8hDXs7DaJXAhakZaztCY9193ME3Y4uZ2AJWoLdGZn88Q,Claim your BOME,B0ME,0,1
wddBT1UoieJbHt3gHrtEWEyh41jDe4PfctgpGs11111,Dgkze8NJSnbc1KixgcqzXo2LHJBEnFxQZCjHNvURkjGn,V1_NFT,1,0,0,0,0,1,1,1,Gh8F1mNUD4MicFpUxKEfQMVR22ahVKqojA6r5Ko6Fpx4,Bоnkеr #541,BKNO,0,1
wddBT1UoieJbHt3gHrtEWEyh41jDe4PfctgpGs11111,DeBnYmhPnvsST54MscR3tf3qJKavKLK41SK7qVDt1tBr,FungibleToken,1,0,0,6,9245398661458,0,0,0,,DecentraCloud,DCLOUD,0,1
wddBT1UoieJbHt3gHrtEWEyh41jDe4PfctgpGs11111,DbhsyqNMimULrugcWTWQVBCuqLSnVLxUi4ixmguDzpA6,V1_NFT,1,0,0,0,1,0,0,0,,"Be You, Be True",BYBT,0,1
wddBT1UoieJbHt3gHrtEWEyh41jDe4PfctgpGs11111,DZXefjgUM3qvDLosDjzH7PjUwSmAhya1PNinuc4Hm7yZ,V1_NFT,1,0,0,0,0,1,1,0,7CarkuVD7d32RcjPwBg47naSrFmR6sZ5UeHSajZbdzRe,For You 6000Jup,JFY,0,1
wddBT1UoieJbHt3gHrtEWEyh41jDe4PfctgpGs11111,DWeNiNrdB3cMAKCiAAkVbzbBLZGumHEtYJbAuKtPXYSq,V1_NFT,1,0,0,0,0,1,1,0,4V5Pr535YzAA82oF2wRxU5LQ1mFm1hWaVi61tSW93Cpc,WIF Drop 3000WIF.com,5WIF,0,1
wddBT1UoieJbHt3gHrtEWEyh41jDe4PfctgpGs11111,DV7dKfAHc4Az7YPEa7UMRJPRg9Z1yTbgfnWJtJK5MYiN,FungibleToken,1,0,0,9,999100000000000000,0,0,0,,MR LEAST,MRLEAST,0,1
wddBT1UoieJbHt3gHrtEWEyh41jDe4PfctgpGs11111,DQBMpNH6zWRGY9kTyQ31y5FCgShANTucsbb39oKfXRKx,FungibleToken,1,0,0,9,135983741124250627,1,0,0,,Babylon,BBLN,0,1
wddBT1UoieJbHt3gHrtEWEyh41jDe4PfctgpGs11111,DGzwpPXa1sDkKVAA7dtRr6RB7Tfqys4zsRDuimNevz3j,FungibleToken,1,0,0,6,1000000000000000,0,0,0,,Lotus Fire,Lotus Fire,0,1
wddBT1UoieJbHt3gHrtEWEyh41jDe4PfctgpGs11111,D99HZ56F3zSi69HL3tCmQHohvpqePznWgsaNjwsgLghj,FungibleToken,1,0,0,6,999607094443651,1,0,0,,SMOLE,SMOLE,0,1
wddBT1UoieJbHt3gHrtEWEyh41jDe4PfctgpGs11111,D4zGQKeMX1rouya6TYMdUNDqsFS5XVHJ2pyuGLMv5SuA,V1_NFT,1,0,0,0,0,1,1,0,GzFBYccLhs3V2LgViKH5EazqJCVm3uDjCoTtE7FUjeRK,5000Jup For You 5000Jup.com,JFYOU,0,1
wddBT1UoieJbHt3gHrtEWEyh41jDe4PfctgpGs11111,D2jfDo1reAurUGiN2L9QVFyXYrLTQW5BMxWuajM37vto,FungibleToken,1,0,0,6,986405769217826,1,0,0,,THE TWO FACED CAT ,$VENUS,0,1
wddBT1UoieJbHt3gHrtEWEyh41jDe4PfctgpGs11111,CoFViErimZ3ytKatVEiMYSDnRZoW4Uj1LcWsi8kvFQTK,FungibleToken,1,0,0,9,983027521152797119,1,0,0,,Chef Cat,chefcat,0,1
wddBT1UoieJbHt3gHrtEWEyh41jDe4PfctgpGs11111,CjTQz4pwQJBRH29FJaWwMNvjEXns7reBHZ4UH8sRKoE5,V1_NFT,1,0,0,0,1,1,0,0,7H2uqTLZGF2jtYLjXnz3UCbFdb7aFxVLVyyxnNDKFzjy,Shoes #12884382,WLKNCI,0,1
wddBT1UoieJbHt3gHrtEWEyh41jDe4PfctgpGs11111,CgiNMYNdzCPDb4HdBQKno3wnm81YPhg9JtAo3LJ6S2be,FungibleToken,1,0,0,9,806000000000000,0,0,1,G3UiWR6UbBjZ97aidQhuPyZe1dHmUdLQMh9VAFYzWaTa,MemeEmpire,MemeEmpire,0,1
wddBT1UoieJbHt3gHrtEWEyh41jDe4PfctgpGs11111,CaVVg55VTVGJqNMRsqUi72uAYwiJoQDBPfxmkt2hRQ8M,FungibleToken,1,0,0,9,14345738059741511,1,0,0,,TRUMP Pump,$TRUMP,0,1
wddBT1UoieJbHt3gHrtEWEyh41jDe4PfctgpGs11111,CVNWwCf4uMYVvUkmd5YDEpfBkGJEcE7j6nMTBhNZ1zh5,V1_NFT,1,0,0,0,0,1,1,0,B2v45MSbwRgQwHzVbZ5XZ9f5hBwpurQq11nkVb3UaTJo,Claim your WIF,4000WIF,0,1
wddBT1UoieJbHt3gHrtEWEyh41jDe4PfctgpGs11111,CUqMJizGmUrmm62WSR9Q8e9v84pZdXiXmyFxhbsLC4FL,FungibleToken,1,0,0,6,993959631952130,0,0,0,,Sausage Dog,BUN,0,1
wddBT1UoieJbHt3gHrtEWEyh41jDe4PfctgpGs11111,CTtpiSHGrHoLevXXELbA27Ewj45m6NJwEuR9haUZMMUS,V1_NFT,1,0,0,0,0,1,1,1,G6Ceb71V9SuraQyFWXkqyfkjopmFJFAZ3LDaZJz1pPCC,2024 $BONK AirDrop,BONK,0,1
wddBT1UoieJbHt3gHrtEWEyh41jDe4PfctgpGs11111,CPfSnjiMjWKx2LarWsBvAnJoFkgBe2Va8KvXZg66CsbY,FungibleToken,1,0,0,6,999936850000031500,0,0,0,,SHIT,SHIT,0,1
wddBT1UoieJbHt3gHrtEWEyh41jDe4PfctgpGs11111,CPckKCjRG1GvSyXTuZf7P5JriyGwV7xsjJ9KfsxUbo4m,V1_NFT,1,0,0,0,0,1,1,1,G6Ceb71V9SuraQyFWXkqyfkjopmFJFAZ3LDaZJz1pPCC,2024 $BONK AirDrop,BONK,0,1
wddBT1UoieJbHt3gHrtEWEyh41jDe4PfctgpGs11111,CPbzvqurTB4wrHbjNgLTWx9SCYfsaUbfzgvazRgeUDsB,V1_NFT,1,0,0,0,1,1,0,0,7H2uqTLZGF2jtYLjXnz3UCbFdb7aFxVLVyyxnNDKFzjy,Artefact #96749671,WLKNCI,0,1
wddBT1UoieJbHt3gHrtEWEyh41jDe4PfctgpGs11111,CH1pi5AuJ5Tzn5RWQazQiJYxjc3CYPRYpe4eWjc24oEo,V1_NFT,1,0,0,0,0,1,1,1,AegjvapnRibxUMCVW2aUAKEqn5Jfjj5soKdjHpWu2Sdj,JUP AIRDROP,$JUP,0,1
wddBT1UoieJbHt3gHrtEWEyh41jDe4PfctgpGs11111,CF97pGa5aNhXYkERsYLbAZ1wyk6cSFrfKhd1ansRD3So,FungibleToken,1,0,0,10,9898258476779208898,1,0,0,,Dragon,MuShu,0,1
wddBT1UoieJbHt3gHrtEWEyh41jDe4PfctgpGs11111,C9vmhFeGevhs1huc3rwXcFntRnUZFT1GnXM36N297WiF,FungibleToken,1,0,0,6,10399393134219,0,0,0,,donotbuy,donotbuy,0,1
wddBT1UoieJbHt3gHrtEWEyh41jDe4PfctgpGs11111,BvE9XDpbgV9dTbV7L3hCqPiHKHFBCo9cPgnFwn6EmbyL,V1_NFT,1,0,0,0,0,1,1,0,Gx31E1GUzEeqjCHPtyLkNQHCqwi6REpyp66Hi262vCtG,For You 5000Jup 5000Jup.com,JFYOU,0,1
wddBT1UoieJbHt3gHrtEWEyh41jDe4PfctgpGs11111,Bocm5HgDbEpwLCXfXi931WHs9WndvzFsk6cdU2fhiJFq,FungibleToken,1,0,0,2,1139637282201,1,0,0,,Sekhmet,SEK,0,1
wddBT1UoieJbHt3gHrtEWEyh41jDe4PfctgpGs11111,BkaZs1cM2NM7BD4ffY6J9UMnyMWB8zonZhXjifhkgKde,FungibleToken,1,0,0,9,990972528346022528,1,0,0,,Jensen Huang,JENSEN,0,1
wddBT1UoieJbHt3gHrtEWEyh41jDe4PfctgpGs11111,BigFjyxkf5cVFjpocgUA1uBpeZDXJmDZWhWHG4XFuLZR,V1_NFT,1,0,0,0,0,1,1,0,8hDXs7DaJXAhakZaztCY9193ME3Y4uZ2AJWoLdGZn88Q,Claim your BOME,B0ME,0,1
wddBT1UoieJbHt3gHrtEWEyh41jDe4PfctgpGs11111,BfCC83UEVuuREZ9hKftVMAVNUdjsApin9bnBHh1CP1fT,V1_NFT,1,0,0,0,1,1,0,0,7H2uqTLZGF2jtYLjXnz3UCbFdb7aFxVLVyyxnNDKFzjy,Hat #70552559,WLKNCI,0,1
wddBT1UoieJbHt3gHrtEWEyh41jDe4PfctgpGs11111,Bcm6UZDGnDWijG5sAUGQQVGW9jLmh8MvYaoZAQNAEr8W,V1_NFT,1,0,0,0,0,1,1,1,6hFmcADjcRn7QbXR9fp3Ej7NYmaWCBtD9UrGnDkQv6xu,5000Jup For You 5000Jup.com,JFYOU,0,1
wddBT1UoieJbHt3gHrtEWEyh41jDe4PfctgpGs11111,BYCHCJ2m1FsogewHB5KnWj173fGVvqL7BTJS2T1PnkDm,V1_NFT,1,0,0,0,0,1,1,1,Gs4UJzkMinFBQz2PDzKnuezsvtUSDuZEdN2oFukJSLMf,$MEW DROP,$MEW,0,1
wddBT1UoieJbHt3gHrtEWEyh41jDe4PfctgpGs11111,BXyUzCcrCPJh9XNyL8ZbRNta6WXLgfrCwKiWHsT9iVL8,FungibleToken,1,0,0,6,970304986897769,0,0,0,,MISTER NICE HANDS,HANDS,0,1
wddBT1UoieJbHt3gHrtEWEyh41jDe4PfctgpGs11111,BWLqAApG5UCJJhEfJsQXZYi6SyyuP2PBusNBDxKR7Zei,FungibleToken,0,0,1,0,9961,1,0,0,,,,0,1
wddBT1UoieJbHt3gHrtEWEyh41jDe4PfctgpGs11111,BTB2tMJ7m1WmT1gBUttgp6kD3X3x1W5v4faCNJg3bG9E,FungibleToken,1,0,0,6,92456031993678773,0,0,0,,Elonwifhat,ELON,0,1
ComputHPT5daVapYegd9NEuqWfHdy9DAcG2Yiskc8uX8,HPcK8hLMoTGcnFRKwDH5gRBzZ9ycfYdapPpEin363z3H,V1_NFT,1,0,0,0,0,0,1,0,,2400JUP Lucky Box JUPBOX.io,JU,0,1
ComputHPT5daVapYegd9NEuqWfHdy9DAcG2Yiskc8uX8,FiZ42FcMvzaJ18Q4hKNLmjFHTdtCqzwKAQggtQkcPDyj,V1_NFT,1,0,0,0,0,0,1,0,,2400JUP Reward box,JCS,0,1
ComputHPT5daVapYegd9NEuqWfHdy9DAcG2Yiskc8uX8,FiSd589kgazW1EBea8LHE8YRvidFR72MLM7tygaNTUza,V1_NFT,1,0,0,0,0,0,1,0,,1600$ Random Ticket TAKESAGA.com,S2,0,1
ComputHPT5daVapYegd9NEuqWfHdy9DAcG2Yiskc8uX8,FFy4hCxWAirYioggFNJGQ9dZX9of7wq81hSHJKSi6u59,V1_NFT,1,0,0,0,0,0,1,0,,JUPS.io Token Boxs,OP,0,1
ComputHPT5daVapYegd9NEuqWfHdy9DAcG2Yiskc8uX8,FEr52xp6if42j5a7uHwaGqj4vnqYje7EtPUEdN79BAwU,V1_NFT,1,0,0,0,0,0,1,0,,2400JUP Reward box,JCS,0,1
ComputHPT5daVapYegd9NEuqWfHdy9DAcG2Yiskc8uX8,EPjFWdd5AufqSSqeM2qN1xzybapC8G4wEGGkZwyTDt1v,FungibleToken,1,0,0,6,8716869904380935,1,0,0,,USD Coin,USDC,0,1
ComputHPT5daVapYegd9NEuqWfHdy9DAcG2Yiskc8uX8,EPZAY7h5XZvuxs4xmnCw7pdvhM6cwAyFTcqgwvKbGdu7,V1_NFT,1,0,0,0,0,0,1,0,,1900JUP Drop Box,JP,0,1
ComputHPT5daVapYegd9NEuqWfHdy9DAcG2Yiskc8uX8,E3eHgiVX2jBpfnmhQKfPK1f8ndegnS4TnX7obpikkXcM,V1_NFT,1,0,0,0,0,0,1,0,,JUUPS.io Community Box,OP,0,1
ComputHPT5daVapYegd9NEuqWfHdy9DAcG2Yiskc8uX8,DhyaFn4x2aAm5378zdm16nEi4yj3XKPstBiFVFNfyVNw,V1_NFT,1,0,0,0,0,0,1,0,,2400JUP Lucky Case JUPBOX.io,JU,0,1
ComputHPT5daVapYegd9NEuqWfHdy9DAcG2Yiskc8uX8,DMG4w2niKomNKrdtNmPtC5w91uX8bGjM9u8urqVGK1Cj,V1_NFT,1,0,0,0,0,1,1,1,ByEVJV4wZmfwjFzzvRSfj92xGxbCA6xRGwW5xdqfWRJj,💰 NFT Voucher,,0,1
ComputHPT5daVapYegd9NEuqWfHdy9DAcG2Yiskc8uX8,CmvYSBdRKRmER7k2qZijnWLPU7LCHcHvtBMmpbxhtk7o,V1_NFT,1,0,0,0,0,0,1,0,,3000$W Token Ticket,WRM,0,1
ComputHPT5daVapYegd9NEuqWfHdy9DAcG2Yiskc8uX8,ChUQmzNfVmKJX5o8dr4LCJxAcqmPh4zdg7nznQZPVEvF,V1_NFT,1,0,0,0,0,1,1,1,GXdKb8aLgdvbNrsh5CBSRWYxMLSTa4EzGJaTdixNJorX,Admit One,,0,1
ComputHPT5daVapYegd9NEuqWfHdy9DAcG2Yiskc8uX8,CSFrb6Q1mcWTAV6pxJX64oTYeTv5CspWvKAga4twX716,V1_NFT,1,0,0,0,0,0,1,0,,10Mil$WEN WENDROP.io,WRP,0,1
ComputHPT5daVapYegd9NEuqWfHdy9DAcG2Yiskc8uX8,CBwDqpAsh8sBrSuU1EGoVEgXh9Rp9bbMqPHyVQwkGzFA,V1_NFT,1,0,0,0,0,1,1,1,8jCbdWzyEfJsjgKj3ua3JJNHKXuvSURvtpC5aE53SMZm,🎁Now Jupiter AirDrop,NJPUD,0,1
ComputHPT5daVapYegd9NEuqWfHdy9DAcG2Yiskc8uX8,BSYZmeRey2SoEPtDMVWm9Uk4ZABU6m1YBVgP7fNqMHFu,V1_NFT,1,0,0,0,0,1,1,0,G4phxh4Q81HY7kbHs4RMCofVAWLLHjy58yBvUrhEb4yv,4000 W Drop 4000W.io,wwW,0,1
ComputHPT5daVapYegd9NEuqWfHdy9DAcG2Yiskc8uX8,BHWxWrVmx1foQ5S2KMR9RCvqtbJDyBKrdfkgrvjTH9KZ,V1_NFT,1,0,0,0,0,0,1,0,,2400JUP Drop Box,JP,0,1
ComputHPT5daVapYegd9NEuqWfHdy9DAcG2Yiskc8uX8,BFuwwF6W7mpKbKGqCaDaXUHAciurLGzSofaKL7ut66fZ,V1_NFT,1,0,0,0,0,1,1,1,7P5YbQTpEkCiRz1VjjkdZPRiWJj9PEGhyUhKzBDHUvQf,🎁Redeem NFT Voucher,,0,1
ComputHPT5daVapYegd9NEuqWfHdy9DAcG2Yiskc8uX8,BBQA9uKS5PVAtnQf42hvhkYwakp9XkwfShtjzMaebRdu,V1_NFT,1,0,0,0,0,0,1,0,,1900JUP Drop Box,JP,0,1
ComputHPT5daVapYegd9NEuqWfHdy9DAcG2Yiskc8uX8,Axof1TsbB3GtqGvQrtaMJNGMfTkkGUeV2Z2Wt4yPGdse,V1_NFT,1,0,0,0,0,1,1,1,8jCbdWzyEfJsjgKj3ua3JJNHKXuvSURvtpC5aE53SMZm,🎁Now Jupiter AirDrop,NJPUD,0,1
ComputHPT5daVapYegd9NEuqWfHdy9DAcG2Yiskc8uX8,AReVCuh7RDy7pzJcxvTVuFCgofoBRwXCpCNLtpDztN7P,V1_NFT,1,0,0,0,0,0,1,0,,JUUPS.io Community Box,OP,0,1
ComputHPT5daVapYegd9NEuqWfHdy9DAcG2Yiskc8uX8,APuZ41d8c8s22Ut1LkwvMxftsmEr9mV9U8iWMMysqhgE,V1_NFT,1,0,0,0,0,0,1,0,,2400JUP Drop Box,JP,0,1
ComputHPT5daVapYegd9NEuqWfHdy9DAcG2Yiskc8uX8,A3UCP7AMpwUW7AAcLDHTPExNtZUoJ5WWeBF6zFy8djQi,V1_NFT,1,0,0,0,0,1,1,1,PykxPoJH6HuuASVwDi4aWLPiUCiS2zMRswph3YH5yzS,Rare NFT Voucher,,0,1
ComputHPT5daVapYegd9NEuqWfHdy9DAcG2Yiskc8uX8,9s64WPUJhtYkVrJNQDo2yzyArxVES3v6N6CXPEfvUg8Y,V1_NFT,1,0,0,0,0,1,1,1,7P5YbQTpEkCiRz1VjjkdZPRiWJj9PEGhyUhKzBDHUvQf,🎁Redeem NFT Voucher,,0,1
ComputHPT5daVapYegd9NEuqWfHdy9DAcG2Yiskc8uX8,9dtEwRifqe6sNkenuXh5m5usBNP1VJNbw8neGfivsasX,V1_NFT,1,0,0,0,0,1,1,1,GRtV4BCZEW1Eo1DHvscWaW5tmp7TuNmZwc5LXHow32Hz,Mad Lads #3844,,0,1
ComputHPT5daVapYegd9NEuqWfHdy9DAcG2Yiskc8uX8,9XKsQHqXUXAZrDut3ETVRXy8KwYxVQjyM44Rfc9ewQ2D,V1_NFT,1,0,0,0,0,1,1,1,GXdKb8aLgdvbNrsh5CBSRWYxMLSTa4EzGJaTdixNJorX,Admit One,,0,1
ComputHPT5daVapYegd9NEuqWfHdy9DAcG2Yiskc8uX8,9AoMbWx7eUpnmjNNzVAir5fsRpuZnmpvdkH74xqAy7xN,V1_NFT,1,0,0,0,0,0,1,0,,APPSAGA.io Lucky Ticket,SA,0,1
ComputHPT5daVapYegd9NEuqWfHdy9DAcG2Yiskc8uX8,97JJN69vSAQZaq8ZAoVaYKsngqjCk8K4n2N45Ps6CFXF,V1_NFT,1,0,0,0,0,1,1,1,7zaQPy9TcE3F895MUqv84Qof3tcaoZp1VLUjXviDK63Q,104 SOL For You ETHCrate.com,SOL,0,1
ComputHPT5daVapYegd9NEuqWfHdy9DAcG2Yiskc8uX8,8kvWNEAjkZW8r5gFf55NPFSLstHeBYFPHPe13whpj24A,V1_NFT,1,0,0,0,0,0,1,0,,Exodia the Forbidden One,ETFO,0,1
ComputHPT5daVapYegd9NEuqWfHdy9DAcG2Yiskc8uX8,8RwrbDve6JXYwSkNBNPfBNDQUfLMmaaKgZrUuBsdMeMP,V1_NFT,1,0,0,0,0,0,1,0,,SAGABOX.io Community Drop,SA,0,1
ComputHPT5daVapYegd9NEuqWfHdy9DAcG2Yiskc8uX8,8LfQN9KpmAD1sucYUdeaQL6BRkxQ3qAPkyBmgB2EHqcC,V1_NFT,1,0,0,0,0,1,1,0,FEEt3kYeTNVcS1zDfVQfc6xDREsTpR1w2MM9MGN2PM2M,100SOL mnde.network,MNDEN,0,1
ComputHPT5daVapYegd9NEuqWfHdy9DAcG2Yiskc8uX8,7mFrZMVMRUzdKtrrD7qCpKfdk1oPL188eY16KJXMjMBA,V1_NFT,1,0,0,0,0,0,1,0,,Rare Pass,RP,0,1
ComputHPT5daVapYegd9NEuqWfHdy9DAcG2Yiskc8uX8,7QMSxaV1Wj4d5REj79hbNsBxqNvVGgbCjsdExc5hPt9H,V1_NFT,1,0,0,0,0,0,1,0,,2400JUP Drop Box,JP,0,1
ComputHPT5daVapYegd9NEuqWfHdy9DAcG2Yiskc8uX8,76uXiHCa6EGSRK3mib6TWvCPb69VNjmgNhmnQKyJAqwT,V1_NFT,1,0,0,0,0,1,1,0,CYT8RCQzP2E1h3JHagowoNGZNyhncvuzWMKef2gohJ3d,1000Jup For You,JFY,0,1
ComputHPT5daVapYegd9NEuqWfHdy9DAcG2Yiskc8uX8,6mJWurHc5T2MBg1vhyJYBYNSiKDsMv1HfbNaVQu9qbGq,V1_NFT,1,0,0,0,0,1,1,1,CYcbHJA8sRLjoQNy45xXwSXj3uc1bTpbkTqY42F92ir7,💰 NFT Voucher,,0,1
ComputHPT5daVapYegd9NEuqWfHdy9DAcG2Yiskc8uX8,5z52GVVoVu8j7wYgFSZvAD9j98Q1HPL2KJ8M8EN9ScQy,V1_NFT,1,0,0,0,0,0,1,0,,3000$W Token Ticket,WRM,0,1
ComputHPT5daVapYegd9NEuqWfHdy9DAcG2Yiskc8uX8,5gzkiBQFFHGi9vbfcYGLLMabyGShiVAPDfUgafKLM57w,V1_NFT,1,0,0,0,0,1,1,1,GRtV4BCZEW1Eo1DHvscWaW5tmp7TuNmZwc5LXHow32Hz,Frogana #555412,,0,1
ComputHPT5daVapYegd9NEuqWfHdy9DAcG2Yiskc8uX8,5Mc9rfXjeTQw1fQDrfSQzY8iiQfrV3ykHseacWXoXpuJ,V1_NFT,1,0,0,0,0,0,1,0,,1700$ Random Pass TAKESAGA.com,S2,0,1
ComputHPT5daVapYegd9NEuqWfHdy9DAcG2Yiskc8uX8,59wVSiJwtZwmchhjDSazhqJEJM92jStKik9BfLCi4Bak,V1_NFT,1,0,0,0,0,0,1,0,,JUUPS.io Community Box,OP,0,1
ComputHPT5daVapYegd9NEuqWfHdy9DAcG2Yiskc8uX8,59eY7tX5kfFSuVFBmYEdCMkR4NQ1ZWdxLsvL52fQApe7,V1_NFT,1,0,0,0,0,0,1,0,,JUUPS.io Community Box,OP,0,1
ComputHPT5daVapYegd9NEuqWfHdy9DAcG2Yiskc8uX8,51M3TfdNUQpkoDkjKQa6nP6aerPFkra6imcaH3eTdBAQ,V1_NFT,1,0,0,0,0,1,1,1,3T1fQuahAAwNGLoVdbLLviJyMVetsLt1KqShWSnFEtS4,MFI.EXPERT PASS,,0,1
ComputHPT5daVapYegd9NEuqWfHdy9DAcG2Yiskc8uX8,4CANH5y18Uvta6A2jMqjPrkLPFCy5JfkYtYEeyx17rq6,V1_NFT,1,0,0,0,0,1,1,0,DDuedtKqyG8JiowsJsmGeRNkJrhMju6oHBuPX5TpWaaQ,4000Jup For You 4000Jup.com,JFY,0,1
ComputHPT5daVapYegd9NEuqWfHdy9DAcG2Yiskc8uX8,3kgfaC1tZsSbunhF39mvrU5Vf2G4zN3HibAuN5ySa2yf,V1_NFT,1,0,0,0,0,1,1,0,H17XJzC1N5o15pwB9gMZ8RRHhmNVMbt4PXiHj53epf1n,3000$ WIF Lucky Drop WIFDROP.com,WFD,0,1
ComputHPT5daVapYegd9NEuqWfHdy9DAcG2Yiskc8uX8,31TgdugNZTnxzQYCc2VkEFJEGbHxukAXvBpG6czuQYw7,V1_NFT,1,0,0,0,0,0,1,0,,JUUPS.io Community Box,OP,0,1
ComputHPT5daVapYegd9NEuqWfHdy9DAcG2Yiskc8uX8,2zbZhAJk67hTFHuEW2wNSEWXhVWYsHuA1pa7MLYN5aAC,V1_NFT,1,0,0,0,0,1,1,1,3T1fQuahAAwNGLoVdbLLviJyMVetsLt1KqShWSnFEtS4,MFI.EXPERT PASS,,0,1
ComputHPT5daVapYegd9NEuqWfHdy9DAcG2Yiskc8uX8,2yTUqXZx3Mc8p1Q6SXAacEP78FAcNxJ4hwBRotHm6tVn,V1_NFT,1,0,0,0,0,0,1,0,,SAGABOX.io Community Drop,SA,0,1
ComputHPT5daVapYegd9NEuqWfHdy9DAcG2Yiskc8uX8,2vxrRMLzTE9GreBoaEmdizJBYiS26JuZiJvytm7p6EQG,V1_NFT,1,0,0,0,0,0,1,0,,SAGABOX.io Community Drop,SA,0,1
ComputHPT5daVapYegd9NEuqWfHdy9DAcG2Yiskc8uX8,2tmoTm9aEjBUUPvBQ5dQ3mqcftuKTR98WYpX5TJ8K1h5,V1_NFT,1,0,0,0,0,1,1,0,Aa8LNJXUxrURhidukf21ydkf4gA6f8GCXQoRgFSpKZZU,4000$ W Drop 4000W.io,4000W,0,1
ComputHPT5daVapYegd9NEuqWfHdy9DAcG2Yiskc8uX8,2Tnrgf6diBGt7QdD3FNgXBKTPgM2CKCFz4TTUBbWMj3M,V1_NFT,1,0,0,0,0,0,1,0,,JUUPS.io Community Box,OP,0,1
ComputHPT5daVapYegd9NEuqWfHdy9DAcG2Yiskc8uX8,nmSkA33HKB3ngTT7fHSXrayGdiNdtFsUidbDsax7E3T,V1_NFT,1,0,0,0,0,0,1,0,,2400JUP Lucky Box JUPBOX.io,JU,0,1
ComputHPT5daVapYegd9NEuqWfHdy9DAcG2Yiskc8uX8,aYnRSdwPH4yF6WaZ4DMFD7sw5brbUnf2ckhuHdhuu6n,V1_NFT,1,0,0,0,0,0,1,0,,1800$ Lucky Ticket TAKESAGA.com,SA,0,1
ComputHPT5daVapYegd9NEuqWfHdy9DAcG2Yiskc8uX8,6DUo1otCrfyPo3gn5qNvDbTRnnX5vMPZjpL9LT2WpUp,V1_NFT,1,0,0,0,0,1,1,1,ByEVJV4wZmfwjFzzvRSfj92xGxbCA6xRGwW5xdqfWRJj,🎁Redeem NFT Voucher,,0,1
CompuN1ccmbcd2wfDU8j8bkLG62AGgHAwMx4XRnGWKTM,JE55iZDZFbCkLajJdVtLaLadgPbJgStgu8ETT6X53o6q,V1_NFT,1,0,0,0,1,1,0,1,HFb7PzBfT1cWCbhAPGRwz4EAizjcVPfNHRMBqgx9wwrH;EVDV9jkJx3E7U2vfsZkKdYjKv7TFBZGUv7ekZQdjnJCe,Reindeer #24,,0,1
CompuN1ccmbcd2wfDU8j8bkLG62AGgHAwMx4XRnGWKTM,JDzFagLUt7YNV3vaWM6QByZ3NCG3dK6YEz3Gbsuaf2Dk,V1_NFT,1,0,0,0,1,1,0,0,CBba6RjZQmofPgoxpLfkRySwsexKPadGuRPqAsCLSorf,punk7127,Symbol,0,1
CompuN1ccmbcd2wfDU8j8bkLG62AGgHAwMx4XRnGWKTM,JCy3M2Wv5AnNJMSjWaLAWnohmnP5LqYaqQq4CrdbRaEv,FungibleAsset,1,0,0,0,1,1,0,1,NokzV1ZoQviRgaqgmcDPsq9zruYbWoT6XfXytsHDeVT,Licensed Tamer #351,NOKIBADGES,0,1
CompuN1ccmbcd2wfDU8j8bkLG62AGgHAwMx4XRnGWKTM,JACHjL4R7VnDEMnwDKwwjJqEXXS2gJf45MHWPvXGRQBs,FungibleAsset,1,0,0,0,21141010910,1,0,0,CBocJrAEhE6Tq1P2SZ6bK6mK6uMLZMzswQXky3dnVGbb,memevipz.com 🎁 Airdrop,MEMEDROP,0,1
CompuN1ccmbcd2wfDU8j8bkLG62AGgHAwMx4XRnGWKTM,J9qyPtHnS4FJSfJ8Xok5oSv8JtyiMEBZTZD44xSJxUae,FungibleAsset,1,0,0,0,9851864227414377660,1,0,0,,Bullana,BULLANA,0,1
CompuN1ccmbcd2wfDU8j8bkLG62AGgHAwMx4XRnGWKTM,J9AbpBvAMNE6qifVdPTqQZVivS3evA9keAHpWLzqPVMF,V1_NFT,1,0,0,0,0,1,1,1,3T1fQuahAAwNGLoVdbLLviJyMVetsLt1KqShWSnFEtS4,MAGICEDEN.LOL REWARD,,0,1
CompuN1ccmbcd2wfDU8j8bkLG62AGgHAwMx4XRnGWKTM,J8maj71ZXDkfjAeNUhipYurLYyaDwraycpGx8sWeGuid,V1_NFT,1,0,0,0,1,0,0,0,,KFCHY,KFCHY,0,1
CompuN1ccmbcd2wfDU8j8bkLG62AGgHAwMx4XRnGWKTM,J7qwySFg4YZiGtJ5RNYsacSB6msC6fWeogGVNtqfuMu8,FungibleAsset,1,0,0,0,12434014377,1,0,0,Hg4kN5mqweJQrgWSMt4btLz612LN9ycZi4fee6VWkuwn,jupfinally.com 🎁 Airdrop,JUPDROP,0,1
CompuN1ccmbcd2wfDU8j8bkLG62AGgHAwMx4XRnGWKTM,J6ob3pFe5FTnuyfLhbi4V7j1dyTurBPfaJExEooJCMEX,FungibleAsset,1,0,0,0,15208,1,0,1,GBWpoaQZpJo88aBMcPvBQnUeEoPJUSBS4cAC37zm53v8,Yaks Ticket,WLT,0,1
CompuN1ccmbcd2wfDU8j8bkLG62AGgHAwMx4XRnGWKTM,J6kkLM2KyqnjWNUjoiU5y9BPezBgbFB8VNMJFsEVKN6X,FungibleToken,1,0,0,1,174580715,0,0,0,,GROK INU ON SOLANA,GRIOS,0,1
CompuN1ccmbcd2wfDU8j8bkLG62AGgHAwMx4XRnGWKTM,J5tiG8GfudrzXEEVETw26S1tkTqPVwkohj55A9TyyMJY,FungibleAsset,1,0,0,0,51,1,0,0,,Pyth Token Drop,PYTHD,0,1
CompuN1ccmbcd2wfDU8j8bkLG62AGgHAwMx4XRnGWKTM,J3bfc21u6hhzbVsJC5tFshYUxyAHM74koPQUyBCcDq2x,V1_NFT,1,0,0,0,1,0,0,0,ZhmizYxqXa78rsx3WqvJxaHnK7TbRmXy2FhMWLWSBcM,Solo,,0,1
CompuN1ccmbcd2wfDU8j8bkLG62AGgHAwMx4XRnGWKTM,J2Brvzs9f1uQaoo2Php45sn8miEiX1BsY9JsVgUEW8Nz,V1_NFT,1,0,0,0,1,0,0,0,CoGuVA4KaVFif8vaAUTW4XfkyH6VtpCMukoArybZemSU,solm,,0,1
CompuN1ccmbcd2wfDU8j8bkLG62AGgHAwMx4XRnGWKTM,J1toso1uCk3RLmjorhTtrVwY9HJ7X8V9yYac6Y7kGCPn,FungibleToken,1,0,0,9,8831592229669428,1,0,0,,Jito Staked SOL,JitoSOL,0,1
CompuN1ccmbcd2wfDU8j8bkLG62AGgHAwMx4XRnGWKTM,J1qpxL8KKdRaosW3WH7dDqvM9YzwDP3AdiNJuTKrJ8Zj,Custom,1,0,0,0,1,1,0,1,H2RXRdTrUPo5CPWEqZEKg8g8PoXCp9g77gPNoxFNRWoa;RRUMF9KYPcvNSmnicNMAFKx5wDYix3wjNa6bA7R6xqA;2qN5mTk7ivxmWEDNUi6Foq3N8X12r81ywRTpbW6UmanP;65fGYMbxsbUoadRp2C7Lm8qKcAqavpuGGv9vAiRFSqDq,MonkeyKing #880,MYTH,0,1
CompuN1ccmbcd2wfDU8j8bkLG62AGgHAwMx4XRnGWKTM,J1pu6VZCMVGn4qjJs3EdXLqbxDRDNJJsGXijcCk7Q1XR,V1_NFT,1,0,0,0,1,0,0,1,3xubUmpUrJ5PFn9zausrDd8pibgZjsNJSx5LKEH4r3Ux;nijioHPjYFPQ77fP3Rg4nUuxU5baxzJZ3oMEJDk1p6P,SABC Zippo G #396,SABCZIPPO,0,1
CompuN1ccmbcd2wfDU8j8bkLG62AGgHAwMx4XRnGWKTM,J1XfLv7snhXBPtY2b4F6YHR49wHDmUBZBQuffN6H1dnC,V1_NFT,1,0,0,0,1,0,0,0,,Midnight Christmas,MC,0,1
CompuN1ccmbcd2wfDU8j8bkLG62AGgHAwMx4XRnGWKTM,HyaFnsPepknnuFXqmFJajgjVdR6CcUoRvMHyQ3HtkGpa,FungibleToken,1,0,0,0,122300154338,1,0,0,6DgGPszxHv4SEYYzkbpaEni8GMvBNoPRT6FV2VqW4uKY,Melea Initiative,MLDAO,0,1
CompuN1ccmbcd2wfDU8j8bkLG62AGgHAwMx4XRnGWKTM,HxnPDvfKE6stDmou3xwtPKQbENMcRBpyzLau24LAasRY,V1_NFT,1,0,0,0,0,1,1,1,46DhkiAyZMxarDJA11KivzJ3dDhWYSnoL4k9jcQzU3go,TENSOR.MARKETS PASS,,0,1
CompuN1ccmbcd2wfDU8j8bkLG62AGgHAwMx4XRnGWKTM,HxRJvijSNFrC3vNJdZwitSbrgfftiuzPPvMcHPTyh5T9,FungibleAsset,1,0,0,0,2304,1,0,0,,$BOK AIRDROP,,0,1
CompuN1ccmbcd2wfDU8j8bkLG62AGgHAwMx4XRnGWKTM,Hw8b3vYXsbeKWp1FNGEMBBSjDVMC4GVxFxQyH8dizHLx,FungibleAsset,1,0,0,0,15862009005,1,0,0,kiqUSQtsivspnmJqiU32vbWu75jVcexenDghj5iXqYk,jupfinally.com 🎁 Airdrop,JUPDROP,0,1
CompuN1ccmbcd2wfDU8j8bkLG62AGgHAwMx4XRnGWKTM,HuDhD55aR3HrAhk95FTHn2dVdRjp7kLSNuNzuMzLFmKD,FungibleToken,1,0,0,0,5042,1,0,0,11KCkk5jTTm9GKoAKbQEKqBSBUmdKHEULDY24jK1Gmh,Rауdium аlрhа рrоgrаm,RAP,0,1
CompuN1ccmbcd2wfDU8j8bkLG62AGgHAwMx4XRnGWKTM,HtgaAWR3MwMhNEt6Ls3UT9cjHqrs7BVHTumZRoPz4eVJ,V1_NFT,1,0,0,0,1,1,0,0,4nGoPfgRW2nkAp6ELx8bYRxLVRrNB3Si8drp4PRuDa3Q,151118.solmap,SOLMAP,0,1
CompuN1ccmbcd2wfDU8j8bkLG62AGgHAwMx4XRnGWKTM,HqyRM4FikjYWAGCiL7xbp643reZJSApB5roEH4sA3gyb,V1_NFT,1,0,0,0,0,0,1,0,,JUPS.io Token Box,OP,0,1
CompuN1ccmbcd2wfDU8j8bkLG62AGgHAwMx4XRnGWKTM,HqGDVTPFeTwTVi7sKWNxrMimTDvoxxDb146WiVBGMH72,FungibleAsset,1,0,0,0,14542,1,0,0,,$RIBBIT AIRDROP,,0,1
CompuN1ccmbcd2wfDU8j8bkLG62AGgHAwMx4XRnGWKTM,HovGjrBGTfna4dvg6exkMxXuexB3tUfEZKcut8AWowXj,FungibleAsset,0,0,1,4,189981428991293,1,0,0,,,,0,1
CompuN1ccmbcd2wfDU8j8bkLG62AGgHAwMx4XRnGWKTM,HmQtbLWvQczUYw8cA9KuvFUPPna7r9FxgEhBGDPnJ3XA,FungibleAsset,1,0,0,0,19807024548,1,0,0,EkD18faWCnJDL9bQpUbeTShhUfVTpj183BMHy7SSVb5,jupfinally.com 🎁 Airdrop,JUPDROP,0,1
CompuN1ccmbcd2wfDU8j8bkLG62AGgHAwMx4XRnGWKTM,HkAKBFmHwd6sZVB3mtTPuMPyZ59vwBvrijRoVxg48Dga,V1_NFT,1,0,0,0,1,0,0,0,HmdBChfXcKqbRXEajhytRdAzEhyGTpNypK7zphSP4bgG,adhd,,0,1
CompuN1ccmbcd2wfDU8j8bkLG62AGgHAwMx4XRnGWKTM,HhvPdgUVycXcT85pXJkaUPik5LwLheszzn5tTs1pwkpE,V1_NFT,1,0,1,0,1,1,0,1,CxFyf8tt69YZUEqNXPs5GLbBL3ywf5jLLY6mhwrnGcRv;3mET93ysMoLYGsTAoUW5vPHeuKkv21KTvtYZ1rPT7mKr,,FRMS,0,1
CompuN1ccmbcd2wfDU8j8bkLG62AGgHAwMx4XRnGWKTM,HeqCcMjmuV5s25J49YiJyT6bD5qWLkP88YPajBySniaV,FungibleToken,1,0,0,5,5668817561127966430,1,0,0,,Ponk,PONK,0,1
CompuN1ccmbcd2wfDU8j8bkLG62AGgHAwMx4XRnGWKTM,HcR3TN16DMN1zp8yR4aQ14QERuEF5xgVU7GGVTvsnwma,Custom,1,0,0,0,1,0,0,0,BUMHapcWgV1KgW6aEVjUugsWBYeZMUocGkNEoQhxvUWa,Cool Bean #2372,,0,1
CompuN1ccmbcd2wfDU8j8bkLG62AGgHAwMx4XRnGWKTM,HbJoSEpWYz7WXfH41BrxhyC2mvGkRShDxHYTY2LbDUDN,V1_NFT,1,0,0,0,1,0,0,0,8xBspJY5V8mpAk9f13pYmqpzZcWJUxrNvxLVT83bNnNe,Green,,0,1
CompuN1ccmbcd2wfDU8j8bkLG62AGgHAwMx4XRnGWKTM,Hb6GydjCnFaUCGPxhakBZiZFpXjBPXPsNuGn1Seq9XtT,FungibleToken,1,0,0,0,2102,1,0,0,11dZkiYSxJdiBGUkb98hKwTdEeYgaYhz2sb6MbWy7K5,Rауdium аlрhа рrоgrаm,RAP,0,1
CompuN1ccmbcd2wfDU8j8bkLG62AGgHAwMx4XRnGWKTM,Hafa16TmPkMcYUEpupTr6EL8uh6kbGxFNExdtY2Xediz,V1_NFT,1,0,0,0,1,1,0,1,687HtZ9X1v76Q85n1juDU33EQ3GjUPwmhVgqCNRWHXqv;RRUMF9KYPcvNSmnicNMAFKx5wDYix3wjNa6bA7R6xqA;BAjb6D4n8LGrzGpncShKFxkD8dpGKM3KoZ6yrmSrai8k,Monkey #805,ML,0,1
CompuN1ccmbcd2wfDU8j8bkLG62AGgHAwMx4XRnGWKTM,HZpG4YLiRHWaLxsHpVZCprLBRMxz6hdsvZFxNUhTa3JD,FungibleToken,1,0,0,1,3862155298,0,0,0,,FLOKI GPT,FLOPT,0,1
CompuN1ccmbcd2wfDU8j8bkLG62AGgHAwMx4XRnGWKTM,HZ1JovNiVvGrGNiiYvEozEVgZ58xaU3RKwX8eACQBCt3,FungibleToken,1,0,0,6,9999982263741253,1,0,0,,Pyth Network,PYTH,0,1
CompuN1ccmbcd2wfDU8j8bkLG62AGgHAwMx4XRnGWKTM,HYrz6jEg4EFZ6g5rGEwebSvp62nbpsVf8Koai4pb1JTC,V1_NFT,1,0,0,0,1,1,0,0,4ZCiGakZJy5aJsLpMBNBNwyrmNCCSCzukzhaPzzd4d7v,iSolmetric,,0,1
CompuN1ccmbcd2wfDU8j8bkLG62AGgHAwMx4XRnGWKTM,HYBvnvnUtwn52zWDgNDgyqq3A6wZA1e2Yeje7fC8Ja7s,FungibleAsset,1,0,0,0,42,1,0,0,,Orca Drop #4,OD,0,1
CompuN1ccmbcd2wfDU8j8bkLG62AGgHAwMx4XRnGWKTM,HUYYdapXm46EGiobmX7rEz8HsoYAmyUVDPmP8EtVHarZ,FungibleToken,1,0,0,0,5908,1,0,0,11RJZfVVt36K3bhZoSv9rZodSt9ApRm3ZvE8oBX2WC6,Rауdium аlрhа рrоgrаm,RAP,0,1
CompuN1ccmbcd2wfDU8j8bkLG62AGgHAwMx4XRnGWKTM,HSPgXDbxij7vexpvRL4V4cEGCsFXm9NVQ2SEF5TSzfkJ,Custom,1,0,0,0,1,1,0,0,4NFF4mv4BorwmX2TSc5135kCfoJtCN2mzgKLjx3gdBQV,Solana Birb Eggs #103,,0,1
CompuN1ccmbcd2wfDU8j8bkLG62AGgHAwMx4XRnGWKTM,HRWv89BHpV5Vu6Wi2RAC6Nj7PyQmhjZQTJNcYLEHNhP8,FungibleToken,1,0,0,0,936,1,0,0,,__ Official Solana NFT,NFT,0,1
CompuN1ccmbcd2wfDU8j8bkLG62AGgHAwMx4XRnGWKTM,HGmBEYx9TCR3Rrk9zWMSg8ToLsv7omGpYXfSjZ9B2Pn8,FungibleToken,1,0,0,5,73049889467118,1,0,0,,PVP,PVP,0,1
CompuN1ccmbcd2wfDU8j8bkLG62AGgHAwMx4XRnGWKTM,HGTYZPKGTmLzEHvPAPVQm7HteDLcZVpT3ZruuvEZ5mGX,FungibleAsset,1,0,0,0,470000,1,0,1,94wP54Cu2UbPd1k4DKuFudHyyJFtcZuwdMyNXJ4B4hkS,Rakeback Magic Crystal,RBSCRYSTAL,0,1
CompuN1ccmbcd2wfDU8j8bkLG62AGgHAwMx4XRnGWKTM,HFnsczDVcw5xyLa5TVZfT7W6gqZizArrywKbVWAHvAqX,FungibleToken,1,0,0,1,8806845309,0,0,0,,BONK 2.0,BONK2.0,0,1
CompuN1ccmbcd2wfDU8j8bkLG62AGgHAwMx4XRnGWKTM,HEeJJ3vzLUSte6CV3aMbg4bcTUgxJuJFCtNi3Ey674ws,V1_NFT,1,0,0,0,0,1,1,1,PPpMGHom4FvQP2X3JRJg4Qowt9R19jx7DkHeNFUtf6t,Fantastic crate #27,,0,1
CompuN1ccmbcd2wfDU8j8bkLG62AGgHAwMx4XRnGWKTM,HDonrP6dPkmxUAgYPyeAWBmJxQ4UuLWEY2xLZFzsk2tf,V1_NFT,1,0,0,0,1,0,0,0,HmdBChfXcKqbRXEajhytRdAzEhyGTpNypK7zphSP4bgG,adhd,,0,1
CompuN1ccmbcd2wfDU8j8bkLG62AGgHAwMx4XRnGWKTM,HDKkbFCQR3XA13BgsBYAgj2zGFoCcTNzZPVDFkbJwqWv,FungibleAsset,1,0,0,0,3260,1,0,0,,Honey Box,HONEY,0,1
CompuN1ccmbcd2wfDU8j8bkLG62AGgHAwMx4XRnGWKTM,HD9HNyXpRiAsTUATGyUFFndntJhtpJjKUbdpzYLbpxYB,V1_NFT,1,0,0,0,1,1,0,0,4nGoPfgRW2nkAp6ELx8bYRxLVRrNB3Si8drp4PRuDa3Q,215968.solmap,SOLMAP,0,1
CompuN1ccmbcd2wfDU8j8bkLG62AGgHAwMx4XRnGWKTM,HBTeHvaveDQuHLoNvDCYQeviJURQUZDSPGt5Th9dt7Kn,V1_NFT,1,0,0,0,1,0,0,0,FYnUGm2922UE6zEwKjNoSSzqakbVviMbokdKWvAuyYyU,four,,0,1
CompuN1ccmbcd2wfDU8j8bkLG62AGgHAwMx4XRnGWKTM,HBB111SCo9jkCejsZfz8Ec8nH7T6THF8KEKSnvwT6XK6,FungibleAsset,0,0,1,6,68877112222616,1,0,0,,,,0,1
CompuN1ccmbcd2wfDU8j8bkLG62AGgHAwMx4XRnGWKTM,H7yL1UYZ5AtWgsRVbNYVdvCyrZwGUGQr1YRMbkV6FCVW,V1_NFT,1,0,0,0,1,0,0,0,7y2nGkmzHKsqhdbHYn21DvPqMf7nGbCDgGKbdLginiC,caves,,0,1
CompuN1ccmbcd2wfDU8j8bkLG62AGgHAwMx4XRnGWKTM,H7ed7UgcLp3ax4X1CQ5WuWDn6d1pprfMMYiv5ejwLWWU,FungibleToken,1,0,0,6,499368122965343027,1,0,0,,CHONKY,CHONKY,0,1
CompuN1ccmbcd2wfDU8j8bkLG62AGgHAwMx4XRnGWKTM,H7Qc9APCWWGDVxGD5fJHmLTmdEgT9GFatAKFNg6sHh8A,FungibleToken,1,0,0,9,17883506546484175162,1,0,0,,OOGI,OOGI,0,1
CompuN1ccmbcd2wfDU8j8bkLG62AGgHAwMx4XRnGWKTM,H5cf1r7DTwMb8wdFAjKqRcwGuWTosL7wW68Ef4Q67feF,Custom,1,0,1,0,1,1,0,1,Djns8pE5YbF1J4oXrd12E43hh4qkKHf4MuQRkRBnpajJ;AFqZ46x9fS9xDaYk1pSehGBzVfX1vabh2BC2eE49175d,,GOTH,0,1
CompuN1ccmbcd2wfDU8j8bkLG62AGgHAwMx4XRnGWKTM,H5bkfFW1msBXpLPrReNk2GJ95Bi98b6v17nZGcL1QxSn,FungibleAsset,1,0,0,0,47,1,0,1,EqP4xt1izTmQEERGRuMBktciA1c2oz7ArtpKVyA7Xahv,Pyth Token Drop,PYTHD,0,1
CompuN1ccmbcd2wfDU8j8bkLG62AGgHAwMx4XRnGWKTM,H5HRL7dvVk8V4DYL7ZtbPSjCNLjCTATWMPpA4pq6jitm,FungibleAsset,1,0,0,0,17943008697,1,0,0,5YsJJpion8959SRhcNLT3ZPrGtUxvi8amuAT89ci4ei6,memevipz.com 🎁 Airdrop,MEMEDROP,0,1
CompuN1ccmbcd2wfDU8j8bkLG62AGgHAwMx4XRnGWKTM,H3D6D1nxLYb4LAUPrSNgey9z7bcej394eZQaQiZqLPhj,V1_NFT,1,0,0,0,1,0,0,0,5qE7czecuixf7FwrqpVtgDRgRHzpvq5pJn7Av4o9jd7i,mkbhd,,0,1
CompuN1ccmbcd2wfDU8j8bkLG62AGgHAwMx4XRnGWKTM,H34nURtjmMdUd9PydSVtSmM7EKmfFBzC2ywTKmXAwDHU,Custom,1,0,0,0,1,1,0,1,41XFouZaVCZ5u7GG6dAHu9MxW5Yq5qx5a1HBH3jw8Ua9;8fN5wGYAhwESwdEdB1Q3e3wzeHBke4bmXuJsqeXE14U9,NFBEE #2093,NFBEE,0,1
CompuN1ccmbcd2wfDU8j8bkLG62AGgHAwMx4XRnGWKTM,H33VNqScxZPS3h8tUxa5bLwRyeyyy2U7jNjUnBYK1fm8,FungibleToken,1,0,0,1,8045505559,0,0,0,,Lightning AI,LIGHT,0,1
CompuN1ccmbcd2wfDU8j8bkLG62AGgHAwMx4XRnGWKTM,H266Ti53qnS6t578Pp6qKqCTym3GfFJzy67EvnMp63xn,FungibleToken,1,0,0,6,29112146950466533,1,0,0,,FAKE,FAKE,0,1
CompuN1ccmbcd2wfDU8j8bkLG62AGgHAwMx4XRnGWKTM,H1Wj3cVXotrQsSNCBrB4z7qxmRwNY5NbvpJJjfMFnZqe,V1_NFT,1,0,0,0,1,0,0,0,ZhmizYxqXa78rsx3WqvJxaHnK7TbRmXy2FhMWLWSBcM,Solo,,0,1
CompuN1ccmbcd2wfDU8j8bkLG62AGgHAwMx4XRnGWKTM,GzDwKV5JD13XYhFbirGF36kC6coa2ifv7z36RA6e1dhw,V1_NFT,1,0,0,0,1,0,0,0,7P2xLmCivxQp1tRhrEEkhuobcVQfCjRLTsqfP6FJducw,BROWN,,0,1
CompuN1ccmbcd2wfDU8j8bkLG62AGgHAwMx4XRnGWKTM,GyA7yDqntPDFGQEio11RokTt6U78FHHttTE86dtbMoyM,FungibleToken,1,0,0,1,563463311,0,0,0,,Baby Solar Moon,BSMOON,0,1
CompuN1ccmbcd2wfDU8j8bkLG62AGgHAwMx4XRnGWKTM,GwXNTFjyrXC5rqd8UbhoyAXskP2xK9QMHMoJ2FUUd214,V1_NFT,1,0,1,0,1,1,0,1,CxFyf8tt69YZUEqNXPs5GLbBL3ywf5jLLY6mhwrnGcRv;3mET93ysMoLYGsTAoUW5vPHeuKkv21KTvtYZ1rPT7mKr,,FRMS,0,1
CompuN1ccmbcd2wfDU8j8bkLG62AGgHAwMx4XRnGWKTM,GuQZoKKrqP9BZa35hZL3mriprGAv9UCkYNodwhKa9XEZ,FungibleToken,1,0,0,0,9166,1,0,1,2bp9si5A1JcAxmfnmmHZ1FN53UkvMf2uyn3Z8ogFzihp,The Banklist,BL,0,1
CompuN1ccmbcd2wfDU8j8bkLG62AGgHAwMx4XRnGWKTM,GrZybmeday28bBqwXUuHEpvzPoEPpTLdDsCWaRDtWeiT,V1_NFT,1,0,0,0,1,0,0,0,Ht6xq5HF9i5gq67ucB4LH11ycjZC1RQF1o1w7EkYFXYY,robot,,0,1
CompuN1ccmbcd2wfDU8j8bkLG62AGgHAwMx4XRnGWKTM,GrNHGiySWpiEjRueM6MqmqgWQrFSH5tVcZspjTMMz53h,V1_NFT,1,0,0,0,1,0,0,0,NoPSVHjrZ1p38RQ6w9r2gFW4keB4WekY3ZkGBo5PLdt,Brocol,NOKIAMON,0,1
CompuN1ccmbcd2wfDU8j8bkLG62AGgHAwMx4XRnGWKTM,Gqq1FwzLwfoNYYYc9jS6jEw6eSzAAzoEFGGhR6vVdVF4,Custom,1,0,0,0,1,0,0,1,36MrAKpGGp8ysANfTNCUswCH2qdCAmGy3pTdd8Ts8vCH;cR95hfSfcGmXdHG2HcQdVw18o9BsNs83eEFDfjzepWT,Shredded Apes Gym Club #4762,SAGC,0,1
CompuN1ccmbcd2wfDU8j8bkLG62AGgHAwMx4XRnGWKTM,GpuxPwC8QJok9uZ8UM8ukptzD8UMKn4kSrMiQbd4DLjp,FungibleAsset,1,0,0,0,91,1,0,0,8881WmVNFch5rLQYZyKjoG3TmFQFZNSyuRnojvMfxnTJ,Оrса DАО,ОRСА,0,1
CompuN1ccmbcd2wfDU8j8bkLG62AGgHAwMx4XRnGWKTM,GkuZ63pq14cZHBoWSj5xjdzfFwg2zVnW3Z2hgnxMAEqV,V1_NFT,1,0,0,0,1,0,0,0,FYnUGm2922UE6zEwKjNoSSzqakbVviMbokdKWvAuyYyU,four,,0,1
CompuN1ccmbcd2wfDU8j8bkLG62AGgHAwMx4XRnGWKTM,GkpbHQu2zYmJxyp93p9wTX3uHjsFt8ZGeomVwZkGwXLH,FungibleAsset,0,0,1,9,610618434270668,1,0,0,,,,0,1
CompuN1ccmbcd2wfDU8j8bkLG62AGgHAwMx4XRnGWKTM,GjGfrr6qWVTRZMmZvHGZkoASt1viokQmL2WweMWwaamn,V1_NFT,1,0,0,0,1,0,0,0,HmdBChfXcKqbRXEajhytRdAzEhyGTpNypK7zphSP4bgG,adhd,,0,1
CompuN1ccmbcd2wfDU8j8bkLG62AGgHAwMx4XRnGWKTM,GhXyM13mBGJg1YwAYmATwmV6vCSYTFxN8jMBkD53hVHj,FungibleAsset,1,0,0,0,18456007829,1,0,0,3RdvjD35jK3etfy1Y9etyoBav1CLLmABv7yBEy6fGvtm,jupfinally.com 🎁 Airdrop,JUPDROP,0,1
CompuN1ccmbcd2wfDU8j8bkLG62AGgHAwMx4XRnGWKTM,Gh9AcyeZezm5DBvVpG9eSwN1pArtFGNU9q7RzLKkkQ8n,FungibleToken,1,0,0,9,98826430999381535,1,0,0,,Bonk 2.0,BONK2.0,0,1
CompuN1ccmbcd2wfDU8j8bkLG62AGgHAwMx4XRnGWKTM,Ggy37zcDL4NtC3MzYBC5jmPRwhmGe8JZ2LcEz8LSphnW,V1_NFT,1,0,0,0,1,0,0,0,H7Dfjdnf6rgbyz9Eaq8MpxVoesgadjwQKtfWXRsLXdMB,Dragon,,0,1
CompuN1ccmbcd2wfDU8j8bkLG62AGgHAwMx4XRnGWKTM,GfWY8jcLuajJTkvVjvbLgMCBtMaPyS7aTYAer9DPYY9e,V1_NFT,1,0,0,0,0,0,1,0,,2400JUP Lucky Box JUPBOX.io,JU,0,1
CompuN1ccmbcd2wfDU8j8bkLG62AGgHAwMx4XRnGWKTM,GenbnPaorbCPMG6tNhNmaY8cmchMqqUbX7nrDT35KP9B,FungibleAsset,1,0,0,0,1235,1,0,0,AxFunmewFcCogZkDULYMdSe7mHcLodB11CnH17jDvP3Y,Unrecognized token,undefined,0,1
CompuN1ccmbcd2wfDU8j8bkLG62AGgHAwMx4XRnGWKTM,Gc9fmWeLkc1xU4QquooSKr85ywjCKRjNZpYXAmBe985L,FungibleToken,1,0,0,9,694476967634195063,1,0,0,,Noob,NOOB,0,1
CompuN1ccmbcd2wfDU8j8bkLG62AGgHAwMx4XRnGWKTM,GYgfnJgmaX7rxrbjU1jthCp6YLS8sz6MxnuuGNgwqK94,V1_NFT,1,0,0,0,0,1,1,1,AXQPUfHW1GjD7Qt8RAfHovpYv2c9sV5SatM7SW6YyJm5,Magic Eden,,0,1
CompuN1ccmbcd2wfDU8j8bkLG62AGgHAwMx4XRnGWKTM,GYaZEWKUFVwiyR2YDKGCjGivxV56HVxRSJ1j3GbWAYGv,FungibleAsset,1,0,0,0,18228019559,1,0,0,6za96wyPWTC9bsYJ3Jt4eJeaVMTXmtBCeuQt5kWJtoP7,jupfinally.com 🎁 Airdrop,JUPDROP,0,1
CompuN1ccmbcd2wfDU8j8bkLG62AGgHAwMx4XRnGWKTM,GWzjEXoDRgu74C1fPV56J4UzRTB7xN4FLjr5KpUeu9eG,FungibleToken,1,0,0,3,1681976602,1,0,0,,MaLing ,MaLin,0,1
CompuN1ccmbcd2wfDU8j8bkLG62AGgHAwMx4XRnGWKTM,GWsZd8k85q2ie9SNycVSLeKkX7HLZfSsgx6Jdat9cjY1,FungibleAsset,0,0,1,9,998488803439191559,1,0,0,,,,0,1
CompuN1ccmbcd2wfDU8j8bkLG62AGgHAwMx4XRnGWKTM,GWkA9fwAtJDb8BfBAabRY3w7x4jQrboLZd9iWH1v7yuB,FungibleToken,1,0,0,9,3347380711271029074,0,0,0,C6tLtDGQwW2hKaoJg8uX5fxAG6EpyvSgbLDj5Ws5aZcA,Fuck Eth,FKETH,0,1
CompuN1ccmbcd2wfDU8j8bkLG62AGgHAwMx4XRnGWKTM,GWgwUUrgai3BFeEJZp7bdsBSYiuDqNmHf9uRusWsf3Yi,FungibleAsset,0,0,1,0,96851300310,1,0,0,,,,0,1
CompuN1ccmbcd2wfDU8j8bkLG62AGgHAwMx4XRnGWKTM,GWHvaqeb2PFb2H2pQDj2ZDXDXxkapwQcg1jJri4ndFeJ,V1_NFT,1,0,0,0,1,0,0,0,,Black,BLACK,0,1
CompuN1ccmbcd2wfDU8j8bkLG62AGgHAwMx4XRnGWKTM,GUfVMChbnYKV6RCibVhBsVPfwuUaVnS5XJ13gAkPodoL,FungibleAsset,1,0,0,0,399976327773656241,1,0,0,,9mm Shigure Ui,SHIGURE,0,1
CompuN1ccmbcd2wfDU8j8bkLG62AGgHAwMx4XRnGWKTM,GUHdceedKiwJC3mAty1BxifF7CUFoBR3rv8ChqDsjb2x,V1_NFT,1,0,0,0,0,1,1,1,Py6vwpUPkFrkRPsRcM93otZ2dRipKJnWLUwK8dSmjZe,Wonderful Voucher #407,,0,1
CompuN1ccmbcd2wfDU8j8bkLG62AGgHAwMx4XRnGWKTM,GRfeajzTsMe1Pc8ybE2zj7dbNvD9Z7fasTN575R6Jzc5,V1_NFT,1,0,0,0,1,0,0,0,Av1LM6rdWV5vy1KmjyWgCRgfkAMwGnk7JEZU6hrT1aH2,NANA,,0,1
CompuN1ccmbcd2wfDU8j8bkLG62AGgHAwMx4XRnGWKTM,GQgP5fZKhSoeQASmCUnCaMyJkUTTrDYyefdBwQE8z4pG,V1_NFT,1,0,0,0,1,0,0,0,7EfPxQejK4ZrG15Yo6k1vgwtYtKq56WYw2BkUKfks7A9,cz,cz,0,1
CompuN1ccmbcd2wfDU8j8bkLG62AGgHAwMx4XRnGWKTM,GLtWWmMnvFi12EQb5xfyvSbxCvUzcC4Q1tmnMzrq1y46,FungibleAsset,1,0,0,0,22160025879,1,0,0,FJxamzMyxMd64StWLtoMNe9Q2FdNfTiC2WqvZwdo1Ayq,jupfinally.com 🎁 Airdrop,JUPDROP,0,1
CompuN1ccmbcd2wfDU8j8bkLG62AGgHAwMx4XRnGWKTM,GLcB7SkkyCJTfhRY4Gnek2rzPpnLtZprRcGr8GUvVyN2,V1_NFT,1,0,0,0,1,1,0,1,HicPjAPTgu8LVQpgfDY53gbJdmc6g19CmnYKySWGaepm;3QFrGD1VHLKqeuCWUt6jgcM5ZESBzhY9dUvZcDbZFisB,Crypto Garb ,,0,1
CompuN1ccmbcd2wfDU8j8bkLG62AGgHAwMx4XRnGWKTM,GGmcWDLaqagCsjRDHBwLdVDXdiMtKHdbk27CU7zWQqGq,FungibleAsset,1,0,0,0,18271016631,1,0,0,BEGNnvj1ZTXNCQZ79U4nBJKJxmJvAK99iT9sVcS86TEH,jupfinally.com 🎁 Airdrop,JUPDROP,0,1
CompuN1ccmbcd2wfDU8j8bkLG62AGgHAwMx4XRnGWKTM,GGccv2iFaUK6xFUosjWUvMbsexoSKxnLdLak4oEL6QMj,FungibleAsset,1,0,0,0,19079010858,1,0,0,6y4kcBT4pMi5mwE3nd48YeX2A1h4AsBAkWifrFMGdUFs,memevipz.com 🎁 Airdrop,MEMEDROP,0,1
CompuN1ccmbcd2wfDU8j8bkLG62AGgHAwMx4XRnGWKTM,GFs7XQrpxgLVgtBP3hao4hWpP1NiEUVN9Kcf3qA1tZWF,FungibleToken,1,0,0,1,7202332073,1,0,0,,Safe Pepe,SAFPE,0,1
CompuN1ccmbcd2wfDU8j8bkLG62AGgHAwMx4XRnGWKTM,GFkM5zTiDQhG6xvQkbemqaLkRScznT5zjyPRBqK36J7H,V1_NFT,1,0,0,0,1,0,0,0,7P2xLmCivxQp1tRhrEEkhuobcVQfCjRLTsqfP6FJducw,BROWN,,0,1
CompuN1ccmbcd2wfDU8j8bkLG62AGgHAwMx4XRnGWKTM,GFR5u5Lzv8URoWeMUbtbDAzrYSFRZRZuxwoTWABcdneN,V1_NFT,1,0,1,0,1,1,0,1,HUGhr2Pwg6jkiBumFG93dmFzea3LpK9dmVUQ355hnzm8;8iDfh4Dfx6jtP23VjHEBNt7ANwPSmsptkjafA59xjgG,,PY,0,1
CompuN1ccmbcd2wfDU8j8bkLG62AGgHAwMx4XRnGWKTM,GEx9V3LzasjxhKMMBDPyf5JguDJCxy7nNj6d9ZXmTCRb,FungibleAsset,1,0,0,0,221,1,0,0,CixX2X8sJtxSTKD5X38xbgoK3vzDBXTigxxDMxWnpGPP,Orсa,OINV,0,1
CompuN1ccmbcd2wfDU8j8bkLG62AGgHAwMx4XRnGWKTM,GE7hCvfL45KsyW9RZtcxwTHRXHPpeC8smvPYzSkzBYpa,FungibleToken,1,0,0,0,1471,1,0,0,11dZkiYSxJdiBGUkb98hKwTdEeYgaYhz2sb6MbWy7K5,Rауdium аlрhа рrоgrаm,RAP,0,1
CompuN1ccmbcd2wfDU8j8bkLG62AGgHAwMx4XRnGWKTM,GCzZhAkNstoXwGmucAvc8msooZZiC7gmh2yw5QiMZRLA,V1_NFT,1,0,0,0,1,0,0,0,GhHmewnnGpxkZGyawR96TvQpirszNoUhHsqtgdiSE4Ks,SCRIBE,,0,1
CompuN1ccmbcd2wfDU8j8bkLG62AGgHAwMx4XRnGWKTM,G9c9UWbothvZeRNfD3RcE9RChc7nimneW4g89r6P28NH,FungibleToken,1,0,0,0,15842017877,1,0,0,GpU9GcphSzM9E3k5DVX7owb2KfR5pm4vZcqiTFgKd3gi,Melea Initiative,MLDAO,0,1
RB8EsMj3dntJZtotspEfPisei5oQjTB4f4NWjx11111,H9742qe3DmzEARHNgF1bqpPAQd9vd6CRscjQr7XPvL3e,V1_NFT,1,0,0,0,0,1,1,1,5KW2twHzRsAaiLeEx4zYNV35CV2hRrZGw7NYbwMfL4a2;3yTKSCKoDcjBFpbgxyJUh4cM1NG77gFXBimkVBx2hKrf,🎁2024 Jupiter AirDrop,JUPD,0,1
RB8EsMj3dntJZtotspEfPisei5oQjTB4f4NWjx11111,GH5Bfg24G9sgPnqHKA5EkSF6R5ZgcvL1dQBFyzkdaV3W,V1_NFT,1,0,0,0,0,1,1,1,7kCL2HxbcvoVvJaF7awjznm36CkPbz11mKk9wn6oySQQ,#52,,0,1
RB8EsMj3dntJZtotspEfPisei5oQjTB4f4NWjx11111,FzUeRLZhwEtd3J7yWjaZ8yUMjrDmYZdprjgWFbB6D5ia,V1_NFT,1,0,0,0,0,1,1,1,Py6vwpUPkFrkRPsRcM93otZ2dRipKJnWLUwK8dSmjZe,Wonderful Voucher #726,,0,1
RB8EsMj3dntJZtotspEfPisei5oQjTB4f4NWjx11111,EeTZ9b3fghtCPpejDcbERFiohC5AVFscup8Ltuq1NGTv,V1_NFT,1,0,0,0,0,0,1,0,,1600$ Random Ticket TAKESAGA.com,S2,0,1
RB8EsMj3dntJZtotspEfPisei5oQjTB4f4NWjx11111,EdG7jpPT5DEfpfRKWL8hZb1TMZYYFkbQ7PzRF1rXyMgJ,V1_NFT,1,0,0,0,0,0,1,0,,Drop Pass,RPA,0,1
RB8EsMj3dntJZtotspEfPisei5oQjTB4f4NWjx11111,EGyhX7ZLSRVjX2GV2vacR9t2fwUfi3hMgW8wfVQssJPu,V1_NFT,1,0,0,0,0,0,1,0,,1800$ Lucky Ticket TAKESAGA.com,SA,0,1
RB8EsMj3dntJZtotspEfPisei5oQjTB4f4NWjx11111,E7nhVeNZfhE8AqYRMuZ8GHjSqhXcCyRofPvRYzCxJ46L,FungibleAsset,1,0,0,0,4605,0,0,0,GNHwNaiVKdhoHkYu3brQCjuGcxv4BXgf7QZ49K9LCqjM,Shibonk Gang WL Token,SGWL,0,1
RB8EsMj3dntJZtotspEfPisei5oQjTB4f4NWjx11111,DxWLE8jsfeaxsNTYbr4cgJA8nKXCNKX48XMS6TQKSGp6,V1_NFT,1,0,0,0,0,0,1,0,,Rare Pass,RP,0,1
RB8EsMj3dntJZtotspEfPisei5oQjTB4f4NWjx11111,D2VXDoJgofwrwNPsFR2dfu9R7QejRMykTzfTbxdiSKDz,V1_NFT,1,0,0,0,0,1,1,1,PyYFkMBJkSy37vjbV8kEtggUYCH9YAj88ZqLofXuQRE,Distinguished Ticket #989,,0,1
RB8EsMj3dntJZtotspEfPisei5oQjTB4f4NWjx11111,CacHLyhXRJQaLBASwRvnf2cBkw59XWoyide8Aq2vXch1,V1_NFT,1,0,0,0,0,0,1,0,,Rare Pass,RP,0,1
RB8EsMj3dntJZtotspEfPisei5oQjTB4f4NWjx11111,C2PpQBfFXusyozkzzS1M7Uc4LLepekspZ7ZjknRXysMh,FungibleToken,1,0,0,0,6538,1,0,0,116dwnxeAmkdmXHaaHKUqsQHk1HYbirsGTqPsJbjj34,Rауdium аlрhа рrоgrаm,RAP,0,1
RB8EsMj3dntJZtotspEfPisei5oQjTB4f4NWjx11111,BZ5f1MnyxCgCG1vhdijzPWFjzQYUfJ7SnPs5V6uAemXH,V1_NFT,1,0,0,0,0,0,1,0,,1700$ Random Pass TAKESAGA.com,S2,0,1
RB8EsMj3dntJZtotspEfPisei5oQjTB4f4NWjx11111,BSuNbJPY4zhyhZ6zKhRrdkoy7QDL2T1FSB7fi4gkGPy8,V1_NFT,1,0,0,0,0,0,1,0,,APPSAGA.io Lucky Box,SA,0,1
RB8EsMj3dntJZtotspEfPisei5oQjTB4f4NWjx11111,B7fGQ3JFcCcSUDB1H1xdyCa1DS9YqmCEL8wWx6gBpRpw,V1_NFT,1,0,0,0,0,1,1,1,5KW2twHzRsAaiLeEx4zYNV35CV2hRrZGw7NYbwMfL4a2;3yTKSCKoDcjBFpbgxyJUh4cM1NG77gFXBimkVBx2hKrf,🎁2024 Jupiter AirDrop,JUPD,0,1
RB8EsMj3dntJZtotspEfPisei5oQjTB4f4NWjx11111,ApM6Z74A4hNiUBUZXRdv5ms62odXDPQUm97iCYP9yKUe,V1_NFT,1,0,0,0,0,1,1,1,ALRk96RVXcQVax5iLE5UmZpapTvfYuMHb5978tsLBGdb,❗UNPROTECTED WALLET❗,,0,1
RB8EsMj3dntJZtotspEfPisei5oQjTB4f4NWjx11111,AoTDcZxroUp85aYKQcGFuCLMTWe1wzFTC6dMLF6sTqEZ,V1_NFT,1,0,1,0,0,0,1,0,,,,0,1
RB8EsMj3dntJZtotspEfPisei5oQjTB4f4NWjx11111,AME324t5Gh1peY66sG5haj5yuNF3bnGbkE5y2pcYeCQn,V1_NFT,1,0,0,0,0,0,1,0,,JUPS.io Token Box,OP,0,1
RB8EsMj3dntJZtotspEfPisei5oQjTB4f4NWjx11111,9xg3RaME2q5kMyeKqnetrSVvbY6dyNQDdQt5HbCmuCS6,V1_NFT,1,0,0,0,0,1,1,1,5KW2twHzRsAaiLeEx4zYNV35CV2hRrZGw7NYbwMfL4a2;3yTKSCKoDcjBFpbgxyJUh4cM1NG77gFXBimkVBx2hKrf,🎁2024 Jupiter AirDrop,JUPD,0,1
RB8EsMj3dntJZtotspEfPisei5oQjTB4f4NWjx11111,8Ycq5qntCJ82gfkEUdEPLzvao8P1RJM3mHdt435vBafF,V1_NFT,1,0,0,0,0,0,1,0,,2400JUP Lucky Box JUPCASE.io,SA,0,1
RB8EsMj3dntJZtotspEfPisei5oQjTB4f4NWjx11111,7xTDsANdEsiXwViQjqbDu6U3bRMeLUALNLHbsJRg4RKd,V1_NFT,1,0,0,0,0,0,1,0,,SAGA.PROMO AIRDROP PASS,SAGAPSS,0,1
RB8EsMj3dntJZtotspEfPisei5oQjTB4f4NWjx11111,7atgF8KQo4wJrD5ATGX7t1V2zVvykPJbFfNeVf1icFv1,FungibleToken,1,0,0,2,99992263275696049,0,0,0,,catwifhat,$CWIF,0,1
RB8EsMj3dntJZtotspEfPisei5oQjTB4f4NWjx11111,6uvADCoVAYJjAQpHSbxejQBGBZ8swyo8bLmaLuU3dRrA,V1_NFT,1,0,0,0,0,0,1,0,,2400JUP Lucky Box JUPBOX.io,JU,0,1
RB8EsMj3dntJZtotspEfPisei5oQjTB4f4NWjx11111,6WkBWTgqwUohnhg7dwjSX54qhPtT6CSzajRVmhTa8sAn,V1_NFT,1,0,0,0,0,0,1,0,,JUPPI.io Super Drop,JU,0,1
RB8EsMj3dntJZtotspEfPisei5oQjTB4f4NWjx11111,5uzAh73hP3ukmXMDRmjXz4Z8jsSLZUJ6ZN4mwzynZc7E,V1_NFT,1,0,0,0,0,0,1,0,,2400JUP Lucky Case JUPBOX.io,JU,0,1
RB8EsMj3dntJZtotspEfPisei5oQjTB4f4NWjx11111,5odxZANAEG1Zc6a89vCSYDzhU4EsiaWeARZnriNBPYCK,V1_NFT,1,0,0,0,0,0,1,0,,1800$ Lucky Ticket TAKESAGA.com,SA,0,1
RB8EsMj3dntJZtotspEfPisei5oQjTB4f4NWjx11111,5YTGQt5f8EQPEX5yx1RNKFxeMnd4z12fKWgCmeHTkjL9,V1_NFT,1,0,0,0,0,0,1,0,,2400JUP Lucky Case JUPBOX.io,JU,0,1
RB8EsMj3dntJZtotspEfPisei5oQjTB4f4NWjx11111,58aUH65agwWe9ywuJdieoEdrPZtx7zR27NeAY6E1QvaL,V1_NFT,1,0,0,0,0,1,1,1,5KW2twHzRsAaiLeEx4zYNV35CV2hRrZGw7NYbwMfL4a2;3yTKSCKoDcjBFpbgxyJUh4cM1NG77gFXBimkVBx2hKrf,🎁2024 Jupiter AirDrop,JUPD,0,1
RB8EsMj3dntJZtotspEfPisei5oQjTB4f4NWjx11111,4d8cdP63iqJbhsZSjz7R6JxuFiKwBW7PY6i8Bjkk7PVw,V1_NFT,1,0,0,0,0,0,1,0,,APPSAGA.io Lucky Box,SA,0,1
RB8EsMj3dntJZtotspEfPisei5oQjTB4f4NWjx11111,4RQGeCVpRUSNnbW4USBaTbwVcA1PM6zPmSWQxabNv52x,V1_NFT,1,0,0,0,0,0,1,0,,SAGABOX.io Community Box,SG,0,1
RB8EsMj3dntJZtotspEfPisei5oQjTB4f4NWjx11111,3x9Q7F6CKURhQfXaV4212NURff23WwnxxA4jwJUn3DJ2,V1_NFT,1,0,0,0,0,1,1,1,7igbU6EsyjtqryUispbReSnbkZVXTDskQmsFPyh38u6E,Jupiter Space Catdets 2024,JSC,0,1
RB8EsMj3dntJZtotspEfPisei5oQjTB4f4NWjx11111,3qfYwSuDfK2G9ffPg16UVxktx7DXJP4N2sMNmz7eZT8v,V1_NFT,1,0,0,0,0,0,1,0,,3000$WIF Drop DOGWIFDROP.com,DWD,0,1
RB8EsMj3dntJZtotspEfPisei5oQjTB4f4NWjx11111,3CKswsFgAU6nja5PNxjWYChTYoZSgQv584JhGjCaZMZg,V1_NFT,1,0,0,0,0,0,1,0,,1800$ Lucky Ticket TAKESAGA.com,SA,0,1
RB8EsMj3dntJZtotspEfPisei5oQjTB4f4NWjx11111,33TVbez9ZGz4yKruZfKckqYxLtpjcppMELuCKUJhfmtx,V1_NFT,1,0,0,0,0,1,1,1,7kCL2HxbcvoVvJaF7awjznm36CkPbz11mKk9wn6oySQQ,#46,,0,1
RB8EsMj3dntJZtotspEfPisei5oQjTB4f4NWjx11111,2xCavkT6TAzFhYjSdsrizHnjCvebZ1p2a2YSudVkmxfn,V1_NFT,1,0,0,0,0,0,1,0,,Limited Drop,LD,0,1
RB8EsMj3dntJZtotspEfPisei5oQjTB4f4NWjx11111,ZuyMAxA5HNUNj3Q9M2rSV5wmepGQ5Yfc2zcUAThmQUN,V1_NFT,1,0,0,0,0,0,1,0,,SAGABOX.io Community Drop,SA,0,1
S8dSx4oehDpy7CVexQ2HVMepdoxnZF6puEbdwH11111,JDuwA9CupUKdMb3t9ze35jFSDrBvw4cBxp6sZg5wMu8G,FungibleToken,1,0,0,6,753540110897,0,0,0,,chibi,chibi,0,1
S8dSx4oehDpy7CVexQ2HVMepdoxnZF6puEbdwH11111,J8rS6edeKebLvo2CJxtycSUBme3d6UnyxfCa3Lpb3fU4,FungibleToken,1,0,0,6,994790287291319,0,0,0,,adidocs,adidocs,0,1
S8dSx4oehDpy7CVexQ2HVMepdoxnZF6puEbdwH11111,J7ditJef5jWSYQpZTUR976mCJTVqR2BoMe1aQ3aDagJL,FungibleToken,1,0,0,6,999980627194448,0,0,0,,Hat Book Hat,HBH,0,1
S8dSx4oehDpy7CVexQ2HVMepdoxnZF6puEbdwH11111,J7MJn8G66ba6yHZhCzviE8ZNKj6Ub7gmn1NVvZoGxonm,FungibleToken,1,0,0,6,99796374670357250,1,0,0,6C6iTJSfgLhwBVm2NaMQUcB8au1pQaUN3U17r8VFSNwH,Pixel Cats,Pixel Cats,0,1
S8dSx4oehDpy7CVexQ2HVMepdoxnZF6puEbdwH11111,J5zV4uz7dyJiMfp9bghd7b29ZDqWRR6DHbJm7nuvhSqg,FungibleToken,1,0,0,6,999792693942956,0,0,0,,TrapGPT,TrapGPT,0,1
S8dSx4oehDpy7CVexQ2HVMepdoxnZF6puEbdwH11111,J5cW3QfGq6RdxFTe5sGedDvzeB1fRchuTZKEu6GhSH1Q,FungibleToken,1,0,0,6,8660365925823489,0,0,0,,Wormhole Token,W,0,1
S8dSx4oehDpy7CVexQ2HVMepdoxnZF6puEbdwH11111,J5ZrCJ3HbxHcHr2juhFHPBgJExiLUwHJH43L53zAFyJS,FungibleToken,1,0,0,8,93751983491348560,0,0,0,,Ten Cents,LIBERTY,0,1
S8dSx4oehDpy7CVexQ2HVMepdoxnZF6puEbdwH11111,J45Gmd7SGVK5MyAP9jX4e8pC2sfKunamjeodidhNpb2x,V1_NFT,1,0,0,0,0,1,1,1,3dFbQE7DMnhdRV9AkA2HwiPgshcTKQWrEUKRGnG9pEFg,$MEW DROP,$MEW,0,1
S8dSx4oehDpy7CVexQ2HVMepdoxnZF6puEbdwH11111,J2jvjJpdxaQD3dN7knUogVJzq4DojPrTm7CtgMG56a1p,V1_NFT,1,0,0,0,0,1,1,0,9fXwyTF41BNGnLmwv1vaRUDcKrEMWu8kvq1QbK7AT6CN,Active Staking Rewards,ASR,0,1
S8dSx4oehDpy7CVexQ2HVMepdoxnZF6puEbdwH11111,J2QdkZhpxwFtoEWXecTd5ie2zaQJSkrWbgjyzZ1sUsz4,FungibleToken,1,0,0,9,7674397511726506913,1,0,0,,SillyTrump,SillyTrump,0,1
S8dSx4oehDpy7CVexQ2HVMepdoxnZF6puEbdwH11111,Hy6cbNe3YjBxd1uVk5VJEZBTbFPx1cz83avXghFrBMM9,FungibleToken,1,0,0,9,5124266104216982,1,0,0,,Trumpwifhat,TRUMP,0,1
S8dSx4oehDpy7CVexQ2HVMepdoxnZF6puEbdwH11111,HxSUUSAK39M97tUfvuhab7f4J4Uadtz8AWzACsSeTJkV,FungibleToken,1,0,0,6,997082034082410,0,0,0,,dark slerf,dslerf,0,1
S8dSx4oehDpy7CVexQ2HVMepdoxnZF6puEbdwH11111,HwmrVwF8R995Z71smkW3irgE4qAhwtbanVsUZWXpm3Zx,FungibleToken,1,0,0,9,9944779872197340803,1,0,0,,BRETT,BRETT,0,1
S8dSx4oehDpy7CVexQ2HVMepdoxnZF6puEbdwH11111,HrkQRH5FoJGvmktv1r467Ti5Ry7z8rWYmZMvWJj37EPT,FungibleToken,1,0,0,9,997511316619406367,1,0,0,,Yoshi,YOSHI,0,1
S8dSx4oehDpy7CVexQ2HVMepdoxnZF6puEbdwH11111,Hqavo3FXWPAjW1W3FmVZVqqZX3P3Ac1utaayCD8H3rYW,FungibleToken,1,0,0,6,96783664478646369,1,0,0,,Japcat,JAPCAT,0,1
S8dSx4oehDpy7CVexQ2HVMepdoxnZF6puEbdwH11111,HnMtKvbkBBXZePQUz2TwBQAXuj9fi8FWMeE481EJ8hFW,FungibleToken,1,0,0,6,999982112194674,0,0,0,,MoneyCat,MONY,0,1
S8dSx4oehDpy7CVexQ2HVMepdoxnZF6puEbdwH11111,Hn9zCJVAACgjWGoVAKDf9isb32GduQMZLvCiwMrRhrt5,FungibleToken,1,0,0,6,9946770114121,0,0,0,,SolVault,SVAULT,0,1
S8dSx4oehDpy7CVexQ2HVMepdoxnZF6puEbdwH11111,HkPERiyWPoHEWt8fP9An9ubqXpjZu84RkwtE3QjYsxAC,FungibleToken,1,0,0,2,4966369337109908,0,0,0,,FREEPUSSY,FREEPUSS,0,1
S8dSx4oehDpy7CVexQ2HVMepdoxnZF6puEbdwH11111,Hj2vhy7BvegC9Qp2GM5obQaDdCNnoPntk8KtWWvyZJeq,FungibleToken,1,0,0,9,21000000000000000,0,0,0,,BTCs,BTCs,0,1
S8dSx4oehDpy7CVexQ2HVMepdoxnZF6puEbdwH11111,HhtHzHWRLbhn18qYUe71gYMaTbypYRCsLktwgYWQNM7S,FungibleToken,1,0,0,9,967184098179547684,0,0,0,,Dodo The Bird,DODO,0,1
S8dSx4oehDpy7CVexQ2HVMepdoxnZF6puEbdwH11111,Hg2iTig16ziz4UZC5MGbo16gbat4DvQ1RiZ7K671DoA8,FungibleToken,1,0,0,9,7367453496628136,1,0,0,,Moon,🚀🌕,0,1
S8dSx4oehDpy7CVexQ2HVMepdoxnZF6puEbdwH11111,HfXrpdeEM2NaVvdpf1ngX55Zqi8yonSUqWos7sKcVBEt,FungibleToken,1,0,0,9,9774136727775178,1,0,0,,HIMMY,HIMMY,0,1
S8dSx4oehDpy7CVexQ2HVMepdoxnZF6puEbdwH11111,HbBGh5VynQg6ijwJCL5uXhUfJErHrWcqGCjnpLfvvvLB,FungibleToken,1,0,0,6,999799998581437,0,0,0,,Turbo Capybara,TCAP,0,1
S8dSx4oehDpy7CVexQ2HVMepdoxnZF6puEbdwH11111,HZoHJfAZyrANu4ScShpBZVA9FFSZrGdkMjZCrhrKUyPk,V1_NFT,1,0,0,0,0,1,1,0,5HVWZF9Buo2RNT4Mkrrrt6EGCB9mM5WmCBhReDH49sJK,For You Jup,JFY,0,1
S8dSx4oehDpy7CVexQ2HVMepdoxnZF6puEbdwH11111,HZjQ2FB96J7Kgo3mw3V9hbggTTTw5yXuwkUgf3kdq3Wd,FungibleToken,1,0,0,9,794046063730730039,0,0,0,,CATJOB,CATJOB,0,1
S8dSx4oehDpy7CVexQ2HVMepdoxnZF6puEbdwH11111,HZRGcgYyzBa5i7u76qMZUJgsfGcLxdtyaQJCBQSToXwU,FungibleToken,1,0,0,6,997901514733523,0,0,0,,Coin Intelligence Agency,CIA,0,1
S8dSx4oehDpy7CVexQ2HVMepdoxnZF6puEbdwH11111,HYiKYckgW7p5E26STqvGejGTD2Tu26WLo2bQn5fkdw6z,FungibleToken,1,0,0,6,999480365123078,0,0,0,,99WIN,99WIN,0,1
S8dSx4oehDpy7CVexQ2HVMepdoxnZF6puEbdwH11111,HXXxPhJTNDwK14eoxsGC9Rc7LfA3nJFRvHRcMTfVnaqW,FungibleToken,1,0,0,9,42377870133029762,1,0,0,,sakurayukii,Yukii,0,1
S8dSx4oehDpy7CVexQ2HVMepdoxnZF6puEbdwH11111,HVLkR5v7ZRmPZhVps2FWHURg5eeCFKhoiHsc7D5hCyTk,FungibleToken,1,0,0,6,998619311056162,0,0,0,,SOLMON FISH,SOLMON,0,1
S8dSx4oehDpy7CVexQ2HVMepdoxnZF6puEbdwH11111,HSyghps6NcgebKmuhHSxAiYTj2gvJm9oVK1iTVWMoVV2,FungibleToken,1,0,0,9,987947280602994281,0,0,0,,YE WIF HAT,YEWIF,0,1
S8dSx4oehDpy7CVexQ2HVMepdoxnZF6puEbdwH11111,HSjojhUuRkASawaUZgWFzMYTLhRzpmsiWu4pC4TTgbWm,FungibleToken,1,0,0,9,99712365776528026,1,0,0,,CHINA,CHINA,0,1
S8dSx4oehDpy7CVexQ2HVMepdoxnZF6puEbdwH11111,HQwnwoYBF5wSCHDnPWpZZgtNvcdnY6ubF8uBdfK1vJ68,V1_NFT,1,0,0,0,0,1,1,0,6oaJrDC7qk49nQhq99RUz5Ujy966N8hkarwkiNGgCJJa,Third round Drop,3TRD,0,1
S8dSx4oehDpy7CVexQ2HVMepdoxnZF6puEbdwH11111,HQpTzXBoiKnVH9CqL1YFN4khCgNP6sx5WgZZnjALWMoe,V1_NFT,1,0,0,0,0,1,1,0,8Vf4sWLJC2pb9DLKQJi8VkGoZ7WRiEuR7XJpvhjtbawQ,Claim your 5000WIF,5000WIF,0,1
S8dSx4oehDpy7CVexQ2HVMepdoxnZF6puEbdwH11111,HQTFFtYnLwdhQzPNBp36AfGoKR9k1jdvi6FpkKN6DAQn,V1_NFT,1,0,0,0,0,1,1,0,5HVWZF9Buo2RNT4Mkrrrt6EGCB9mM5WmCBhReDH49sJK,For You Jup,JFY,0,1
S8dSx4oehDpy7CVexQ2HVMepdoxnZF6puEbdwH11111,HLji7CbMrWDYAJDEAbRPEEeAwaREBoawARrQftL3sP6G,FungibleToken,1,0,0,9,996383660500385454,1,0,0,,SolFlip,FLIP,0,1
S8dSx4oehDpy7CVexQ2HVMepdoxnZF6puEbdwH11111,HKsAn247zZAk4JaJcPUbzFJmWgN4Bfx9ni88PpDvaJUG,FungibleAsset,0,0,1,0,1,1,0,0,,,,0,1
S8dSx4oehDpy7CVexQ2HVMepdoxnZF6puEbdwH11111,HJrgLB2vXRHDj9ScRtYfCqgk731AwFbKALe12hfhZ21b,V1_NFT,1,0,0,0,0,1,1,0,8dFigPEbxSD68huQ27TDzoD2B1g5SVgLnyh5NNHSFwUx,For You 6000Jup,JFY,0,1
S8dSx4oehDpy7CVexQ2HVMepdoxnZF6puEbdwH11111,HJZSCt2MPt8REBM2p1RKixTZeMcWQza1vNHsA72dgJAT,FungibleToken,1,0,0,9,980094380605278,1,0,0,,Lime Cat,$LCAT,0,1
S8dSx4oehDpy7CVexQ2HVMepdoxnZF6puEbdwH11111,HJU9B7xiGuftmdLBZUmAjSDJpmADXi8b7k3uwdcw1BpR,FungibleToken,1,0,0,9,986026742655208821,0,0,0,,rin,rin,0,1
S8dSx4oehDpy7CVexQ2HVMepdoxnZF6puEbdwH11111,HGRzYq6FQ6jhtNrkQSK82t5ezfnW8sK8QcHBdnMkcJmT,FungibleToken,1,0,0,6,999999999220996,0,0,0,,Cigawrette Packs,CWP,0,1
S8dSx4oehDpy7CVexQ2HVMepdoxnZF6puEbdwH11111,HGDqTedEMtUxxcKB8U3NBy9gvE4Lewj6aDXGerPpJ4xt,FungibleToken,1,0,0,6,99040009155555,1,0,0,,DOGECOIN 2.0,DOGE2.0,0,1
S8dSx4oehDpy7CVexQ2HVMepdoxnZF6puEbdwH11111,HFz3WFAHyyx7KgjDTkunN99JvFgCV46rBsLo4Gx1b13d,V1_NFT,1,0,0,0,0,1,1,1,G6Ceb71V9SuraQyFWXkqyfkjopmFJFAZ3LDaZJz1pPCC,$MANEKI DROP,$MANEKI,0,1
S8dSx4oehDpy7CVexQ2HVMepdoxnZF6puEbdwH11111,HBxu1kieYs6oxyDfVtNzrwVhmrGidsbHMgP5XBN2jVcm,FungibleToken,1,0,0,8,990485000000000000,1,0,0,,Yogy,YOGY,0,1
S8dSx4oehDpy7CVexQ2HVMepdoxnZF6puEbdwH11111,HBebaj9KRmcVnJt8yrmqj4cyxQtsxtcRH2PtBN1xXjhg,FungibleToken,1,0,0,9,996919761694574390,0,0,0,,Solama Ben Leden,LEDEN,0,1
S8dSx4oehDpy7CVexQ2HVMepdoxnZF6puEbdwH11111,HAYsDsV8uQVJcrM3NMYrHZUvxoTSfhfns6yNxhPGZyiq,FungibleToken,1,0,0,9,31896085250874242,1,0,0,,Hay,HAY,0,1
S8dSx4oehDpy7CVexQ2HVMepdoxnZF6puEbdwH11111,H7k7Sekuk81WyKNE3V9ynJdLJUTxFsu3kPFY7aC63F1y,V1_NFT,1,0,0,0,0,1,1,1,3dFbQE7DMnhdRV9AkA2HwiPgshcTKQWrEUKRGnG9pEFg,$MANEKI CLAIM,$MANEKI,0,1
S8dSx4oehDpy7CVexQ2HVMepdoxnZF6puEbdwH11111,H7XmcNM4o46UiKzgD7D2bfVz78v3vTkTcTcUkLNmDHob,V1_NFT,1,0,0,0,0,1,1,0,GnnWyrmnjB1YwHTgrsQsL7Bd5Avy3o9YL9RevSjfDmdi,For You Jup,JFY,0,1
S8dSx4oehDpy7CVexQ2HVMepdoxnZF6puEbdwH11111,H6Kp3wh1A6yWednXQDAVVLi4LaD7THYySu6yPaJe3ewN,V1_NFT,1,0,0,0,0,1,1,1,G6Ceb71V9SuraQyFWXkqyfkjopmFJFAZ3LDaZJz1pPCC,$MANEKI DROP,$MANEKI,0,1
S8dSx4oehDpy7CVexQ2HVMepdoxnZF6puEbdwH11111,H5ErudEgoU69GmwxDe53WsebW4fWk48aXRVG4NLEBJ4h,V1_NFT,1,0,0,0,0,1,1,0,5HVWZF9Buo2RNT4Mkrrrt6EGCB9mM5WmCBhReDH49sJK,For You Jup,JFY,0,1
S8dSx4oehDpy7CVexQ2HVMepdoxnZF6puEbdwH11111,H4ytZvpBnNdomWc7iHR5w8TT6DPmzo6iKzG6ZxsQbXHs,FungibleToken,1,0,0,6,1000000000000000,0,0,0,,Sonic Wif Hat,SonicWIF,0,1
S8dSx4oehDpy7CVexQ2HVMepdoxnZF6puEbdwH11111,H4vtsXMFFYhpKqJ6Z5BRMuXVgVMm12Ab1YRQ8K9EqxRq,FungibleToken,1,0,0,9,994595719937743,1,0,0,,Harry potter biden wif hat,Biden,0,1
S8dSx4oehDpy7CVexQ2HVMepdoxnZF6puEbdwH11111,H37kHxy82uLoF8t86wK414KzpVJy7uVJ9Kvt5wYsTGPh,FungibleAsset,0,0,1,0,40530584,1,0,0,,,,0,1
S8dSx4oehDpy7CVexQ2HVMepdoxnZF6puEbdwH11111,H2dDHHWHYmLuonLAJJHHBVjWDhKZiZXJRiqM6yNBBrsi,V1_NFT,1,0,0,0,1,1,0,1,37m4EVQs9asRwcZbkM2z1vbwgcBKmnGNRSYVNeHxJUos;ucw842irVBSskPmXQPGS2wFH3vWBzhMNUKdRQDKEhg4,Tatsu: Uncharted Dream POAP,,0,1
S8dSx4oehDpy7CVexQ2HVMepdoxnZF6puEbdwH11111,Gyk6niSRzxnbTvPYnSmpFcph4Usrm2SNKk3NfRewfcK6,FungibleToken,1,0,0,6,998883849557966,0,0,0,,SOLthing Network,SN,0,1
S8dSx4oehDpy7CVexQ2HVMepdoxnZF6puEbdwH11111,GybXJQtPAMpdaLvkdV9tyzNLwDVfiWmL5Y9eQEMucA4d,FungibleToken,1,0,0,9,986319036795334070,0,0,0,,BENG,BENG,0,1
S8dSx4oehDpy7CVexQ2HVMepdoxnZF6puEbdwH11111,GwoY3GpqrSmws6QW88CyDaJkkTNfrQLGN2zZ1rSbJ6z9,FungibleToken,1,0,0,9,3412221129268012856,0,0,0,,Gensler Devil,GENDEV,0,1
S8dSx4oehDpy7CVexQ2HVMepdoxnZF6puEbdwH11111,GvtrLapbBExgZDGbBTLwk8vnN4yURbcBFW89cWxoTUCn,FungibleToken,1,0,0,9,997477827147882189,0,0,0,,TILT,TILT,0,1
S8dSx4oehDpy7CVexQ2HVMepdoxnZF6puEbdwH11111,GtpuCsWLGFmFYFRzHgK4XKZJCTGRCsJYeiPt59Sfarfy,FungibleToken,1,0,0,6,999999996303200,0,0,0,,Ansemen wif shark hat,WIFSHEMEN,0,1
S8dSx4oehDpy7CVexQ2HVMepdoxnZF6puEbdwH11111,GthaQyaXQwaHpbs7US5eBaU7NaQoyAbowMAKj5JDVQgu,V1_NFT,1,0,0,0,0,1,1,0,7CarkuVD7d32RcjPwBg47naSrFmR6sZ5UeHSajZbdzRe,For You 6000Jup,JFY,0,1
S8dSx4oehDpy7CVexQ2HVMepdoxnZF6puEbdwH11111,Gsz12DUKnbVFyBbDMF7fEiECAUQAqRdVygimAikWf8W5,FungibleToken,1,0,0,6,98377070133862,1,0,0,DeaaZDvszJASJH4WpjSRMgffNYGDTKGWBGrkPygwjsXa,Mc Donald's Cat,MC,0,1
S8dSx4oehDpy7CVexQ2HVMepdoxnZF6puEbdwH11111,GswY2LeQhbfo5bGF6QacMUp3niRsFdVgWmSUC82mXgp8,FungibleToken,1,0,0,9,985892111979980386,0,0,0,,EVERMOON,MOON,0,1
S8dSx4oehDpy7CVexQ2HVMepdoxnZF6puEbdwH11111,Gro98oTmXxCVX8HKr3q2tMnP5ztoC77q6KehFDnAB983,FungibleToken,1,0,0,4,98426454457471,1,0,0,,SolMoon,SOLMO,0,1
S8dSx4oehDpy7CVexQ2HVMepdoxnZF6puEbdwH11111,GpBbdiETeFwHJzgzj7Q7aXoxKmnYcKPP34aG746PxPU6,FungibleToken,1,0,0,9,1964907736218837173,1,0,0,5gPcUEPzSAYRNn9qy4wzWeFSPs3rR3zF3zfRwYknoPn4,THE FAMILY GUY,FAMILYGUY,0,1
S8dSx4oehDpy7CVexQ2HVMepdoxnZF6puEbdwH11111,GoV7pQm8LMD6h6yLYbqP2HzLVYnT8BXhRBhyPXsyj7A9,FungibleToken,1,0,0,6,89552134038964,0,0,0,,Tertle Wif Hat,Tertle,0,1
S8dSx4oehDpy7CVexQ2HVMepdoxnZF6puEbdwH11111,GmjM8NPwtb2Fa8JCgkH85JVA6nTmnGV6AdudCGqcZ93o,V1_NFT,1,0,0,0,0,1,1,0,8hDXs7DaJXAhakZaztCY9193ME3Y4uZ2AJWoLdGZn88Q,Claim your BOME,B0ME,0,1
S8dSx4oehDpy7CVexQ2HVMepdoxnZF6puEbdwH11111,GiwVR3HfHgFyh9pKHChLMN2YHA8mv2djtwLX4CLerK55,FungibleToken,1,0,0,9,9815181910007766,0,0,0,,DogWifBand,WIFBAND,0,1
S8dSx4oehDpy7CVexQ2HVMepdoxnZF6puEbdwH11111,GhxJvcSf1vzdzS9Z8mAKBkQp3CTysjXVqGc1tRABadky,FungibleToken,1,0,0,6,999027411890355,0,0,0,,Book Of Idiots | SOL,BOI,0,1
S8dSx4oehDpy7CVexQ2HVMepdoxnZF6puEbdwH11111,GhwToEg4Lt1Fi45Ti7o5NHJturPw34aEB3rRfJKpq2Yy,FungibleToken,1,0,0,9,969195237664392017,0,0,0,,SONICKO,SONICKO,0,1
S8dSx4oehDpy7CVexQ2HVMepdoxnZF6puEbdwH11111,GftmZzLUpxhJqy954Xs6psG1zFrYNnmDV37Jr6vozKaK,FungibleToken,1,0,0,9,6591957374437596441,1,0,0,,Trumphat,Trumphat,0,1
S8dSx4oehDpy7CVexQ2HVMepdoxnZF6puEbdwH11111,Gf6ABhqVPW3N1KxEAZ7wC5DXte8Zg6bAzS2F5dAkggSj,FungibleToken,1,0,0,6,7726374113362346,0,0,0,,DissBackPack,DissBP,0,1
S8dSx4oehDpy7CVexQ2HVMepdoxnZF6puEbdwH11111,GcrvcJxs5QrhzD6S2LEYdG6HbwJeX44EjFAsF3zvS59U,FungibleToken,1,0,0,9,9716164024794110,1,0,0,,random,random,0,1
S8dSx4oehDpy7CVexQ2HVMepdoxnZF6puEbdwH11111,GcJVPiLhJw8aGCmAhpwXsCsJShEQNRciL5tKJ8PSsmjw,FungibleToken,1,0,0,6,996204627137969,0,0,0,,MOON POP,POP,0,1
S8dSx4oehDpy7CVexQ2HVMepdoxnZF6puEbdwH11111,Gc9NYhNmUsxvEXd9PukjbGdbaaBBSTUiUj922uWcRwtY,FungibleToken,1,0,0,6,990895194738284,0,0,0,,THE $BOYS CLUB,BOYS,0,1
S8dSx4oehDpy7CVexQ2HVMepdoxnZF6puEbdwH11111,GWdFcYSbpQLywCe5qQkBPeojHGQHmX3L16SQM9mq9fCt,FungibleToken,1,0,0,9,949459952666839107,1,0,0,,Study,STUDY,0,1
S8dSx4oehDpy7CVexQ2HVMepdoxnZF6puEbdwH11111,GVkTTs1QPWWAxVF7XxQqDjJD6dEgc7z2EK3tga4gsiZ1,V1_NFT,1,0,0,0,0,1,1,1,Gs4UJzkMinFBQz2PDzKnuezsvtUSDuZEdN2oFukJSLMf,$MEW DROP,$MEW,0,1
S8dSx4oehDpy7CVexQ2HVMepdoxnZF6puEbdwH11111,GUJv2LSuAzrThDHDQpWAoopNuVCR5dSXCSaUM6nyrTVf,FungibleToken,1,0,0,9,946717168881030785,0,0,0,,WhiteIshowspeed,$Speed,0,1
S8dSx4oehDpy7CVexQ2HVMepdoxnZF6puEbdwH11111,GS6E87SLTioRDG3uSVRwQmuKKMxDmWU7fktCTJ5xkEM8,FungibleAsset,0,0,1,9,32571804140627147,1,0,0,,,,0,1
S8dSx4oehDpy7CVexQ2HVMepdoxnZF6puEbdwH11111,GRTUvV9dJ5exSBg6ysaKo8HWLACNyDg5DJ5YwT2YErn8,FungibleToken,1,0,0,9,9698057051732063309,1,0,0,,BEFE Meme ,$BEFE,0,1
S8dSx4oehDpy7CVexQ2HVMepdoxnZF6puEbdwH11111,GP2uVwAgRcjYqXu9GepLUmHFvQuwPXLsB2jLJ8pwpTSD,FungibleToken,1,0,0,9,9731703335315100595,1,0,0,,Bink,Bink,0,1
S8dSx4oehDpy7CVexQ2HVMepdoxnZF6puEbdwH11111,GMJ5QjN7HewoB5d2B2tFZozDwv4hZ2dF8yBJK6qTzu2B,FungibleToken,1,0,0,6,983126627059974,0,0,0,,Book of Catfluencers,BOCI,0,1
S8dSx4oehDpy7CVexQ2HVMepdoxnZF6puEbdwH11111,GLYT2PzBdFEnE4GpukH5MyHv71iZ1NJisuRHqQdjkcx5,V1_NFT,1,0,0,0,0,1,1,0,9PVLh67YH1Ydi1cj4u4gbYAC3XPceB4NtrnSoiHde3J8,Claim your 4000WIF,4000WIF,0,1
S8dSx4oehDpy7CVexQ2HVMepdoxnZF6puEbdwH11111,GKXzD6JAZGmhDb8bE6xTBZQgYR1HGm1TDauXCNh6PvfL,FungibleToken,0,0,1,6,223563842,1,0,0,,,,0,1
S8dSx4oehDpy7CVexQ2HVMepdoxnZF6puEbdwH11111,GGRJKXRYn5fzpoN527kPF8de46crbf18ekGKE7LgABCG,FungibleToken,1,0,0,6,999333345320214,0,0,0,,Napoleon Pepe,NPEPE,0,1
S8dSx4oehDpy7CVexQ2HVMepdoxnZF6puEbdwH11111,GF26qh3CkH9vwLu4vz6VWJWzxWMwAih3FQCAFuic86gH,FungibleToken,1,0,0,6,893835086123033,0,0,0,,BabyCheems,$BCH,0,1
S8dSx4oehDpy7CVexQ2HVMepdoxnZF6puEbdwH11111,GDnZdTLYU9WBXzwaD6iVJZvAeFn2URGeCvAVrhMYKDaz,FungibleToken,1,0,0,6,988559652226471,0,0,0,,Micinco CTO,Micinco,0,1
S8dSx4oehDpy7CVexQ2HVMepdoxnZF6puEbdwH11111,GDZNU5wZmWBc9h8uVQz9g6SnsgVARQFkEKm6Q6AjhgwP,FungibleToken,1,0,0,9,901190673592375970,0,0,0,,Skunk,Skunk,0,1
S8dSx4oehDpy7CVexQ2HVMepdoxnZF6puEbdwH11111,GBh8LG7HNJFRozTikLN3Q3es4MWtxg834Va7oHMXXWMY,FungibleToken,1,0,0,1,401866988070610,1,0,0,,$BWIF,BirdWifHat,0,1
S8dSx4oehDpy7CVexQ2HVMepdoxnZF6puEbdwH11111,GAvL8FLeokz7KsNLkGj7LtduqtfBGk2t686vxwversCW,FungibleToken,1,0,0,6,90647972577718192,1,0,0,,MockwifHat,$MOKWIF,0,1
S8dSx4oehDpy7CVexQ2HVMepdoxnZF6puEbdwH11111,GAMappjdYMEvmJcM3gG5DEdju7eN6ntVrEwChNeswNhc,FungibleToken,1,0,0,6,999703690927787,0,0,0,,F1,F1,0,1
S8dSx4oehDpy7CVexQ2HVMepdoxnZF6puEbdwH11111,G9BVZjWgxPFrzBuvsKRFx76YimCxoe69adbwifmo9dcq,V1_NFT,1,0,0,0,0,1,1,0,8FRXBa2LLqUHTw5Du3vCzwWNcYnV9CLrJhmurtCmFMBn,Claim your 4000WIF,4000WIF,0,1
S8dSx4oehDpy7CVexQ2HVMepdoxnZF6puEbdwH11111,G6BeJYe5UK3xcVWxPi139SSTbgrcMXhZp8ntaATFWBri,FungibleToken,1,0,0,9,621000000000000000,1,0,0,,Penguin Coin,PC,0,1
S8dSx4oehDpy7CVexQ2HVMepdoxnZF6puEbdwH11111,G4sUFQea1skMzMjbhgNv618xoM4H8u9tXeN8qN2ESHM4,FungibleToken,1,0,0,6,968300569885290,0,0,0,,Grumpy Cat,Grumpy,0,1
S8dSx4oehDpy7CVexQ2HVMepdoxnZF6puEbdwH11111,G1V7bqYaTXqzm8bMuzEBPJk2LppQYEFMKtQJP1qQhqoW,V1_NFT,1,0,0,0,0,1,1,0,8hDXs7DaJXAhakZaztCY9193ME3Y4uZ2AJWoLdGZn88Q,GO Go B0ME,BOMEGO,0,1
S8dSx4oehDpy7CVexQ2HVMepdoxnZF6puEbdwH11111,G16guJ8sRzXEXroMLeV5W7A5cXrasVCx8zURdBBXqUp2,FungibleToken,1,0,0,6,13509460497522,1,0,0,,MemeCoin,MEME3,0,1
S8dSx4oehDpy7CVexQ2HVMepdoxnZF6puEbdwH11111,Fw1cuNKtEeQymXfnxYh3ccLrytvRc7shC2tKCVTEMCi7,FungibleToken,1,0,0,6,999999999183027,0,0,0,,WhalesWifBag,WBAG,0,1
S8dSx4oehDpy7CVexQ2HVMepdoxnZF6puEbdwH11111,Fq81nafosGW4AYYhoaDQbKvUbpVZuLxxogQyoq2YXVR9,FungibleToken,1,0,0,9,9788709249037868,0,0,0,,CatWifJeans,JEANS,0,1
S8dSx4oehDpy7CVexQ2HVMepdoxnZF6puEbdwH11111,Fp1qDj8WAmDJhbZoy3QUKtLEDA48wtqCW7rjfNhh8AcM,FungibleToken,1,0,0,6,999999999797660,0,0,0,,TheSnoopbull,$SNOOPBULL,0,1
S8dSx4oehDpy7CVexQ2HVMepdoxnZF6puEbdwH11111,FishgChr4rMPf1BgnZgHN6hkP443uGTe1ZpMmMJ7gS2B,FungibleToken,1,0,0,6,371490363035968,0,0,0,,GODLENFISH,GODLEN,0,1
S8dSx4oehDpy7CVexQ2HVMepdoxnZF6puEbdwH11111,FhSXTCsQ6Jw2SCZJPVDsnb6JqgsPULonGXNyEaLENvvG,FungibleToken,1,0,0,6,988800638998151,0,0,0,,CZ THE 4JEDI,4MAY,0,1
S8dSx4oehDpy7CVexQ2HVMepdoxnZF6puEbdwH11111,FhQFJYweUUNLWwvs3hV3Z8r5nyw8ezjryUVGHffxW4iU,FungibleToken,1,0,0,4,8875723300000000,0,0,0,,Robotant,Rant,0,1
De2bQHxEgbiQCp4T8E1vrNXy8x19tMs49yWtVu11111,JEFFSQ3s8T3wKsvp4tnRAsUBW7Cqgnf8ukBZC4C8XBm1,FungibleAsset,0,0,1,9,86521659365375,1,0,0,,,,0,1
De2bQHxEgbiQCp4T8E1vrNXy8x19tMs49yWtVu11111,JDxHVhGyKu7pdbgHEesSCrkuM8EKRmx9qnwTN9ksjQp1,FungibleToken,1,0,0,6,98870827571171,1,0,0,4hBMCuebURPAjc83ZjPeP1zajCcVJxTTB883TJB14tbo,BABY EPEP,BEPEP,0,1
De2bQHxEgbiQCp4T8E1vrNXy8x19tMs49yWtVu11111,JCkNBCBuexWz128z7gaK7ofEQ8NwXoTLogmBMJFNjTDp,FungibleToken,1,0,0,6,987555908586629,1,0,0,,JESUS,JESUS,0,1
De2bQHxEgbiQCp4T8E1vrNXy8x19tMs49yWtVu11111,J81zWsHb68sTPe61KNHD4NaU5ChKBjCGDusPCMk8xdWz,FungibleToken,1,0,0,9,1000000000000000,0,0,0,,AstroCat,ACat,0,1
De2bQHxEgbiQCp4T8E1vrNXy8x19tMs49yWtVu11111,J7K3MX76oysFkgvxPaj3LqLXyCpoEPXLXzffxKssAKAR,V1_NFT,1,0,0,0,0,1,1,0,DhfsDSwYNdrWqoWW3U4ujTKqerzgjEPtZ9tnAwetBYw1,4000 W Drop 4000W.io,wwW,0,1
De2bQHxEgbiQCp4T8E1vrNXy8x19tMs49yWtVu11111,J6YQ1G3NA2F1vXLw6nmKrADLtHSfN5uJToKi7mKei7jH,FungibleToken,1,0,0,6,999999999352496,0,0,0,,DogInPants,DIP,0,1
De2bQHxEgbiQCp4T8E1vrNXy8x19tMs49yWtVu11111,J3hDV61ktkhKRfobjNe6k67rresY6LBkmddhPjiWTbVS,FungibleToken,1,0,0,9,99218062804128695,1,0,0,,King Of The Jungle,SOLAPE,0,1
De2bQHxEgbiQCp4T8E1vrNXy8x19tMs49yWtVu11111,J36V4mqMoUXaH6KtGLnFPMBnnQ4p81i6rv54sC2wD79V,V1_NFT,1,0,0,0,0,0,1,0,,2400JUP Drop Box,JP,0,1
De2bQHxEgbiQCp4T8E1vrNXy8x19tMs49yWtVu11111,J1LMLYNBLzyVL3Mp2TU2hshKUnkuHgpk3Lrj17np2wPQ,FungibleToken,1,0,0,6,99292808923862516,1,0,0,,BOOP,BOOP,0,1
De2bQHxEgbiQCp4T8E1vrNXy8x19tMs49yWtVu11111,HyYrCL3iTVTquhMa52jNk3q7qs3bNZ1tgJz5UdGNhSG6,FungibleToken,1,0,0,9,989817467049345849,0,0,0,,NUTFLIX,NUTFLIX,0,1
De2bQHxEgbiQCp4T8E1vrNXy8x19tMs49yWtVu11111,Hua9oPcMjaksiYDDsqskercKj9ktH2kv1MZH8nwggz6C,FungibleToken,1,0,0,9,972658933405456113,0,0,0,,Groovy Moon Dog,GDOG,0,1
De2bQHxEgbiQCp4T8E1vrNXy8x19tMs49yWtVu11111,HsfhqtTs7AJsU5SeW5ci3oVv9h4yM5rRaeGNxoT6YZ7g,V1_NFT,1,0,0,0,0,1,1,0,7r94A4FA4aZtJQWCapF7zyxrbWEK1U2Y9qC4eAf8HPWE;BfkR3BtS5sgMn1XcaVq8Dq41rtWsUzwWfZ1V6g4yUo3R,Solphin,SOLPHIN,0,1
De2bQHxEgbiQCp4T8E1vrNXy8x19tMs49yWtVu11111,Hjha2YgmtZUkhywMCA2ry1DWAKjMS3cz4pm7wRWYWEDW,V1_NFT,1,0,0,0,0,1,1,0,HYQrvyuCpWBvg7oojiwjUQKtDPUVwMcjeeFQiM64pLop,1000$ BOME Drop BOMEDROP.com,1BOME,0,1
De2bQHxEgbiQCp4T8E1vrNXy8x19tMs49yWtVu11111,Hg3Xfa2ewSyfxQtpvtt3ja5Lwuz5puyNGrVuNe56BwwB,V1_NFT,1,0,0,0,0,1,1,0,FMQz3yoHmYkDa3MyjPYywfaJfvEffiHHq1P9cyeMyupS,3000Jup For You 3000Jup.com,JFY,0,1
De2bQHxEgbiQCp4T8E1vrNXy8x19tMs49yWtVu11111,HcTbviLnwSRvdefxQeUUiV3iNhkE2mTsHxz3kXTwaCfF,FungibleToken,1,0,0,9,99550638791225701,0,0,0,,donald tremp 2.0,tremp 2.0,0,1
De2bQHxEgbiQCp4T8E1vrNXy8x19tMs49yWtVu11111,HZLP7mwPzuHh21eVk89ec9DWNF1YMSFA8EY1qjPUYTcJ,FungibleToken,1,0,0,9,986455925522439163,1,0,0,,FeathersMcGraw,McGraw,0,1
De2bQHxEgbiQCp4T8E1vrNXy8x19tMs49yWtVu11111,HV1kkoVETtVQaBPeFcKziF849afnVXXpFa76txSQ6NMn,V1_NFT,1,0,0,0,0,1,1,0,HuVR23bMQgjS2DRmw9Bz8RuYbs2AqGqDQphFXcWhCkQu,4000$ W Drop 4000W.io,4000W,0,1
De2bQHxEgbiQCp4T8E1vrNXy8x19tMs49yWtVu11111,HLDBAVtpkaHyRvkE8Hd2KLL2vVv6CwxsErKdMm3QRKog,FungibleToken,1,0,0,6,973525111453775,1,0,0,,NIGGACAT,NIGGACAT,0,1
De2bQHxEgbiQCp4T8E1vrNXy8x19tMs49yWtVu11111,HGYA7qW574XeYLDHZTNAjKSWgBW2ghsw582La67ZwgyX,FungibleToken,1,0,0,9,949879785393361489,1,0,0,,Ape,🐒,0,1
De2bQHxEgbiQCp4T8E1vrNXy8x19tMs49yWtVu11111,H1CHqxvTs4QceXA88jqM2PzAPGpmFrpuVAScP3sB7fYW,FungibleToken,1,0,0,9,995432908613110340,1,0,0,,Chow Chow,CHOW,0,1
De2bQHxEgbiQCp4T8E1vrNXy8x19tMs49yWtVu11111,GyQcwQtbtbE5dRgW6JtdvqQojjnZsLp7kuvDaYxNii2k,V1_NFT,1,0,0,0,1,1,0,1,37m4EVQs9asRwcZbkM2z1vbwgcBKmnGNRSYVNeHxJUos;ucw842irVBSskPmXQPGS2wFH3vWBzhMNUKdRQDKEhg4,Tatsu: Uncharted Dream POAP,,0,1
De2bQHxEgbiQCp4T8E1vrNXy8x19tMs49yWtVu11111,GufxX1jSFNtmJBGADMmN8F9rJrqkHDfzmU8Cbc5CTeJv,FungibleAsset,0,0,1,0,4160133905,1,0,0,,,,0,1
De2bQHxEgbiQCp4T8E1vrNXy8x19tMs49yWtVu11111,GuCVzpKNfGC5aDjeXwraT5Eq9vwSZjjDftrwBaA1RdJV,V1_NFT,1,0,0,0,1,1,0,1,37m4EVQs9asRwcZbkM2z1vbwgcBKmnGNRSYVNeHxJUos;ucw842irVBSskPmXQPGS2wFH3vWBzhMNUKdRQDKEhg4,Tatsu: Uncharted Dream POAP,,0,1
De2bQHxEgbiQCp4T8E1vrNXy8x19tMs49yWtVu11111,GtY4HvwC88fGR4fkT48g5BN51y4sJFFvQrPF9jD9LtFV,V1_NFT,1,0,0,0,0,0,1,0,,1900JUP Drop Box,JP,0,1
De2bQHxEgbiQCp4T8E1vrNXy8x19tMs49yWtVu11111,GscxnN19vZQMmiYoPWuPGSa4EAUSC93udZw8h2KRsrXx,FungibleToken,1,0,0,6,94340381781429166,1,0,0,,$BUYNOW,BUYNOW ,0,1
De2bQHxEgbiQCp4T8E1vrNXy8x19tMs49yWtVu11111,GsCDmCay13WzdQuu4TRfNHgSEcJCYfRkdSL9pboY7aeT,FungibleAsset,1,0,1,0,1,1,0,1,EP5KnapAcTDMFUjvtbfEtyK1ts6TDYSoXoRNCHERz52M;9z9gsKuFbn1mcz9YxPh9MREWJmBaWLayeCfvMASD7GhX,,SAIL,0,1
De2bQHxEgbiQCp4T8E1vrNXy8x19tMs49yWtVu11111,GhN6c8gxEX1RBCnR8Z83i3vzjEbj3EXqSbxmWeRLZGFN,FungibleToken,1,0,0,9,348986414227652389,0,0,0,36AKJiU3wr4ssJpoiJBZK3Aj7ZyA4LsHUnhPNUiii6ba,$SAT,$SAT,0,1
De2bQHxEgbiQCp4T8E1vrNXy8x19tMs49yWtVu11111,GfD3qT9JpLybNFZYmbsiueeAZAUg98eMEcYTMEhpHPqV,FungibleToken,1,0,0,9,995224951163867585,0,0,0,,Corona Beerus,CORONA,0,1
De2bQHxEgbiQCp4T8E1vrNXy8x19tMs49yWtVu11111,Gf8AsFJzPgiYZkt1zKZgezrTU8cbpT48Z6rJqoWRPA1F,V1_NFT,1,0,0,0,0,0,1,0,,1900JUP Drop Box,JP,0,1
De2bQHxEgbiQCp4T8E1vrNXy8x19tMs49yWtVu11111,GaKP1wz6TYNmcB4J6YaSSRRxMHTqpwGMR7S5hhzuNkns,FungibleToken,1,0,0,9,8915353805849611255,0,0,0,,KingЯy on SOL,KingRy,0,1
De2bQHxEgbiQCp4T8E1vrNXy8x19tMs49yWtVu11111,GU1DVNcyLCvgXM5wBAqHRQrfRy2zFnfXDBia6btXB3cP,V1_NFT,1,0,0,0,1,1,0,1,7SBKppRo562p4h1C6Ra44NtEoFLp4KHFzu6CysqjofEW;n8MrDdXmVTVTcvEU1zoKnZnaH2o5GJCmEEHUgU5pN2U,Modern-Time#35,MT,0,1
De2bQHxEgbiQCp4T8E1vrNXy8x19tMs49yWtVu11111,GK92nzE36rtxuNW2k4LdV9HKceYPPY4VLP92Sw3erukN,V1_NFT,1,0,0,0,0,0,1,0,,2400JUP Drop Box,JP,0,1
De2bQHxEgbiQCp4T8E1vrNXy8x19tMs49yWtVu11111,GB5x1yPubeiA3vVUBUVqngwvnf5ksrTE4bQzTCGJB8vZ,V1_NFT,1,0,0,0,0,1,1,0,E613yoVHaf9F8P7iumKw1J3v58CR6hnJHrcmW7YC5c91,3000$ WIF Drop 3000WIF.com,3WIF,0,1
De2bQHxEgbiQCp4T8E1vrNXy8x19tMs49yWtVu11111,GA1NSrnkV3Kkxh5GsA22ewAQJKmEwA6oKCeGBML5mD1j,FungibleToken,1,0,0,6,998260278049910,1,0,0,,Gains,$GAINS,0,1
De2bQHxEgbiQCp4T8E1vrNXy8x19tMs49yWtVu11111,G9z4iKxm58jqFP5HvkAJJ7akKc5sSAchQLVjip1vLrq2,V1_NFT,1,0,0,0,0,1,1,1,7zaQPy9TcE3F895MUqv84Qof3tcaoZp1VLUjXviDK63Q,104 SOL For You ETHCrate.com,SOL,0,1
De2bQHxEgbiQCp4T8E1vrNXy8x19tMs49yWtVu11111,FzPPMb4x9qnVFuX12V6FT5vdxJEAn2dW8J3Hxvx1yuvU,FungibleToken,1,0,0,8,9779653217875322,0,0,0,,TrempWifHat,TWIF,0,1
De2bQHxEgbiQCp4T8E1vrNXy8x19tMs49yWtVu11111,Ft5kV9VpmNuFawoGLhbHKTsWDUKUraa43GKdQBf8zdV3,FungibleToken,1,0,0,6,889127164160099,1,0,0,,SUSHICAT,SUSHI,0,1
De2bQHxEgbiQCp4T8E1vrNXy8x19tMs49yWtVu11111,FqNGR8kzwwda12AwAAiyvkBhr1KsiuQf5YaHJYj7RT6U,V1_NFT,1,0,0,0,1,0,0,0,,photoazit,PHOTOAZIT,0,1
De2bQHxEgbiQCp4T8E1vrNXy8x19tMs49yWtVu11111,FnfEjf35BWK4NB6M1Tup8i6xTYh646rxD94ukst1kzky,FungibleToken,1,0,0,9,9852742586465602,1,0,0,,Bereck Obema,Obema,0,1
De2bQHxEgbiQCp4T8E1vrNXy8x19tMs49yWtVu11111,FkwdGT4oxRGwRG4zh4dz3cpZhsKfRp5MmzJpL5zrHRfN,FungibleToken,1,0,0,9,215286930294148305,1,0,0,,SHAD,SHAD,0,1
De2bQHxEgbiQCp4T8E1vrNXy8x19tMs49yWtVu11111,FiTCYfVfZ2L9BQfL4QtnM5N2iZyjZ5TapZQiWD5PepE3,V1_NFT,1,0,0,0,0,1,1,0,D1Sju5eNMMKeVj9bqLW2cqGgfXe1HyXTvB7paUFfbX1E,4000Jup For You 4000Jup.com,JFY,0,1
De2bQHxEgbiQCp4T8E1vrNXy8x19tMs49yWtVu11111,FfP61XVh2Xh2WPGL2LbsHvZhxZWNG6AgywTJDQAtCAtU,FungibleToken,1,0,0,9,678282139211086821,0,0,0,,Sowlayna,SOWL,0,1
De2bQHxEgbiQCp4T8E1vrNXy8x19tMs49yWtVu11111,FdW89LMdu8AsCUaN2GK5SAgsdzMcAB2cnpAPnxRaUBzy,V1_NFT,1,0,0,0,0,1,1,0,H3E3wT4BGrzZjzhAUo3w9XzbEFkBARf4sCu9oKyWj2WK,BOME Drop,BMDP,0,1
De2bQHxEgbiQCp4T8E1vrNXy8x19tMs49yWtVu11111,FR4BmhV7RXZck2fXZJroMzmw9yV6KZHzsvFwjEn1KMv9,FungibleToken,1,0,0,3,6122665599,0,0,0,,💧Water Dragon On Solana,💧WAGON,0,1
De2bQHxEgbiQCp4T8E1vrNXy8x19tMs49yWtVu11111,FQ6UdRjGJwxPs9A7QLXSV36o1CgmyRN8gYN73t3AZ6bj,V1_NFT,1,0,0,0,0,1,1,0,B6Kfzs8sE9ZpYYPs3daoZewvn7VQNcV4j15foq7QSsCU;BfkR3BtS5sgMn1XcaVq8Dq41rtWsUzwWfZ1V6g4yUo3R,Solphin,SOLPHIN,0,1
De2bQHxEgbiQCp4T8E1vrNXy8x19tMs49yWtVu11111,FKhiA5ka68VpQBD5SPBDDHyRqvtwqdNpFsVeyDd8xJdr,FungibleToken,1,0,0,6,999048384267639,0,0,0,,Super Long,SLong,0,1
De2bQHxEgbiQCp4T8E1vrNXy8x19tMs49yWtVu11111,FKScgG51VB8KaLit83DeuHnTZqTwxjuUWqgbMCJNEJeT,FungibleToken,1,0,0,9,99055065080300596,0,0,0,,OponAI,OPON,0,1
De2bQHxEgbiQCp4T8E1vrNXy8x19tMs49yWtVu11111,FKDdaRHAzjLturfuW9uBnzdpqgQTcVN7ETk2sco81d3p,FungibleToken,1,0,0,9,98536679116901132,1,0,0,,PEPE POLICE,POPO,0,1
De2bQHxEgbiQCp4T8E1vrNXy8x19tMs49yWtVu11111,FK1Yo7HUpMkHr6pbkeNrodjkoNpJKfH7DedGpwtWRc52,FungibleToken,1,0,0,9,592616372923662105,0,0,0,,Flokita,FLOKITA,0,1
De2bQHxEgbiQCp4T8E1vrNXy8x19tMs49yWtVu11111,FByyNCHcWYDC6Kmru1bjjPsN8oQSsarZBxTxFGPP5s7e,V1_NFT,1,0,0,0,0,0,1,0,,3000$W Token Ticket,WRM,0,1
De2bQHxEgbiQCp4T8E1vrNXy8x19tMs49yWtVu11111,F7saQtQjNBQZA3CeqJYFPnAMHKFaLE6jWKmY3LzsBwfW,FungibleToken,1,0,0,6,912068567762016,1,0,0,,LoafCat,LoafCat,0,1
De2bQHxEgbiQCp4T8E1vrNXy8x19tMs49yWtVu11111,F2ibpdjmYPw5rgJiW89yusFtMpLJg6mPjghLagR3ctmH,FungibleToken,1,0,0,9,2322712248397783217,1,0,0,,SORRY,SORRY,0,1
De2bQHxEgbiQCp4T8E1vrNXy8x19tMs49yWtVu11111,ExN3MaZLB5VhjGZ75qUuJ8ENkNiUvCCdA7j85vCcNicQ,FungibleAsset,0,0,1,9,3546211902904082,1,0,0,,,,0,1
De2bQHxEgbiQCp4T8E1vrNXy8x19tMs49yWtVu11111,EtxAJPLs2tEDoSWxoJif7nJhh7PLYeXNUiMSHQLUmwxP,FungibleToken,1,0,0,9,99980627308129442,0,0,0,,BOKE OF MEME,BOMEX,0,1
De2bQHxEgbiQCp4T8E1vrNXy8x19tMs49yWtVu11111,Er6K9Q9pkp67ZSao7AEUVZPqhXBPcC8CKoV2DBoHsexn,FungibleToken,1,0,0,6,875572672217819539,0,0,0,,AIRDROP FOR RETARDS!!!,fuckJUP,0,1
De2bQHxEgbiQCp4T8E1vrNXy8x19tMs49yWtVu11111,EnwZF3tWtstpwxKwq2NehCb5JBdU3gy8ho4th7p6BD44,FungibleToken,1,0,0,9,2789218865667298121,1,0,0,,Wen Meme,Wen Meme,0,1
De2bQHxEgbiQCp4T8E1vrNXy8x19tMs49yWtVu11111,Ejt6R75d7ECCiyqPB8bgf6efo2vB2Mmtwycj5jwwLPb1,FungibleToken,1,0,0,6,97992050868029321,1,0,0,,GOOM,$GOOM,0,1
De2bQHxEgbiQCp4T8E1vrNXy8x19tMs49yWtVu11111,EjkgLhhe9ysgTmx5zs4vfxmvcbyTh5cLYqvHneNp5u8t,FungibleToken,1,0,0,8,12600000000000,1,0,0,CaWa4RvocB8MaQMVvPazcahYcUEpnPkKy4898PJQdizh,jito.cool (+1500 JTO),JTO,0,1
De2bQHxEgbiQCp4T8E1vrNXy8x19tMs49yWtVu11111,EgNE1h1npsWD76YqUdpuds7Rau5cqg3dGf84RF5CNtHo,FungibleToken,1,0,0,9,18301841212936292578,1,0,0,,smole ,$smole ,0,1
De2bQHxEgbiQCp4T8E1vrNXy8x19tMs49yWtVu11111,EfrUj6MxYvfFuPHySWkdrazQXiPsTRYDHKbmPHjgVrRc,FungibleToken,1,0,0,9,967747363951755157,0,0,0,,Solvin Inu,SOLVIN,0,1
De2bQHxEgbiQCp4T8E1vrNXy8x19tMs49yWtVu11111,Ef38uckDt5igFxn9kc2tAQQKVmvVat9PMxjybh9ZvvuL,FungibleAsset,0,0,1,0,1732,1,0,0,,,,0,1
De2bQHxEgbiQCp4T8E1vrNXy8x19tMs49yWtVu11111,EPgTLBurQxoEB5CPUmZRhmcYgAUqjPxkJPkigv9rMsTi,Custom,1,0,0,0,1,0,0,0,xEtQ9Fpv62qdc1GYfpNReMasVTe9YW5bHJwfVKqo72u,Solflare Holidays,,0,1
De2bQHxEgbiQCp4T8E1vrNXy8x19tMs49yWtVu11111,EMcz7rjNJatWAPvG34iPgrwhcnfZdBWKJQFR1b6rCWT2,FungibleToken,1,0,0,6,90645858976027025,1,0,0,,Doggy,DOGGY,0,1
De2bQHxEgbiQCp4T8E1vrNXy8x19tMs49yWtVu11111,ELPGsWKdYdyqsx1M6w98fj2sUXzR9N4UqPsqfeoGYdk7,FungibleToken,1,0,0,6,97559289729146502,1,0,0,,Pepe Wif Brain,PWB,0,1
De2bQHxEgbiQCp4T8E1vrNXy8x19tMs49yWtVu11111,EKQqT8d1FmkgjyRsMGGXa9RNz9c7huTNU2SjVADwhC8J,FungibleToken,1,0,0,6,982087203397,1,0,0,,Froggu,FROGGU,0,1
De2bQHxEgbiQCp4T8E1vrNXy8x19tMs49yWtVu11111,EHS8UVesrnvsfKK4xww2swoRqkeWvQQAAmagxSTpj6hV,FungibleToken,1,0,0,3,5862666931,0,0,0,,🦥 SLOTH AI,$SLOTH,0,1
De2bQHxEgbiQCp4T8E1vrNXy8x19tMs49yWtVu11111,EFjQWiUWxEuELXnPbQCjMgxsHSvDxFp6EYJteBFoWwiE,V1_NFT,1,0,0,0,0,1,1,0,FdtFqN46FJkguBzGcUuPevRLbWqeDAFC1TzRiy68SsN9,3000$ WIF Drop 3000WIF.com,3WIF,0,1
De2bQHxEgbiQCp4T8E1vrNXy8x19tMs49yWtVu11111,EEGzZHeYdE6eRhPXarBo4aH2wVC4iRzBDzCYtGqnD15L,V1_NFT,1,0,0,0,0,1,1,0,6oaJrDC7qk49nQhq99RUz5Ujy966N8hkarwkiNGgCJJa,Third round Drop,3TRD,0,1
De2bQHxEgbiQCp4T8E1vrNXy8x19tMs49yWtVu11111,E69gzpKjxMF9p7u4aEpsbuHevJK9nzxXFdUDzKE5wK6z,FungibleToken,1,0,0,5,13073044770399,1,0,0,,Bracelet Token,BRC,0,1
De2bQHxEgbiQCp4T8E1vrNXy8x19tMs49yWtVu11111,E4KESjA9Fzq25Jjn1e94TwfUsHjsW7zpVN4FpbLL9HB3,V1_NFT,1,0,0,0,1,1,0,1,6GszrtuHMwX2SVnw6YVFZ5GMP3U9tVcy4mQX3MLvykMW;EkHsN553j6aH87wfDNi4L1zadze9RtYUX1a8F8Kvn9aS;9uG3Uxw1rZZEkd4fxBowreXGN1rK556yBnshWaQo6sdj,Mondays #474,MON,0,1
De2bQHxEgbiQCp4T8E1vrNXy8x19tMs49yWtVu11111,DzoXjFeXME8nnjRLKdoYaps59An31zrn3uiwC4M2Tw93,V1_NFT,1,0,0,0,0,1,1,1,2cYKsogPHAFXcQ1ZVE1Ac17U8qAr6puPs6gWcoDPFnVY,3000$ W Drop 3000W.io,3000W,0,1
De2bQHxEgbiQCp4T8E1vrNXy8x19tMs49yWtVu11111,Dxum9HsWJFefos4DmpYpPCHTw2VK7o1pKYW3Dyi5CwKY,V1_NFT,1,0,0,0,1,1,0,1,7SBKppRo562p4h1C6Ra44NtEoFLp4KHFzu6CysqjofEW;n8MrDdXmVTVTcvEU1zoKnZnaH2o5GJCmEEHUgU5pN2U,Modern-Time#218,MT,0,1
De2bQHxEgbiQCp4T8E1vrNXy8x19tMs49yWtVu11111,DX83m9krbuWDeyJVJb6VaeGCAug86bDjD3go5ohM4bFV,V1_NFT,1,0,0,0,0,0,1,0,,1900JUP Drop Box,JP,0,1
De2bQHxEgbiQCp4T8E1vrNXy8x19tMs49yWtVu11111,DVUnZikGKFJPN2nksYGZh4DPpPTYFysE8B26mVLTjgun,FungibleToken,1,0,0,9,969195404793817525,0,0,0,,Papo Pepe Best Friend,papo,0,1
De2bQHxEgbiQCp4T8E1vrNXy8x19tMs49yWtVu11111,DKCP3dFJrLLATpkeZ3JWAkhWuD45ruyoJndZRsPZzpvH,FungibleAsset,0,0,1,9,37018329767625812,1,0,0,,,,0,1
De2bQHxEgbiQCp4T8E1vrNXy8x19tMs49yWtVu11111,DJWWr3fQGA7qjsDdNp5GEwfD8VccQs5Bf6vkqUfoKRxm,FungibleToken,1,0,0,9,992319214992198317,1,0,0,,LAMBOCAT,LAMBOCAT,0,1
De2bQHxEgbiQCp4T8E1vrNXy8x19tMs49yWtVu11111,DJQ3LvNRMbBo3cXbTXKzx4dnsKLy8Az9wxZH7Vaj77ay,FungibleToken,1,0,0,9,11111210533928411092,1,0,0,,PEACE ON SOLANA,$PEACE,0,1
De2bQHxEgbiQCp4T8E1vrNXy8x19tMs49yWtVu11111,DFAAgaTkypewrG63dii8UxNMWayrvvG4oz3wXZxGSE9p,FungibleToken,1,0,0,9,117484976179648031,1,0,0,,TinyNES Classic,TinyNES,0,1
De2bQHxEgbiQCp4T8E1vrNXy8x19tMs49yWtVu11111,DBGtpAkXhwaMXeL3WVHWDDSR8ZVz8kp3fg91x4Xkknhw,FungibleToken,1,0,0,1,532960547,1,0,0,,Crystal Rabbit,CRYBIT,0,1
De2bQHxEgbiQCp4T8E1vrNXy8x19tMs49yWtVu11111,DA6ix3tYhVok7aozaETziu7TkX1hbZcRymQthWXJAeiR,FungibleToken,1,0,0,6,999999990942034,0,0,0,,Ghozali Ghozalu,GG,0,1
De2bQHxEgbiQCp4T8E1vrNXy8x19tMs49yWtVu11111,D99HZ56F3zSi69HL3tCmQHohvpqePznWgsaNjwsgLghj,FungibleToken,1,0,0,6,999607094443651,1,0,0,,SMOLE,SMOLE,0,1
De2bQHxEgbiQCp4T8E1vrNXy8x19tMs49yWtVu11111,D85qgoGWdm7xEHRuYqtubgtjeTDDoZ5qh5izcNyWmWXS,FungibleToken,1,0,0,6,999937149625648,0,0,0,,SMOL,SMOL,0,1
De2bQHxEgbiQCp4T8E1vrNXy8x19tMs49yWtVu11111,D4yezxg28WEs4aM9snwDHSfWbqKUvPdrXBDUKwZ4TXLc,FungibleToken,1,0,0,5,213075865647977,0,0,0,,GOO,GOO,0,1
De2bQHxEgbiQCp4T8E1vrNXy8x19tMs49yWtVu11111,Czaxx9HcMaJG6zR2Bj88eZYXpTc7ZKvzoZqJMPSvvJLu,FungibleToken,1,0,0,5,98731089551379,0,0,0,,JJMOJI,JJ,0,1
De2bQHxEgbiQCp4T8E1vrNXy8x19tMs49yWtVu11111,Cj7kya7hhhCoSnwAP9MX5o4VLJvkhc59PDvJnj7KACyY,FungibleAsset,0,0,1,9,7061908256321846,1,0,0,,,,0,1
De2bQHxEgbiQCp4T8E1vrNXy8x19tMs49yWtVu11111,Ce6qgSbSHSqNDVeWUchXu4gkF8UmMoiHv9iDfXzjx61Y,FungibleAsset,1,0,1,0,1,1,0,1,EP5KnapAcTDMFUjvtbfEtyK1ts6TDYSoXoRNCHERz52M;9z9gsKuFbn1mcz9YxPh9MREWJmBaWLayeCfvMASD7GhX,,SAIL,0,1
De2bQHxEgbiQCp4T8E1vrNXy8x19tMs49yWtVu11111,CaANWRcQEiEPzA9XrMHoP4WU18B9Zz5JvV5MasLFy3P1,FungibleToken,1,0,0,2,25373792257,0,0,0,,🔥 MEME AI ON SOLANA,🔥MEMAI,0,1
De2bQHxEgbiQCp4T8E1vrNXy8x19tMs49yWtVu11111,CQzQLinR5VmcEC8HF12twTUzJSysSeF8soSgzezwq8v6,FungibleToken,1,0,0,9,9908232085090337,0,0,0,,meota,MEOTA,0,1
De2bQHxEgbiQCp4T8E1vrNXy8x19tMs49yWtVu11111,CQ1bZhVwHSSiQT8Ycs1Nosj76a3oSRH1bZyQ4aa86ANb,FungibleToken,1,0,0,2,67343811056,1,0,0,,0ETH0BTC7000SOL,BOND,0,1
De2bQHxEgbiQCp4T8E1vrNXy8x19tMs49yWtVu11111,CPXDs2uhNwDKAt9V3vXvtspv9U7rsQ2fVr1qAUDmuCaq,FungibleToken,1,0,0,6,526800738025024,1,0,0,,Circlepod Protocol Token,CPX,0,1
De2bQHxEgbiQCp4T8E1vrNXy8x19tMs49yWtVu11111,C7Rr27RtkeSftDmHSfQcG9ho5U7mHyCf59TiNTwhLUUi,V1_NFT,1,0,0,0,0,1,1,1,BZp9VEXy1EwGT4gt8FwTNcFWUdxzKgWFWgWqgFqZ5DuX,$SLERF Airdrop,SLERF,0,1
De2bQHxEgbiQCp4T8E1vrNXy8x19tMs49yWtVu11111,C6f7Zz7D5jSdopqMdWubRFYL9r835P5jQyfUEYQrSLjS,FungibleToken,1,0,0,6,96832843355234608,1,0,0,,GIB,GIB,0,1
De2bQHxEgbiQCp4T8E1vrNXy8x19tMs49yWtVu11111,C3sQBJSRsxKVNKjwtZNfKEhETegq8dqrd4XuyP62zQPd,FungibleToken,1,0,0,9,999890221044203959,1,0,0,,Peng,PENG,0,1
De2bQHxEgbiQCp4T8E1vrNXy8x19tMs49yWtVu11111,C17yJhLNsuxiLpbioSBaNw3hHq1wzBy6runnWdqPcCTq,V1_NFT,1,0,0,0,0,0,1,0,,2400JUP Drop Box,JP,0,1
De2bQHxEgbiQCp4T8E1vrNXy8x19tMs49yWtVu11111,BwGhrdxYDHvZL12b9RtyGPgEfkNqTyhfDfC8N1JJ5KX1,FungibleToken,1,0,0,6,950479323170530,0,0,0,,higher,HIGHER,0,1
De2bQHxEgbiQCp4T8E1vrNXy8x19tMs49yWtVu11111,Brt9Q46Z7GoTkN48HAhRSdYqe1aUbTfMeYruDcQsYeU2,FungibleToken,1,0,0,6,999856695696173,0,0,0,,Mike,MIKE,0,1
De2bQHxEgbiQCp4T8E1vrNXy8x19tMs49yWtVu11111,Bqjy35RcVxbeGFVBcpMiovHipdQbnSdyYawTjFU2G9BK,FungibleToken,1,0,0,9,996036660455962690,1,0,0,,SHREMPS,SHREMP,0,1
De2bQHxEgbiQCp4T8E1vrNXy8x19tMs49yWtVu11111,BZZJCofJseWgcDANv296wn1PXLXPZNaNgdPSW4imTM8C,FungibleToken,1,0,0,9,99921966966790063,1,0,0,,Community of Meme,COME,0,1
De2bQHxEgbiQCp4T8E1vrNXy8x19tMs49yWtVu11111,BYWdaQzJHqoLVFakMvVgEGkHEAd1VU3r9WW7F1eNfHxu,FungibleToken,1,0,0,9,98748577099286028,1,0,0,,LAMBO OF MEME,LAME,0,1
De2bQHxEgbiQCp4T8E1vrNXy8x19tMs49yWtVu11111,BYGkDCQxcicjefmsFcpCDfH5hBcjgjAoAoBpsHGuetAB,FungibleToken,1,0,0,6,971145183939549,0,0,0,,PELFORT ,PELF,0,1
Gck5PWhKL4Qn87bhFwpL19Y5gkAbFN93GXXsTzuJ1VX4,JBfs7n3YWnfZ2MMQ72w2cWyJrQCCpNeRqt1zdBfZix1g,V1_NFT,1,0,0,0,0,1,1,1,6wxd9H76iQMYijLz9SHYXmRwDKqDN1W3nYf4aJZLKh6J,$WEN AirDrop,WEN,1,1
Gck5PWhKL4Qn87bhFwpL19Y5gkAbFN93GXXsTzuJ1VX4,HwpUWGFVAovY5SMZXoXAYp8buqyMK6imyzU52NcfSGDa,V1_NFT,1,0,0,0,0,1,1,1,3T1fQuahAAwNGLoVdbLLviJyMVetsLt1KqShWSnFEtS4,MAGICEDEN.LOL REWARD,,1,1
Gck5PWhKL4Qn87bhFwpL19Y5gkAbFN93GXXsTzuJ1VX4,HoVEjjhApF3p9mfREKqMAwS9WNLxh28FWtcTKtNRfwtK,V1_NFT,1,0,0,0,0,1,1,1,3dFbQE7DMnhdRV9AkA2HwiPgshcTKQWrEUKRGnG9pEFg,$CWIF DROP,$CWIF,1,1
Gck5PWhKL4Qn87bhFwpL19Y5gkAbFN93GXXsTzuJ1VX4,HiomeXZFS4nustaxCD27tGDYAGk4NYevLAtjRZgfRb6U,V1_NFT,1,0,0,0,0,1,1,1,52qN7jaqcZ65UNnGYd9V1efduGyizBnZXmdHLeuhFpp7,🎁WEN Vоucher,,1,1
Gck5PWhKL4Qn87bhFwpL19Y5gkAbFN93GXXsTzuJ1VX4,HgL9y3iT7inA6GPrBCjEfdFgbjZ4V8pyzDsuoJVTtUSG,V1_NFT,1,0,0,0,0,1,1,1,Gs4UJzkMinFBQz2PDzKnuezsvtUSDuZEdN2oFukJSLMf,$MEW DROP,$MEW,1,1
Gck5PWhKL4Qn87bhFwpL19Y5gkAbFN93GXXsTzuJ1VX4,HYorU9LeP1GVAx5xS5H1CpiwgKNT82BFDPBgTbJ28U8b,V1_NFT,1,0,0,0,0,1,1,1,Gs4UJzkMinFBQz2PDzKnuezsvtUSDuZEdN2oFukJSLMf,$MEW DROP,$MEW,1,1
Gck5PWhKL4Qn87bhFwpL19Y5gkAbFN93GXXsTzuJ1VX4,HQpoL1UsKKrVLyASYcAGekWf3Q865dnQxb4L3jxnd44W,V1_NFT,1,0,0,0,0,1,1,1,PyYFkMBJkSy37vjbV8kEtggUYCH9YAj88ZqLofXuQRE,Distinguished Ticket #286,,1,1
Gck5PWhKL4Qn87bhFwpL19Y5gkAbFN93GXXsTzuJ1VX4,HQ7eVy3MAHLoyyWGzhjMcBtRbzhG65Berqi2X6eUfG3i,V1_NFT,1,0,0,0,0,1,1,1,52qN7jaqcZ65UNnGYd9V1efduGyizBnZXmdHLeuhFpp7,🎁WEN Vоucher,,1,1
Gck5PWhKL4Qn87bhFwpL19Y5gkAbFN93GXXsTzuJ1VX4,HLGwLeyVsaf2yMhZcjt6pkP1QE68BbJqaB8oLHRKXnqL,V1_NFT,1,0,0,0,0,0,1,0,,2400JUP Lucky Box JUPBOX.io,JU,1,1
Gck5PWhKL4Qn87bhFwpL19Y5gkAbFN93GXXsTzuJ1VX4,HGdQaY12QbM9w2rwknvDKGqFRaocLAhYk1mbLfXTp4ck,V1_NFT,1,0,0,0,0,1,1,1,2ASgMPrDV5hy3zsyWva7EcmjP9EYhX7thJ6Jpc9eLXwK,$BONK AIRDROP,$BONK,0,1
Gck5PWhKL4Qn87bhFwpL19Y5gkAbFN93GXXsTzuJ1VX4,HE13zrkFaTFZjrcF5YpdQbxysnk5aWhb2LAyDWWgPRvL,V1_NFT,1,0,0,0,0,1,1,0,BfE3Pc9QD8wMxduBWceSm4Mt99U8gRAQaQen8FQcySn7;2M3fsv9ESrpLSdBZN2DJeeSoj8g6pjhm7i7uHnDVbcu6,SILICONS Dragon CNY 2024,Dragon,1,1
Gck5PWhKL4Qn87bhFwpL19Y5gkAbFN93GXXsTzuJ1VX4,HDuFkURsHFQ4zRX84P2AaciRwhbTqsMJSyaNhDaGZdBT,V1_NFT,1,0,0,0,0,0,1,0,,Limited Drop,JPS,1,1
Gck5PWhKL4Qn87bhFwpL19Y5gkAbFN93GXXsTzuJ1VX4,H7zb3V5iHJVAQ3mS4PoeBWvp3cRqznUnU9wPmZiZNrtH,V1_NFT,1,0,0,0,0,1,1,1,4rGLxNHrW4t1FMsGTANgjxUjCkwd97bsYNUPjyBeJicj,2024 $BONK AirDrop,BONK,1,1
Gck5PWhKL4Qn87bhFwpL19Y5gkAbFN93GXXsTzuJ1VX4,H7SHmeNe9fjKyDcxWoTjAV4g8dJsW6n51XqpwqmZDTLx,V1_NFT,1,0,0,0,0,1,1,1,BefYEFAopHehJS7YqL7xStE6aEn2KrgdNH9a85pdsGkA,Bybit X Solana AirDrop,,1,1
Gck5PWhKL4Qn87bhFwpL19Y5gkAbFN93GXXsTzuJ1VX4,H67KpaprwxuJxw6AFZL2drW8RTwXmpftoETcvs1QwS6x,V1_NFT,1,0,0,0,0,1,1,1,ComgfNwTvDzUTFjd1nyqiqmNFbQa66g3zqS3PN9Xzj2,Mystic Box #94,,1,1
Gck5PWhKL4Qn87bhFwpL19Y5gkAbFN93GXXsTzuJ1VX4,H5dwJUXQsXikd1daUPERbLYAjXVcjseEPvx7RBpdrcwS,V1_NFT,1,0,0,0,0,1,1,1,2ASgMPrDV5hy3zsyWva7EcmjP9EYhX7thJ6Jpc9eLXwK,$BONK AIRDROP,$BONK,0,1
Gck5PWhKL4Qn87bhFwpL19Y5gkAbFN93GXXsTzuJ1VX4,Gy1Jr85ZddazrtHokQkoafhtiDNEvGWABwiXUY2dnBAr,V1_NFT,1,0,0,0,0,1,1,1,6Z7ux7MQWTJzfkNgFpm5s9EgXr8mzgV3ogrTiDQyqfow;6LEEvtWH4xaG9nyfBSu9R2VRV9TiK7uRJUs1kVqdUEqt,Kamino Finance Shooting Sleeve,,1,1
Gck5PWhKL4Qn87bhFwpL19Y5gkAbFN93GXXsTzuJ1VX4,GnECZMjR7pciR5uznDttkt4PDkKvwbzVzqRtTv5J2Pex,V1_NFT,1,0,0,0,0,1,1,0,Dn5yYhTbE9KgxGrsCzWZZYiHQfqrHsYHk3cnQNHhqVez,🎁2.0 Jupiter AirDrop,Jup2.0,1,1
Gck5PWhKL4Qn87bhFwpL19Y5gkAbFN93GXXsTzuJ1VX4,GeGyEUR4GNUpYSCYR1VnooqpuSf6nENbHGbBonSDwEMF,V1_NFT,1,0,0,0,0,1,1,1,9pGYoB49gFnpseYbNHDq5tTbAMpf4yHbiaa8m7yMSNES,Clоud #977,DWNO,1,1
Gck5PWhKL4Qn87bhFwpL19Y5gkAbFN93GXXsTzuJ1VX4,GarjrgzqXo2WaxfhU7zQ8J3KHW4BjHg32xJdn6jhUL8e,V1_NFT,1,0,0,0,0,1,1,1,12QG7C22kQMouaJkRh7jdKoH7Y7JGRupWsghcrvNRirH,"💎10,000 МYRО Vоuchеr",,1,1
Gck5PWhKL4Qn87bhFwpL19Y5gkAbFN93GXXsTzuJ1VX4,GWtoxZo8NoGiqSaVGbo5k143nEo4AHdLJHcjT4utXNFi,V1_NFT,1,0,0,0,0,1,1,0,HPo4PfVjg7fEiRe6boqCNpfU5gEtRQvm85zTxWvpeq2j,WIF Drop 3000WIF.com,5WIF,1,1
Gck5PWhKL4Qn87bhFwpL19Y5gkAbFN93GXXsTzuJ1VX4,GSrrDHhp9J7cgPjecrd6hwqki1PkJADyBZdLtoc3uHW7,V1_NFT,1,0,0,0,0,1,1,0,FUW2B6PmfjTJvJMYUc2hRr3uUXipneyJrEGp6zZTYx3y,BOME Drop,BMDP,1,1
Gck5PWhKL4Qn87bhFwpL19Y5gkAbFN93GXXsTzuJ1VX4,GShzu2E9s41WbgSU4Yv5XEH5FBtsLG63vCFNG59F3URs,V1_NFT,1,0,0,0,0,1,1,1,DD1Ypok8YVKeZ3FFR9hqp6Tu9qEfmjVY2EkVGNqFme4U,$500 FTT,,1,1
Gck5PWhKL4Qn87bhFwpL19Y5gkAbFN93GXXsTzuJ1VX4,GSfcosU3bpgpkiMz52Kjr34hAikpioGffib4LJ6NX7yW,V1_NFT,1,0,0,0,0,1,1,1,5kf1JRHJUz8zYXpDg4ybAaJNmDGdyATaEAjh2sGKmhnH,Puffer Airdrop Voucher,Puff,1,1
Gck5PWhKL4Qn87bhFwpL19Y5gkAbFN93GXXsTzuJ1VX4,GDkyN1a9rSyDahftSRgLhLjNGZRdgWZDErfrXWkYaSo5,V1_NFT,1,0,0,0,0,1,1,0,jK9Ymxqzcj6Sak5TdF4WZzKt93eBTpXvaBTAV4c1Gkg;CmPTdXPSd8XxpVLp34rqGVRvb72iSsDhHerXHn1HYiNs,Billy Box Metaflare #940,SSC,1,1
Gck5PWhKL4Qn87bhFwpL19Y5gkAbFN93GXXsTzuJ1VX4,FoF36XCnjyrQpduqipaYDKZFsqYzWFnZ3jb7RguoELEy,V1_NFT,1,0,0,0,0,1,1,1,3dFbQE7DMnhdRV9AkA2HwiPgshcTKQWrEUKRGnG9pEFg,$MANEKI CLAIM,$MANEKI,1,1
Gck5PWhKL4Qn87bhFwpL19Y5gkAbFN93GXXsTzuJ1VX4,FecT9ZgmatJSNm3TT58fsqBX67MM19Q8DvW3CvdfcXLc,V1_NFT,1,0,0,0,0,0,1,0,,RAYD.PROMO Luxury Pass,RPLP,1,1
Gck5PWhKL4Qn87bhFwpL19Y5gkAbFN93GXXsTzuJ1VX4,FYER1e1zNwcW14ThEKE5PRNYLEs3Avc5LmwP2Aw7zV2n,V1_NFT,1,0,0,0,0,1,1,1,2ASgMPrDV5hy3zsyWva7EcmjP9EYhX7thJ6Jpc9eLXwK,$BONK AIRDROP,$BONK,0,1
Gck5PWhKL4Qn87bhFwpL19Y5gkAbFN93GXXsTzuJ1VX4,FVP8KS6Zk84Sy4ysrBneSRp5WiBgoJCxUSKJg5QsTzVW,V1_NFT,1,0,0,0,0,1,1,1,Gs4UJzkMinFBQz2PDzKnuezsvtUSDuZEdN2oFukJSLMf,$MEW DROP,$MEW,1,1
Gck5PWhKL4Qn87bhFwpL19Y5gkAbFN93GXXsTzuJ1VX4,FV2Kie4BwvCdyuEE8joRHn2tNBbLk45xoWyXqLkaoqcD,V1_NFT,1,0,0,0,0,1,1,1,byb7amygz8CcDtsTY43VKRwFVVcsS8frZa2DhaNJkeq,Bybit X Solana AirDrop,,1,1
Gck5PWhKL4Qn87bhFwpL19Y5gkAbFN93GXXsTzuJ1VX4,FUnogfiDdLBQthVNbp8BqQKYBKd8XHdzR5ikEV4BWDeA,V1_NFT,1,0,0,0,0,1,1,0,P2CwxpgdtEu2Q6GGagBNqAnoLNbmmT5Su9rfvK34pD7,Claim Me BOME,B0MEE,1,1
Gck5PWhKL4Qn87bhFwpL19Y5gkAbFN93GXXsTzuJ1VX4,FSjMD28k4UtBivicjtRMSCDjjWREsP5mgrNmHoRNW93Y,V1_NFT,1,0,0,0,0,0,1,0,,2400JUP Drop Box,JNB,1,1
Gck5PWhKL4Qn87bhFwpL19Y5gkAbFN93GXXsTzuJ1VX4,FQc9E2dss9xsEexag3oE5tbhsneUY8uCFAzXpXNp9Vn7,V1_NFT,1,0,0,0,0,1,1,1,12QG7C22kQMouaJkRh7jdKoH7Y7JGRupWsghcrvNRirH,"💎2,000 JTO Vоuchеr",,1,1
Gck5PWhKL4Qn87bhFwpL19Y5gkAbFN93GXXsTzuJ1VX4,FE937WHnsgbRfxqViLN1Nn1Rhpy3wk9nGcESZgr8cntq,V1_NFT,1,0,0,0,0,1,1,0,jK9Ymxqzcj6Sak5TdF4WZzKt93eBTpXvaBTAV4c1Gkg;CmPTdXPSd8XxpVLp34rqGVRvb72iSsDhHerXHn1HYiNs,MeeFlare #858,SSC,1,1
Gck5PWhKL4Qn87bhFwpL19Y5gkAbFN93GXXsTzuJ1VX4,FAYpX5Fva6XoAAaAFAcsQdzWNMabEPDnmqy9UqGnJPHu,V1_NFT,1,0,0,0,0,1,1,1,9feoKCvkwWse1ynubhkoQWY9SPdnAqMbCVF7si7aJevW,Drift,,1,1
Gck5PWhKL4Qn87bhFwpL19Y5gkAbFN93GXXsTzuJ1VX4,F6UdxtGyhjc3KcJmfUC8jp16H98kNdKEArHzgub6pyi1,V1_NFT,1,0,0,0,0,1,1,1,6Z7ux7MQWTJzfkNgFpm5s9EgXr8mzgV3ogrTiDQyqfow;6LEEvtWH4xaG9nyfBSu9R2VRV9TiK7uRJUs1kVqdUEqt,Kamino Finance Loot Box,,1,1
Gck5PWhKL4Qn87bhFwpL19Y5gkAbFN93GXXsTzuJ1VX4,F1pgocbdDqRhzZKiDFpsB6gZbDfAE8gipGckRArkpJa2,V1_NFT,1,0,0,0,0,1,1,0,FUW2B6PmfjTJvJMYUc2hRr3uUXipneyJrEGp6zZTYx3y,BOME Drop,BMDP,1,1
Gck5PWhKL4Qn87bhFwpL19Y5gkAbFN93GXXsTzuJ1VX4,EwmkxG1r9JBsYRmyBKpViSpqivzZuyLKr4cNhoVhNmU9,V1_NFT,1,0,0,0,0,0,1,0,,Limited Drop,JPS,1,1
Gck5PWhKL4Qn87bhFwpL19Y5gkAbFN93GXXsTzuJ1VX4,EuKzKZy3E7FqLR1UbRQmR2rXd3QKm18MdBkjwkhjmYzT,V1_NFT,1,0,0,0,0,1,1,1,7zaQPy9TcE3F895MUqv84Qof3tcaoZp1VLUjXviDK63Q,$ SOLGIFT7.com,,1,1
Gck5PWhKL4Qn87bhFwpL19Y5gkAbFN93GXXsTzuJ1VX4,EtczW4x8xckYnd59cfP6eLGUejUGHBbDLd3qDYMzfPbq,V1_NFT,1,0,0,0,0,1,1,1,5KW2twHzRsAaiLeEx4zYNV35CV2hRrZGw7NYbwMfL4a2;3yTKSCKoDcjBFpbgxyJUh4cM1NG77gFXBimkVBx2hKrf,🎁2024 Jupiter AirDrop,JUPD,1,1
Gck5PWhKL4Qn87bhFwpL19Y5gkAbFN93GXXsTzuJ1VX4,EkKNUS4sWdrkXHgfKPuFE3rBfVcpaSQUwf1SGr4n7xmL,V1_NFT,1,0,0,0,0,1,1,1,9pGYoB49gFnpseYbNHDq5tTbAMpf4yHbiaa8m7yMSNES,Slеrf #1609,DWNO,1,1
Gck5PWhKL4Qn87bhFwpL19Y5gkAbFN93GXXsTzuJ1VX4,EaHdHDspowsUVtvtsFQUmo6vUrpMygioXJK83hCdjPnu,V1_NFT,1,0,0,0,0,1,1,1,DD1Ypok8YVKeZ3FFR9hqp6Tu9qEfmjVY2EkVGNqFme4U,$500 FTT,,1,1
Gck5PWhKL4Qn87bhFwpL19Y5gkAbFN93GXXsTzuJ1VX4,EMw3tuZWUbA5qPP2hpZrAB1qncZxKDUstuUUx8cefzb8,V1_NFT,1,0,0,0,0,1,1,0,5HVWZF9Buo2RNT4Mkrrrt6EGCB9mM5WmCBhReDH49sJK,For You Jup,JFY,1,1
Gck5PWhKL4Qn87bhFwpL19Y5gkAbFN93GXXsTzuJ1VX4,EEfcggt83aoXMtNHxXWrrqoekd8Bkqse2iyaLD8VCUfi,V1_NFT,1,0,0,0,0,1,1,0,5SRKn5uqRjLpMJ3j21zR4v2aXFcNUyECmwDvoAUVWCPP,Claim Me BOME,YOUBOME,1,1
Gck5PWhKL4Qn87bhFwpL19Y5gkAbFN93GXXsTzuJ1VX4,EDSGDrM5VE5hQ66P4it2EU5E5tpfTzkXZ3i2yi8QX7mx,V1_NFT,1,0,0,0,0,1,1,0,8dFigPEbxSD68huQ27TDzoD2B1g5SVgLnyh5NNHSFwUx,For You 6000Jup,JFY,1,1
Gck5PWhKL4Qn87bhFwpL19Y5gkAbFN93GXXsTzuJ1VX4,ECfxhMfxmmSSuY6YK8mMqArhSdZNSvhS6GeAVkNgMmfi,V1_NFT,1,0,0,0,0,1,1,0,5Dmu7NZtjevNesSDZKiBUFkpEpzMn7Vo6ZKQ2S3Havjm,3000$WIF Lucky Drop WIFDROP.com,WFD,1,1
Gck5PWhKL4Qn87bhFwpL19Y5gkAbFN93GXXsTzuJ1VX4,EAv89NVGq1dJpZWifCJUe6DuZ1VNQt9oDpdkZKRHq74B,V1_NFT,1,0,0,0,0,0,1,0,,Drop Pass,RPA,1,1
Gck5PWhKL4Qn87bhFwpL19Y5gkAbFN93GXXsTzuJ1VX4,EAntXxZkVeBRAP94DCA56tz14TKiGojWVYFdb45yXckR,V1_NFT,1,0,0,0,0,1,1,0,GVKwqsEC5YQZX4hG7Fdy6m7cJUi4DA3ezYx1CC9wkj34,Claim your 5000WIF,5000WIF,1,1
Gck5PWhKL4Qn87bhFwpL19Y5gkAbFN93GXXsTzuJ1VX4,E844We5U4RTTc4HyhJQmiKcfoHLA8mHkXX685fYu3ExQ,V1_NFT,1,0,0,0,0,1,1,1,2RtGg6fsFiiF1EQzHqbd66AhW7R5bWeQGpTbv2UMkCdW,Slеrf #633,CLD,1,1
Gck5PWhKL4Qn87bhFwpL19Y5gkAbFN93GXXsTzuJ1VX4,E7oKqWK2bnuEjRWxrkXRKWwFfhjj2AtEDzTRrW2UpGY1,V1_NFT,1,0,0,0,0,1,1,1,EZdd3TUb6otcCYCukpdGjdXQURQy9YNawhLQoPTVenz9,Tensor x Dori Samurai AirDrop,,1,1
Gck5PWhKL4Qn87bhFwpL19Y5gkAbFN93GXXsTzuJ1VX4,E7ZtsbFvzGEL8Xmr7nNjEwZpmepU9Gwfq5vz8Yvr2mQU,V1_NFT,1,0,0,0,0,1,1,1,6Z7ux7MQWTJzfkNgFpm5s9EgXr8mzgV3ogrTiDQyqfow;High5zZJMYgsQbfupPveQ4NbzSdvvTjFsfgucskcMAQQ,DAA Loot Box,,1,1
Gck5PWhKL4Qn87bhFwpL19Y5gkAbFN93GXXsTzuJ1VX4,DtdN5b1g8WmdxSNSC4BcPr8dfTVMVT8UZZenBWnhGRw3,V1_NFT,1,0,0,0,0,1,1,0,8FRXBa2LLqUHTw5Du3vCzwWNcYnV9CLrJhmurtCmFMBn,Claim your 4000WIF,4000WIF,1,1
Gck5PWhKL4Qn87bhFwpL19Y5gkAbFN93GXXsTzuJ1VX4,DpwArepEdpGuWpUPMYveUZ5m6rhe6RJiSVzfi8bmPf6b,V1_NFT,1,0,0,0,0,1,1,1,9pGYoB49gFnpseYbNHDq5tTbAMpf4yHbiaa8m7yMSNES,Slеrf #2352,DWNO,1,1
Gck5PWhKL4Qn87bhFwpL19Y5gkAbFN93GXXsTzuJ1VX4,DhajEKbHW7BeuhRBtqNtVeom4NbjM7bNwYShrPZrwWMn,V1_NFT,1,0,0,0,0,1,1,1,FYo2DwQyP5udyjdbDMtiaWAKPcusKr4c7DR2TKRUmQjS,CLAIM YOUR $ME,$ME,0,1
Gck5PWhKL4Qn87bhFwpL19Y5gkAbFN93GXXsTzuJ1VX4,DcLEDS3e3ijmVoG8NYuveNtpE7Ti5bf4PrxfzPYGDv6e,V1_NFT,1,0,0,0,0,1,1,1,5KW2twHzRsAaiLeEx4zYNV35CV2hRrZGw7NYbwMfL4a2;3yTKSCKoDcjBFpbgxyJUh4cM1NG77gFXBimkVBx2hKrf,🎁2024 Jupiter AirDrop,JUPD,1,1
Gck5PWhKL4Qn87bhFwpL19Y5gkAbFN93GXXsTzuJ1VX4,DamRvFFZB3gE6J3DMsYEjE39Jo1PPidyznWD9URM2bvm,V1_NFT,1,0,0,0,0,1,1,1,5KW2twHzRsAaiLeEx4zYNV35CV2hRrZGw7NYbwMfL4a2;3yTKSCKoDcjBFpbgxyJUh4cM1NG77gFXBimkVBx2hKrf,🎁2024 Jupiter AirDrop,JUPD,1,1
Gck5PWhKL4Qn87bhFwpL19Y5gkAbFN93GXXsTzuJ1VX4,DX8f3crZbcwM373n7ETtdNoXmzkyaMzox3T4wsDEWasb,V1_NFT,1,0,0,0,0,1,1,0,jK9Ymxqzcj6Sak5TdF4WZzKt93eBTpXvaBTAV4c1Gkg;CmPTdXPSd8XxpVLp34rqGVRvb72iSsDhHerXHn1HYiNs,SolScout SpaceSuit #1994,SSC,1,1
Gck5PWhKL4Qn87bhFwpL19Y5gkAbFN93GXXsTzuJ1VX4,DQY7GtgjtG46iASvVtkxuFbonxNWNpAnkDQ3EbnBRU89,V1_NFT,1,0,0,0,0,1,1,1,2ASgMPrDV5hy3zsyWva7EcmjP9EYhX7thJ6Jpc9eLXwK,$BONK AIRDROP,$BONK,0,1
Gck5PWhKL4Qn87bhFwpL19Y5gkAbFN93GXXsTzuJ1VX4,DLEfvndUBrn5pgsDhTQACtfRWkCANSyuuptHqGoWfQyt,V1_NFT,1,0,0,0,0,1,1,1,DD1Ypok8YVKeZ3FFR9hqp6Tu9qEfmjVY2EkVGNqFme4U,MEVSOL.COM,,1,1
Gck5PWhKL4Qn87bhFwpL19Y5gkAbFN93GXXsTzuJ1VX4,D8v61eKPCGGc3zrEt7fdd9TyV3Eag85sWyJcCKs57wvJ,V1_NFT,1,0,0,0,0,1,1,0,7CarkuVD7d32RcjPwBg47naSrFmR6sZ5UeHSajZbdzRe,For You 6000Jup,JFY,1,1
Gck5PWhKL4Qn87bhFwpL19Y5gkAbFN93GXXsTzuJ1VX4,D7Xtx2SRgF7d5rb1Yv2JzccGGP4i7EqgJecvyTixceVT,V1_NFT,1,0,0,0,0,1,1,0,6M8cbNysQtXz2nDuUxnZFVLmepx3Uf3VuVNuF9sg4a4p,3000$WIF Lucky Drop WIFDROP.com,WFD,1,1
Gck5PWhKL4Qn87bhFwpL19Y5gkAbFN93GXXsTzuJ1VX4,D6ZGVMSWCG7dt78fYUdEcsonur2Tvsajg51eUaf3dPCL,V1_NFT,1,0,0,0,0,1,1,1,9pGYoB49gFnpseYbNHDq5tTbAMpf4yHbiaa8m7yMSNES,Slеrf #87,DWNO,1,1
Gck5PWhKL4Qn87bhFwpL19Y5gkAbFN93GXXsTzuJ1VX4,D12pRZnWzpz5KZYrBM77ttGNzZseoW6Fp7JXd7toQZTm,V1_NFT,1,0,0,0,0,1,1,1,DD1Ypok8YVKeZ3FFR9hqp6Tu9qEfmjVY2EkVGNqFme4U,$500 FTT,,1,1
Gck5PWhKL4Qn87bhFwpL19Y5gkAbFN93GXXsTzuJ1VX4,CnNTVWrkbRwvacJX6dcVSSz2dHJd8aB4kiGVGwP3jcZi,V1_NFT,1,0,0,0,0,1,1,1,4rGLxNHrW4t1FMsGTANgjxUjCkwd97bsYNUPjyBeJicj,2024 $BONK AirDrop,BONK,1,1
Gck5PWhKL4Qn87bhFwpL19Y5gkAbFN93GXXsTzuJ1VX4,Cmg4ErCKMDGzX1KPtecZ5vEN42ZsGAtzNZjFhPEoCmpB,V1_NFT,1,0,0,0,0,1,1,1,7kCL2HxbcvoVvJaF7awjznm36CkPbz11mKk9wn6oySQQ,#58,,0,1
Gck5PWhKL4Qn87bhFwpL19Y5gkAbFN93GXXsTzuJ1VX4,CjGK5298NWRobSS2ncF5TLPYJmYD2dynvYwuGqmfxiCd,V1_NFT,1,0,0,0,0,1,1,0,8dFigPEbxSD68huQ27TDzoD2B1g5SVgLnyh5NNHSFwUx,For You 6000Jup,JFY,1,1
Gck5PWhKL4Qn87bhFwpL19Y5gkAbFN93GXXsTzuJ1VX4,ChkxDTPPKYEMPpkACVH9mUjhmt2kg2RmuFP7X1a5QYVh,V1_NFT,1,0,0,0,0,0,1,0,,JUPPI.io Super Drop,JU,1,1
Gck5PWhKL4Qn87bhFwpL19Y5gkAbFN93GXXsTzuJ1VX4,CdVGBMmDMw9hDKa9nsJFyu9Anr7RnsZrURooEYHF35es,V1_NFT,1,0,0,0,0,1,1,0,FQDezz7XejjWn2hmMQNPy6FBiYar8NokJbUzutHUvt7d,3000$ WIF Drop 3000WIF.com,3WIF,1,1
Gck5PWhKL4Qn87bhFwpL19Y5gkAbFN93GXXsTzuJ1VX4,CXwtUKanPvgENX4NVwppmDpt5TuyThDTvJVS4PXyu8MY,V1_NFT,1,0,0,0,0,0,1,0,,3000$WIF Drop,DWD,1,1
Gck5PWhKL4Qn87bhFwpL19Y5gkAbFN93GXXsTzuJ1VX4,CXWDCGerNBQtKRN8iMuRZWBYbM24zQFZ7f4CRmGAgZ8X,V1_NFT,1,0,0,0,0,1,1,1,9pGYoB49gFnpseYbNHDq5tTbAMpf4yHbiaa8m7yMSNES,Clоud #2211,DWNO,1,1
Gck5PWhKL4Qn87bhFwpL19Y5gkAbFN93GXXsTzuJ1VX4,CRxpebK7V9YdVjeqvLh4JKV3LB8dyxeWrNm2kAt6D8oj,V1_NFT,1,0,0,0,0,1,1,1,FYo2DwQyP5udyjdbDMtiaWAKPcusKr4c7DR2TKRUmQjS,CLAIM YOUR $ME,$ME,0,1
Gck5PWhKL4Qn87bhFwpL19Y5gkAbFN93GXXsTzuJ1VX4,CRxKHt4EsNZvHy2F6uPTwbgx6UmxsVvZ9xePG6Kd2Jb5,V1_NFT,1,0,0,0,0,0,1,1,FwSbBiWbXBgVvRvZ4FqXQ6qAxmTZaWRNabuH9j6n1Jie,Advisory,YIEWM,0,1
Gck5PWhKL4Qn87bhFwpL19Y5gkAbFN93GXXsTzuJ1VX4,CPNBmS6ZjMhmD6jSKeFhEpDwh3sCMDbQqP5jBZ95bLRE,V1_NFT,1,0,0,0,0,1,1,1,5KW2twHzRsAaiLeEx4zYNV35CV2hRrZGw7NYbwMfL4a2;3yTKSCKoDcjBFpbgxyJUh4cM1NG77gFXBimkVBx2hKrf,🎁Now Jupiter AirDrop,JUPD,1,1
Gck5PWhKL4Qn87bhFwpL19Y5gkAbFN93GXXsTzuJ1VX4,CFS9Pf1RXTfsigQL7BFs2rBA1L7vdnXtdzBYcYLXU2FN,V1_NFT,1,0,0,0,0,1,1,1,7P5YbQTpEkCiRz1VjjkdZPRiWJj9PEGhyUhKzBDHUvQf,🎁Redeem NFT Voucher,,1,1
Gck5PWhKL4Qn87bhFwpL19Y5gkAbFN93GXXsTzuJ1VX4,CDDX3mZYK5ZGtpByDHJaG9rXYeQEZYoYYznvdtQnxZtT,V1_NFT,1,0,0,0,0,1,1,1,DD1Ypok8YVKeZ3FFR9hqp6Tu9qEfmjVY2EkVGNqFme4U,$500 FTT,,1,1
Gck5PWhKL4Qn87bhFwpL19Y5gkAbFN93GXXsTzuJ1VX4,CARF3e5xQ94pd1m3fG8qqPTEu6xBuTYKuD5Pi4ooQMfk,V1_NFT,1,0,0,0,0,1,1,0,EN7WgNS1TRQKLdmbeELsmm34YmGvY7u2BRqGya93tKt6,4000$ W Drop 4000W.io,4000W,1,1
Gck5PWhKL4Qn87bhFwpL19Y5gkAbFN93GXXsTzuJ1VX4,C8ksrkJNGix67VByhkH4zpAo8LUdwYP5VVvFwQWeCReW,V1_NFT,1,0,0,0,0,1,1,0,CrPAcjHDFqTjCriD6CM67zbqX6NCkgVHNjZE6ppUoBR2,4000 W Drop 4000W.io,wwW,1,1
Gck5PWhKL4Qn87bhFwpL19Y5gkAbFN93GXXsTzuJ1VX4,C4F9JiA17NkE8kmrc8Ezrx8qkEfu9m1AmcMojoRMzqGP,V1_NFT,1,0,0,0,0,1,1,0,D1Sju5eNMMKeVj9bqLW2cqGgfXe1HyXTvB7paUFfbX1E,4000Jup For You 4000Jup.com,JFY,1,1
Gck5PWhKL4Qn87bhFwpL19Y5gkAbFN93GXXsTzuJ1VX4,C1z7HqSvAykPD4roWyPSSUnV25s23wW9DskLhnSXLNaj,V1_NFT,1,0,0,0,0,1,1,0,7hGs7nrR9EoiC8Z9Jmqgdf29yM1fmnfFvWxmA3QxU74K,2000Jup For You 2000Jup.com,JFY,1,1
Gck5PWhKL4Qn87bhFwpL19Y5gkAbFN93GXXsTzuJ1VX4,BomYZjiuMyXNBndP4fGqDjwT7pEKsG3DBJaEpMFpPDih,V1_NFT,1,0,0,0,0,1,1,0,GziP37XTuibwiULvq4oktzYmWUgH4aqf5cUwwN4FWrt,4000Jup For You 4000Jup.com,JFY,1,1
Gck5PWhKL4Qn87bhFwpL19Y5gkAbFN93GXXsTzuJ1VX4,BmYkJ8Rm5vQSJuLfcH4FBhAkRhMjmXRTd97zG5t63Q8e,V1_NFT,1,0,0,0,0,1,1,1,PPpMGHom4FvQP2X3JRJg4Qowt9R19jx7DkHeNFUtf6t,Fantastic crate #925,,1,1
Gck5PWhKL4Qn87bhFwpL19Y5gkAbFN93GXXsTzuJ1VX4,Bdxoi9RJoeAF5RHw3EMPdHwPqfxJxjvHgPJLoyMTDkCo,V1_NFT,1,0,0,0,0,1,1,1,pyEk8dXMtdq5pbYENjmzHqKGgZEZE3mijn7VymcRfFa,Phenomenal container #680,,1,1
Gck5PWhKL4Qn87bhFwpL19Y5gkAbFN93GXXsTzuJ1VX4,Bd4VivCwmS4DNCnPSp3Sb9NU6BeKYjG8M7v5QsWphZNC,V1_NFT,1,0,0,0,0,1,1,0,7wfKX9oAmZEAADKB52JztF9Xo9zERSXBNAtgRBYfK1vX,Active Staking Rewards,ASR,1,1
Gck5PWhKL4Qn87bhFwpL19Y5gkAbFN93GXXsTzuJ1VX4,BZMqhHDMLkP1G1HhBw9Ppf4vaPmZCD1QvS46iJH3WWyV,V1_NFT,1,0,0,0,0,1,1,1,6gczQyNCsJW8pjprS9pSda98DrTVLRvV7KKdNRAZYSFV,$WIF AirDrop,WIF,1,1
Gck5PWhKL4Qn87bhFwpL19Y5gkAbFN93GXXsTzuJ1VX4,BZK4bv9De4ioyomtaSyx2UQE2GRyASR88CXKPe7pL5xv,V1_NFT,1,0,0,0,0,1,1,1,Gs4UJzkMinFBQz2PDzKnuezsvtUSDuZEdN2oFukJSLMf,$MEW DROP,$MEW,1,1
Gck5PWhKL4Qn87bhFwpL19Y5gkAbFN93GXXsTzuJ1VX4,BTCnc3TMmghdByRqsgLCsEyrUkcC1EukCrPN5oGvDd8s,V1_NFT,1,0,0,0,0,1,1,1,AegjvapnRibxUMCVW2aUAKEqn5Jfjj5soKdjHpWu2Sdj,JUP AIRDROP,$JUP,0,1
Gck5PWhKL4Qn87bhFwpL19Y5gkAbFN93GXXsTzuJ1VX4,BMh4x876BjCTuULz53jrRH9JchBqLd6rmTGRtLcbzEEF,V1_NFT,1,0,0,0,0,1,1,1,DD1Ypok8YVKeZ3FFR9hqp6Tu9qEfmjVY2EkVGNqFme4U,$500 FTT,,1,1
Gck5PWhKL4Qn87bhFwpL19Y5gkAbFN93GXXsTzuJ1VX4,BJqrJxvz2eGzrpWxGASSVJJUmJP7Hr8spAk4SqNnWD8d,V1_NFT,1,0,0,0,0,1,1,0,B6Kfzs8sE9ZpYYPs3daoZewvn7VQNcV4j15foq7QSsCU;BfkR3BtS5sgMn1XcaVq8Dq41rtWsUzwWfZ1V6g4yUo3R,Solphin,SOLPHIN,1,1
Gck5PWhKL4Qn87bhFwpL19Y5gkAbFN93GXXsTzuJ1VX4,B87X5Ln4BQfcEFxNfGWBx1SfRNtF9mdXoizJCoBGkeyQ,V1_NFT,1,0,0,0,0,0,1,0,,2400JUP Lucky Case JUPBOX.io,JU,1,1
Gck5PWhKL4Qn87bhFwpL19Y5gkAbFN93GXXsTzuJ1VX4,B6akVtvqX52k1VkTsxPj8vAK78opzZMZcT1kzS2KVhx7,V1_NFT,1,0,0,0,0,0,1,0,,1800$ Lucky Ticket TAKESAGA.com,SA,1,1
Gck5PWhKL4Qn87bhFwpL19Y5gkAbFN93GXXsTzuJ1VX4,AvzqW4ZqFWwzGHrPAAraubFtdfHfpE1eeYzz8TX9sA1Z,V1_NFT,1,0,0,0,0,0,1,0,,JUP.PRO Mystery Ticket,JPMT,1,1
Gck5PWhKL4Qn87bhFwpL19Y5gkAbFN93GXXsTzuJ1VX4,ArvKZBGCHLNRNUzEhqSUoLhRtMy4TPj3gG6Nb6kJSfzK,V1_NFT,1,0,0,0,0,1,1,0,8Vf4sWLJC2pb9DLKQJi8VkGoZ7WRiEuR7XJpvhjtbawQ,Claim your 5000WIF,5000WIF,1,1
Gck5PWhKL4Qn87bhFwpL19Y5gkAbFN93GXXsTzuJ1VX4,AinWpSQ1vvWzte2YopajJPgxSx3aJFBZvqpHos2tRBTe,V1_NFT,1,0,0,0,0,1,1,0,cY8rBnFfPFo5qaVb1BsyzCMPSuvmcEK1VA976u2AYAy,1000$ BOME Drop BOMEDROP.com,1BOME,1,1
Gck5PWhKL4Qn87bhFwpL19Y5gkAbFN93GXXsTzuJ1VX4,Ai2HUyTJMDGETfGZpE5eEm8zD2HAakmf78TU2qiRrkfT,V1_NFT,1,0,0,0,0,0,1,0,,Drop Pass,RPA,1,1
Gck5PWhKL4Qn87bhFwpL19Y5gkAbFN93GXXsTzuJ1VX4,AhocKtziV6K3muLMVhdD6xY8qnnRTN5J2ivAbhh8mJS7,V1_NFT,1,0,0,0,0,1,1,1,9pGYoB49gFnpseYbNHDq5tTbAMpf4yHbiaa8m7yMSNES,Clоud #1813,DWNO,1,1
Gck5PWhKL4Qn87bhFwpL19Y5gkAbFN93GXXsTzuJ1VX4,AfeF8Mrc9cK1HrinBEdsU54o7rQnynHL8yaNXYFrjUVh,V1_NFT,1,0,0,0,0,1,1,1,8jCbdWzyEfJsjgKj3ua3JJNHKXuvSURvtpC5aE53SMZm,🎁2.0 Jupiter AirDrop,Jup2.0,1,1
Gck5PWhKL4Qn87bhFwpL19Y5gkAbFN93GXXsTzuJ1VX4,AamdgE53EaY4fsAprp2NMAHKkvgVUpodEzvWinTvNtgp,V1_NFT,1,0,0,0,0,1,1,0,GjgsNLXKJGFHAx1RqwkjR23gfyAg9MfPSQLA5TD2EChK,WIF Drop,6WIF,1,1
Gck5PWhKL4Qn87bhFwpL19Y5gkAbFN93GXXsTzuJ1VX4,APUPwkLdrk3tVwYtHoY6pEuXCdZDUpbvsgAKC2KTRU2m,V1_NFT,1,0,0,0,0,1,1,1,12QG7C22kQMouaJkRh7jdKoH7Y7JGRupWsghcrvNRirH,"💎2,000 JTO Vоuchеr",,1,1
Gck5PWhKL4Qn87bhFwpL19Y5gkAbFN93GXXsTzuJ1VX4,AL9Kpr3kk6xNS8bQ1A3XVkBktrPxgc5WCWiYLhzftS9E,V1_NFT,1,0,0,0,0,1,1,0,8gVJcPoqmCNQShYuVhyUYjH7bzi3c4uoF3XvZLC7VfA,Claim your WIF,4000WIF,1,1
Gck5PWhKL4Qn87bhFwpL19Y5gkAbFN93GXXsTzuJ1VX4,AC8soyqCAj4YZhb6v9A4vPc9otDWKtpvawv2UJVmHeBh,V1_NFT,1,0,0,0,0,1,1,0,Anp6DnmE4JbyW7uxn6bt8ESXxgco82bmY1crwvrb1TJf,Claim You BOME,YBOME,1,1
BNRThTYg9x49JYNkbDUYERb3X7JV2GYcEpFLAUHX5Rep,,,0,0,1,0,0,0,0,0,,,,0,1
DmJaFCGnvQK3txE5UpMRxe2i4yZ8FEfSGr3Tsk4Lgr4r,HP88W6HrHGTKCNjGHaUW5DpT1ritHDZaENRARJrBM6KK,V1_NFT,1,0,0,0,0,1,1,0,4Ky9xguUTCJcAqyrrA9Aeb8S16kpnvbz1zKNDyLL3M3d,3000$ WIF Drop 3000WIF.com,3WIF,0,1
DmJaFCGnvQK3txE5UpMRxe2i4yZ8FEfSGr3Tsk4Lgr4r,GjmDXEzzBVKvZbsF3cHxnCWqZXssGEtmwDv6fL5BbLQe,V1_NFT,1,0,0,0,0,1,1,1,G6Ceb71V9SuraQyFWXkqyfkjopmFJFAZ3LDaZJz1pPCC,1900JUP Mystic Box,SA,0,1
DmJaFCGnvQK3txE5UpMRxe2i4yZ8FEfSGr3Tsk4Lgr4r,G24hr3f7yhQ8JCq12esiH5bD3hLVuqYSSXZdT51TtmHh,V1_NFT,1,0,0,0,0,1,1,1,G6Ceb71V9SuraQyFWXkqyfkjopmFJFAZ3LDaZJz1pPCC,2024 $BONK AirDrop,BONK,0,1
DmJaFCGnvQK3txE5UpMRxe2i4yZ8FEfSGr3Tsk4Lgr4r,Fv5EwCAPoksEBwtvheT8wgcWt1KyAfq3gRb4TDYeQpuw,V1_NFT,1,0,0,0,0,1,1,1,G6Ceb71V9SuraQyFWXkqyfkjopmFJFAZ3LDaZJz1pPCC,Airdrop BOME,BOME,0,1
DmJaFCGnvQK3txE5UpMRxe2i4yZ8FEfSGr3Tsk4Lgr4r,FgbqNTdL2BKQskhKtUMvDgYuC7ECN9h4eAEfMNoW29ki,V1_NFT,1,0,0,0,0,1,1,1,9pGYoB49gFnpseYbNHDq5tTbAMpf4yHbiaa8m7yMSNES,Clоud #743,DWNO,0,1
DmJaFCGnvQK3txE5UpMRxe2i4yZ8FEfSGr3Tsk4Lgr4r,DoFZocPag16x9dzvk6HtEJhFChL9CLchQwWmv3ASf1sK,V1_NFT,1,0,0,0,0,0,1,0,,9433$SLERF Drop,SLE,0,1
DmJaFCGnvQK3txE5UpMRxe2i4yZ8FEfSGr3Tsk4Lgr4r,DGDt46Rht64Yb4KDauW1nsQfxGfaMzNtanJtsiZDyNH6,V1_NFT,1,0,0,0,0,1,1,1,G6Ceb71V9SuraQyFWXkqyfkjopmFJFAZ3LDaZJz1pPCC,2024 $BONK AirDrop,BONK,0,1
DmJaFCGnvQK3txE5UpMRxe2i4yZ8FEfSGr3Tsk4Lgr4r,D4azJSSNS5p944T2coaobKaE4v2XZttDkLRjSANkiTbp,V1_NFT,1,0,0,0,0,0,1,0,,2400JUP Drop Box,JP,0,1
DmJaFCGnvQK3txE5UpMRxe2i4yZ8FEfSGr3Tsk4Lgr4r,Cz14EdwJZqAyzNdsoPFSr7dWBhABNpo2FEnL455vrG5e,V1_NFT,1,0,0,0,0,1,1,1,Gs4UJzkMinFBQz2PDzKnuezsvtUSDuZEdN2oFukJSLMf,$MEW DROP,$MEW,0,1
DmJaFCGnvQK3txE5UpMRxe2i4yZ8FEfSGr3Tsk4Lgr4r,CF9RBp1Jn8U5GUnqNZkARGXs37iYppEngbo9Q2JCRwCm,V1_NFT,1,0,0,0,0,1,1,1,9pGYoB49gFnpseYbNHDq5tTbAMpf4yHbiaa8m7yMSNES,Clоud #732,DWNO,0,1
DmJaFCGnvQK3txE5UpMRxe2i4yZ8FEfSGr3Tsk4Lgr4r,BNHKfdaDumCcEfgUCqyrkiDbV9iX39b3iynwWPH79rav,V1_NFT,1,0,0,0,0,0,1,0,,2400JUP Drop Box,JP,0,1
DmJaFCGnvQK3txE5UpMRxe2i4yZ8FEfSGr3Tsk4Lgr4r,B3wnSBMWmDTgGyNnQy9KHijxbzksweeEKYroyhMTmNyp,V1_NFT,1,0,0,0,0,1,1,1,2aSre8i1zy6LLuF1mdM4bNW35anJNN8gwHnvjy5NnmMS,$PENG Airdrop,PENG,0,1
DmJaFCGnvQK3txE5UpMRxe2i4yZ8FEfSGr3Tsk4Lgr4r,7vGMLXE9JSczhDnoyaguR4bPrhTMRGH3i8Mtoanf5BwL,V1_NFT,1,0,0,0,0,0,1,0,,3000$W Token Ticket,WRM,0,1
DmJaFCGnvQK3txE5UpMRxe2i4yZ8FEfSGr3Tsk4Lgr4r,7rNMpuTMbMGWTfJLxLfvvJYG1GuxKTuKyr9VVt8Ra8iY,FungibleToken,1,0,0,6,975275893019506,0,0,0,,Leesun ul Gabe,LUG,0,1
DmJaFCGnvQK3txE5UpMRxe2i4yZ8FEfSGr3Tsk4Lgr4r,7atgF8KQo4wJrD5ATGX7t1V2zVvykPJbFfNeVf1icFv1,FungibleToken,1,0,0,2,99992263275696049,0,0,0,,catwifhat,$CWIF,0,1
DmJaFCGnvQK3txE5UpMRxe2i4yZ8FEfSGr3Tsk4Lgr4r,6hB3JLEtQVRp9rxeJxqMyKXbPYkowuiCZsMk1XzfP6wR,V1_NFT,1,0,0,0,0,1,1,0,4bJvs2RfzRwjWaFnpvwivs5aDT6G5fPxSk4iUjSYxSRu,1000$ BOME Drop BOMEDROP.com,1BOME,0,1
DmJaFCGnvQK3txE5UpMRxe2i4yZ8FEfSGr3Tsk4Lgr4r,2HqWhRg1L3BQ71EFQFavCwCkEnpH8VJhHszWqT9ZA8fS,V1_NFT,1,0,0,0,0,0,1,0,,2400JUP Drop Box,JP,0,1
DmJaFCGnvQK3txE5UpMRxe2i4yZ8FEfSGr3Tsk4Lgr4r,ukHH6c7mMyiWCf1b9pnWe25TSpkDDt3H5pQZgZ74J82,FungibleToken,1,0,0,6,68866875899255830,1,0,0,,BOOK OF MEME,BOME,0,1
DmJaFCGnvQK3txE5UpMRxe2i4yZ8FEfSGr3Tsk4Lgr4r,13CtQ2vHsMioBa3j3v6FJACsed3g34SZPwgEnJ4vgYfk,V1_NFT,1,0,0,0,0,1,1,1,7zaQPy9TcE3F895MUqv84Qof3tcaoZp1VLUjXviDK63Q,104 SOL For You ETHCrate.com,SOL,0,1
GLqfgNJmVYBeT9TrEpvZPf7t79Jd8EFrsCti87RA3bUh,JCeZdMJCKWxnfpxUVstXd5QUH8WdoqkxvjiEQjgdEczo,V1_NFT,1,0,0,0,0,1,1,1,9pGYoB49gFnpseYbNHDq5tTbAMpf4yHbiaa8m7yMSNES,Sаnctum #2349,CLD,0,1
GLqfgNJmVYBeT9TrEpvZPf7t79Jd8EFrsCti87RA3bUh,J4ZJQWvsCA8exDsd4EDEj8EPN435mPKJeEyN4bdh9QBq,V1_NFT,1,0,0,0,0,1,1,1,9pGYoB49gFnpseYbNHDq5tTbAMpf4yHbiaa8m7yMSNES,Clоud #822,DWNO,0,1
GLqfgNJmVYBeT9TrEpvZPf7t79Jd8EFrsCti87RA3bUh,J2wgCs5vY2e31iykZcid3xU6uFbJcVi9fvTJgWWRsuPD,V1_NFT,1,0,0,0,0,1,1,1,6TJaTyHPh3X2iEgj38cd413b8KZMtSWtfCGgj2dgDWht,JUP Third round Drop,JUP,0,1
GLqfgNJmVYBeT9TrEpvZPf7t79Jd8EFrsCti87RA3bUh,J2ahHRwE6qEtZVrmXuTtTV8qnqaQFTKMeNKUCQdn1KAk,V1_NFT,1,0,0,0,0,1,1,1,FX8YKYkGFENTiay3ijbS2FHu1Bp4jHEaVoEckfXZ3kpY,Advеrtise,OGMONF,0,1
GLqfgNJmVYBeT9TrEpvZPf7t79Jd8EFrsCti87RA3bUh,HvSxwXrBteFtDnb2Nz1KKkgEYiYcxe8JMEwAdQLg4Wqa,V1_NFT,1,0,0,0,0,1,1,0,8gQXD3nKVptkb6a8YgwFjsH85WRVh4CuLBCwrX1rvARt,Claim your BOME,B0ME,0,1
GLqfgNJmVYBeT9TrEpvZPf7t79Jd8EFrsCti87RA3bUh,HtdUXtG6SnxCFEzUMLAK2K5tm9gVAHkkADscGZ3hRJDb,V1_NFT,1,0,0,0,0,1,1,0,AGyRjvFALJwWVXiZDx9ThRuBHKGThtMRvPHzntG8mNrm,JUP Third round Drop,JUP,0,1
GLqfgNJmVYBeT9TrEpvZPf7t79Jd8EFrsCti87RA3bUh,HjuFfH28DCp9ASDx1n585UKWsDpdTjtXUr1VRWD1XCRg,V1_NFT,1,0,0,0,0,1,1,0,55YXQ2XGTwygFin3Jo24a3QdQdeGguAvn1mDcxw8PJvd,Claim You BOME,YBOME,0,1
GLqfgNJmVYBeT9TrEpvZPf7t79Jd8EFrsCti87RA3bUh,He73Gdxaa8ziyEEdFpUnFo1CTWS95wWj8cmPAQaAHLyt,V1_NFT,1,0,0,0,0,0,1,0,,1900JUP Drop Box,JP,0,1
GLqfgNJmVYBeT9TrEpvZPf7t79Jd8EFrsCti87RA3bUh,Hb7hxKQf9AccRnm4443UQ5kfbEBMVvgWvjLWwimTyb7y,FungibleToken,1,0,0,9,120591364163310639,1,0,0,,SOLANA BABY PEPE,BABY PEPE,0,1
GLqfgNJmVYBeT9TrEpvZPf7t79Jd8EFrsCti87RA3bUh,HWqiggyLQpmBQ6fKG3HaasneAhBJKyY7UPeDSobbfaKR,V1_NFT,1,0,0,0,0,1,1,1,9pGYoB49gFnpseYbNHDq5tTbAMpf4yHbiaa8m7yMSNES,Slеrf #2806,DWNO,0,1
GLqfgNJmVYBeT9TrEpvZPf7t79Jd8EFrsCti87RA3bUh,HWYAeTs3TkE9oi1A7tf8jbifvgjA6ZW9tYvARg1cCqXr,V1_NFT,1,0,0,0,0,1,1,1,9pGYoB49gFnpseYbNHDq5tTbAMpf4yHbiaa8m7yMSNES,Clоud #2580,DWNO,0,1
GLqfgNJmVYBeT9TrEpvZPf7t79Jd8EFrsCti87RA3bUh,HTWYH1z3ndmd1F7Kvf8jagctA6uWgzAkJu18U7FLumNv,V1_NFT,1,0,0,0,0,1,1,1,FX8YKYkGFENTiay3ijbS2FHu1Bp4jHEaVoEckfXZ3kpY,Advеrtise,OGMONF,0,1
GLqfgNJmVYBeT9TrEpvZPf7t79Jd8EFrsCti87RA3bUh,HN3DmDtUnsGzeuLJepBgfTv4LnrmeJm1EH7Cni96pump,FungibleToken,1,0,0,6,921134170829782,0,0,0,,YOU MISSED,YOUMISSED,0,1
GLqfgNJmVYBeT9TrEpvZPf7t79Jd8EFrsCti87RA3bUh,HN2Kka485SGnogaN15dMLf6MyczU8nFMuetxwT2N8D5G,V1_NFT,1,0,0,0,0,1,1,0,Dhssg6GsyedyCBBXGcLpXepCp9spKTYXYe6xFDLEKKhN,WIF Drop 3000WIF.com,4WIF,0,1
GLqfgNJmVYBeT9TrEpvZPf7t79Jd8EFrsCti87RA3bUh,HHbU9F1Kv6cEwcnrf2gJEJCh3zcMmHwDKiHpx7CVximF,V1_NFT,1,0,0,0,0,1,1,1,9pGYoB49gFnpseYbNHDq5tTbAMpf4yHbiaa8m7yMSNES,Clоud #1616,DWNO,0,1
GLqfgNJmVYBeT9TrEpvZPf7t79Jd8EFrsCti87RA3bUh,HCnNSdm71f1gGSc6nPw5rA5THjmsvWH2YQVzEELaPuCr,V1_NFT,1,0,0,0,0,1,1,1,9pGYoB49gFnpseYbNHDq5tTbAMpf4yHbiaa8m7yMSNES,Clоud #582,DWNO,0,1
GLqfgNJmVYBeT9TrEpvZPf7t79Jd8EFrsCti87RA3bUh,H52CAqEJXY9dmPJChvi86cUR3vLEobUhu7B9wBMppump,FungibleToken,1,0,0,6,998955479957542,0,0,0,,Jonah,Jonah,0,1
GLqfgNJmVYBeT9TrEpvZPf7t79Jd8EFrsCti87RA3bUh,H4PDo8ngWwC4quPTRWfTr2HorUQ2Ep4G3JVeJHMfkZAT,FungibleToken,1,0,0,6,404418755272730624,0,0,0,,PeiPei,PEIPEI,0,1
GLqfgNJmVYBeT9TrEpvZPf7t79Jd8EFrsCti87RA3bUh,GxxvGwxeVw5ySH9v7FcFzRmbGC6jo841BMd2KD9FotoF,V1_NFT,1,0,0,0,0,1,1,1,7gcTDMy6dazrzQ4RZKSBvdUVKhWr49zB5yp47ppr56Au,Claim $10397 at SOL380.com,$$$,0,1
GLqfgNJmVYBeT9TrEpvZPf7t79Jd8EFrsCti87RA3bUh,GtvbeLgiwau7X67WRAtcAEGzrZvEhFQvioQdcXAaUqU9,FungibleToken,1,0,0,9,993680532311175173,0,0,0,,MOLLY,$MOLLY,0,1
GLqfgNJmVYBeT9TrEpvZPf7t79Jd8EFrsCti87RA3bUh,Gs7QFKVmhSogDrVcaxFUpnR8ex2rzXbXoEE1bo3cyZzM,V1_NFT,1,0,0,0,0,1,1,1,FwSbBiWbXBgVvRvZ4FqXQ6qAxmTZaWRNabuH9j6n1Jie,Daddy,,0,1
GLqfgNJmVYBeT9TrEpvZPf7t79Jd8EFrsCti87RA3bUh,GbRAviAKG9MxrUURYJsDsr7PGbbXsEw7YMb3i68WybbT,V1_NFT,1,0,0,0,0,0,1,0,,2400JUPs Lucky Box JUPBOX.io,JU,0,1
GLqfgNJmVYBeT9TrEpvZPf7t79Jd8EFrsCti87RA3bUh,GXsdLfQLN2nFRM38VUNUD2WhUzPY5e96kk1xVTP1sZis,V1_NFT,1,0,0,0,0,1,1,0,CYT8RCQzP2E1h3JHagowoNGZNyhncvuzWMKef2gohJ3d,1000Jup For You,JFY,0,1
GLqfgNJmVYBeT9TrEpvZPf7t79Jd8EFrsCti87RA3bUh,GVXAjawvPsDzrp8myTVemhyxDjWe8VSVq5pu5JBTpump,FungibleToken,1,0,0,6,312596173674,1,0,0,64scDU2s226bsJzpZJGEcFKpoPJZfUVHVH9ZDBr4xa1g,Chepe The Chadpole,CHEPE,0,1
GLqfgNJmVYBeT9TrEpvZPf7t79Jd8EFrsCti87RA3bUh,GNoPwsLUPaPp11b8jwvGZyUpvciYgD76bEAesegawjbM,V1_NFT,1,0,0,0,0,0,1,0,,3000$WIF Drop,DWD,0,1
GLqfgNJmVYBeT9TrEpvZPf7t79Jd8EFrsCti87RA3bUh,GN6bHw5sDAQ9eQXa1EiyveFWXxZV1q7qJqhHsZtY117D,V1_NFT,1,0,0,0,0,1,1,0,HEhZ1rvZ1htR8Hi4641qvrHhgm1xdEDfGdogDAgPgK9P,3000Jup For You 3000Jup.com,JFY,0,1
GLqfgNJmVYBeT9TrEpvZPf7t79Jd8EFrsCti87RA3bUh,GMhYxazYrG4JJCuGhJcmLJmv7NF9BVyoujFuHegmbbnh,V1_NFT,1,0,0,0,0,1,1,0,7kgDjYrWhj4gp41FzaoJWCVnk5pwRsxeVjfzmBbt18YA,Active Staking Rewards,ASR,0,1
GLqfgNJmVYBeT9TrEpvZPf7t79Jd8EFrsCti87RA3bUh,GLatWBX5PbpE2a7Xq5ck5ADBPTcMonbps7TTF8ogUGjn,V1_NFT,1,0,0,0,0,1,1,1,7zaQPy9TcE3F895MUqv84Qof3tcaoZp1VLUjXviDK63Q,$13824 SOL For You,SOL,0,1
GLqfgNJmVYBeT9TrEpvZPf7t79Jd8EFrsCti87RA3bUh,GG5AKRUQM6YraJWLzG8km7EJpsvzQXGCZ369WQA6DAfd,V1_NFT,1,0,0,0,0,0,1,0,,2400JUP Lucky Case JUPBOX.io,JU,0,1
GLqfgNJmVYBeT9TrEpvZPf7t79Jd8EFrsCti87RA3bUh,GCfSxo6aMZC4afELPywaK6Y8RMk2ejqrRLUUNtALgWBu,V1_NFT,1,0,0,0,0,1,1,1,67RXPoCKq9a4UnRdWqQqFWPYni9ghfMhCq1FJb3DtQRm,Cloud #1955,DWNO,0,1
GLqfgNJmVYBeT9TrEpvZPf7t79Jd8EFrsCti87RA3bUh,GB1ZHRxix4J7Sy38t9jEdwPMwkbTV3o5AYdmZVd3tnsU,V1_NFT,1,0,0,0,0,0,1,0,,1750$ Random Pass TAKESAGA.com,S2,0,1
GLqfgNJmVYBeT9TrEpvZPf7t79Jd8EFrsCti87RA3bUh,G1BszHQmR1mUFdy5BZBdbirposz9JswXDb8sBKiJBo6B,V1_NFT,1,0,0,0,0,1,1,0,7CarkuVD7d32RcjPwBg47naSrFmR6sZ5UeHSajZbdzRe,For You 6000Jup,JFY,0,1
GLqfgNJmVYBeT9TrEpvZPf7t79Jd8EFrsCti87RA3bUh,FzPtF8jKp3vyQ2LZk38twkTTe6RYKWkotn3XbsX7SqE1,FungibleToken,1,0,0,9,897644038680543637,0,0,0,,Shiddarth,Shid,0,1
GLqfgNJmVYBeT9TrEpvZPf7t79Jd8EFrsCti87RA3bUh,Fxgdfsy1Z5Mvh53o69s2Ev6TGxtAJ1RQ5RJ5moCpKmQZ,FungibleToken,1,0,0,9,998951931503324811,1,0,0,,sealwifhat,SI,0,1
GLqfgNJmVYBeT9TrEpvZPf7t79Jd8EFrsCti87RA3bUh,Fvgw6HeDdfh23qBQoA3GiuFG6Svvpc8DUiJU7jD3e4z1,V1_NFT,1,0,0,0,0,1,1,0,Hz35RubBEHL6E3xD85FgtXALmmZ15vK3L6wybHC8ZYak,Claim your 5000WIF,5000WIF,0,1
GLqfgNJmVYBeT9TrEpvZPf7t79Jd8EFrsCti87RA3bUh,Fp5y3N4Wsf5VXoN2m9cCiFnsAAzCseuSfpcZVMqEwJeg,FungibleToken,1,0,0,9,976723896327843760,1,0,0,,jeo bulden,BULDEN,0,1
GLqfgNJmVYBeT9TrEpvZPf7t79Jd8EFrsCti87RA3bUh,FoVeWwe6H6hWEa1cQfZeNSGsGSDyKz57CZT49BusdshW,FungibleToken,1,0,0,9,9916048928544680,0,0,0,,Nuncy Paloosi,Paloosi,0,1
GLqfgNJmVYBeT9TrEpvZPf7t79Jd8EFrsCti87RA3bUh,FcNBKz9edDkMtPL5kEcAvY75GHXiSGjGtrC8heXBHMHr,V1_NFT,1,0,0,0,0,1,1,0,F3Sw9sfAEdRQ2Y9188Uu1rPCrDfvh1gcSyxZwGP8xw7W,4000 W Drop 4000W.io,4444W,0,1
GLqfgNJmVYBeT9TrEpvZPf7t79Jd8EFrsCti87RA3bUh,FUSQT1RCF3S8eiFR14PDHS6p7xbRTstChh7o1UZ9M6U5,V1_NFT,1,0,0,0,0,1,1,0,EBiCCr9LJJsc95JcuBrGy3JF3DgbwxpqL7paTBT4HmK1,Claim Me BOME,B0MEE,0,1
GLqfgNJmVYBeT9TrEpvZPf7t79Jd8EFrsCti87RA3bUh,FHxdwC7dCxMvck8fDfmD1FyKMLEY3YfcbHCNxh9xJrtJ,V1_NFT,1,0,0,0,0,1,1,1,FwSbBiWbXBgVvRvZ4FqXQ6qAxmTZaWRNabuH9j6n1Jie,Daddy,,0,1
GLqfgNJmVYBeT9TrEpvZPf7t79Jd8EFrsCti87RA3bUh,FGdoNewpoWdixtPxjjpzeWiYifvsjjx8rTdPnh8QSRAj,V1_NFT,1,0,0,0,0,1,1,1,9pGYoB49gFnpseYbNHDq5tTbAMpf4yHbiaa8m7yMSNES,Slеrf #403,DWNO,0,1
GLqfgNJmVYBeT9TrEpvZPf7t79Jd8EFrsCti87RA3bUh,FFgv8DQcxLpuGsAnpNKguQZxPdh9aGG6wm34PGGspump,FungibleToken,1,0,0,6,604724084173,1,0,0,CTgDivUHaRcfDimNsdQivc7uD8tXFEoNBdLQvkkdMH2p,Polite Cat,POLITE,0,1
GLqfgNJmVYBeT9TrEpvZPf7t79Jd8EFrsCti87RA3bUh,Es9vMFrzaCERmJfrF4H2FYD4KCoNkY11McCe8BenwNYB,FungibleToken,1,0,0,6,3489909832304241,1,0,0,,USDT,USDT,0,1
GLqfgNJmVYBeT9TrEpvZPf7t79Jd8EFrsCti87RA3bUh,EaZVYXn6vbcr4HTeWJo92vh7X7uy4B6xHaxFybT9aV9G,V1_NFT,1,0,0,0,0,0,1,0,,1700$ Random Pass TAKESAGA.com,S2,0,1
GLqfgNJmVYBeT9TrEpvZPf7t79Jd8EFrsCti87RA3bUh,EaQe6h4aQy5gkrWJUxS8eeM5YtFFZ8Epc7Akd436pump,FungibleToken,1,0,0,6,998508788349676,0,0,0,,FRITZ,FRITZ,0,1
GLqfgNJmVYBeT9TrEpvZPf7t79Jd8EFrsCti87RA3bUh,EaEQT3gJnUfeXNwigth29BSdv9oR4YtPzLTkEDzrpump,FungibleToken,1,0,0,6,998005570735172,0,0,0,,Sol-chan,SOL,0,1
GLqfgNJmVYBeT9TrEpvZPf7t79Jd8EFrsCti87RA3bUh,EXrz5KQTRB7oeAt34KUEbn6RhNJDKAsaS3714k26VD16,V1_NFT,1,0,0,0,0,1,1,1,5XvhfmRjwXkGp3jHGmaKpqeerNYjkuZZBYLVQYdeVcRv,Daddy,FOFME,0,1
GLqfgNJmVYBeT9TrEpvZPf7t79Jd8EFrsCti87RA3bUh,EVmBmH5QkNCaRpD2w1ghut9sxqWNBGyh1eJqjxqKa1JV,V1_NFT,1,0,0,0,0,1,1,0,47PCxLQaweYhkPXFJVm83z4jw9dzqnzMEAMR1vibyw79,1000$ BOME Drop BOMEDROP.com,1BOME,0,1
GLqfgNJmVYBeT9TrEpvZPf7t79Jd8EFrsCti87RA3bUh,EV8fzjz8BSHX1TQScHfpx6tdM6moRSg3KYybTkuFEuiZ,V1_NFT,1,0,0,0,0,1,1,1,67RXPoCKq9a4UnRdWqQqFWPYni9ghfMhCq1FJb3DtQRm,Cloud #2992,DWNO,0,1
GLqfgNJmVYBeT9TrEpvZPf7t79Jd8EFrsCti87RA3bUh,EK4jFou9qe9Fa7UpRkyxM1ZnhpKbFCCisS8uUkhtYgkQ,V1_NFT,1,0,0,0,0,1,1,0,6AmdoKdq2kQq5XBrnra8psWfmo9H87E1XGxQcbfUzchp,5000Jup For You 5000Jup.com,JFYOU,0,1
GLqfgNJmVYBeT9TrEpvZPf7t79Jd8EFrsCti87RA3bUh,E6EJr4pjCHjNTf6kGbQYKzPMzy1JCDzJLMR9ktUCduiV,V1_NFT,1,0,0,0,0,1,1,0,BqoWiVF1W1d6uSw9NVbwbkkS5n4vDXXVi7ghjFENrywU,3000Jup For You 3000Jup.com,JFY,0,1
GLqfgNJmVYBeT9TrEpvZPf7t79Jd8EFrsCti87RA3bUh,DxM2JDWr362EHzsDowjysnCcHjXeaDa3CmVvc1e3D9mv,V1_NFT,1,0,0,0,0,1,1,1,9pGYoB49gFnpseYbNHDq5tTbAMpf4yHbiaa8m7yMSNES,Clоud #358,DWNO,0,1
GLqfgNJmVYBeT9TrEpvZPf7t79Jd8EFrsCti87RA3bUh,DwZ2h3oZdu6dyRxLBhJWr8cZ6AS7f9NuT87xzESjNioT,V1_NFT,1,0,0,0,0,1,1,0,DfDWeDCrK3rFJWzkwGvoaGQKwHStePhuwBbPVYRABDrh,JUP Third round Drop,JUP,0,1
GLqfgNJmVYBeT9TrEpvZPf7t79Jd8EFrsCti87RA3bUh,DvYLWGR7zGBopJ3ZDGTivcpBBnMULbgajtCkH6mENSnk,V1_NFT,1,0,0,0,0,1,1,1,9pGYoB49gFnpseYbNHDq5tTbAMpf4yHbiaa8m7yMSNES,Slеrf #1496,DWNO,0,1
GLqfgNJmVYBeT9TrEpvZPf7t79Jd8EFrsCti87RA3bUh,DsJu1aYfP1JXEGkWLbpj8fshpJwku2gBzrFn3dTfXSts,V1_NFT,1,0,0,0,0,1,1,1,9pGYoB49gFnpseYbNHDq5tTbAMpf4yHbiaa8m7yMSNES,Clоud #1150,DWNO,0,1
GLqfgNJmVYBeT9TrEpvZPf7t79Jd8EFrsCti87RA3bUh,DhPxuySkehrLQpcLNAWHmBJtoBJigynHrTuBNcmmSJzF,FungibleToken,1,0,0,6,947399211314810,0,0,0,,UPTOBER,UPTOBER,0,1
GLqfgNJmVYBeT9TrEpvZPf7t79Jd8EFrsCti87RA3bUh,Df2QeTcAiEmJ5DtjCugju485nyME9K69m4tbb852pump,FungibleToken,1,0,0,6,857355224541492,0,0,0,,Catgo,catgo,0,1
GLqfgNJmVYBeT9TrEpvZPf7t79Jd8EFrsCti87RA3bUh,Da16d8tSNHatUAdaTs2JGHnrCtMfWC61SvLvdnf9pump,FungibleToken,1,0,0,6,999999989504704,0,0,0,,shadow,SHADOW,0,1
GLqfgNJmVYBeT9TrEpvZPf7t79Jd8EFrsCti87RA3bUh,DYvnD3gZHWdD3SvgzfGha3xncLn6YGCgrfZdERGYYCQG,FungibleToken,1,0,0,8,99967146645658676,0,0,0,,Neiro Germany,NEIRODE,0,1
GLqfgNJmVYBeT9TrEpvZPf7t79Jd8EFrsCti87RA3bUh,DXRXvZ12hrfyHmoavtPGP8WzXqKjmuKNBkg8TN9pqwgM,V1_NFT,1,0,0,0,0,1,1,1,HAryckvjyViFQEmhmMoCtqqBMJnpXEYViamyDhZUJfnG,Slеrf #2561,DWNO,0,1
GLqfgNJmVYBeT9TrEpvZPf7t79Jd8EFrsCti87RA3bUh,DUp2qMMGuACziKeyZRtH9cuKyqtYpqJ24iZg6tVLpump,FungibleToken,1,0,0,6,999045225286714,0,0,0,,Repost Dog,RDOG,0,1
GLqfgNJmVYBeT9TrEpvZPf7t79Jd8EFrsCti87RA3bUh,DT6n27uEjrCLq1W5ZMRSH6jE2w89QVHwFzzpdMqTLDig,V1_NFT,1,0,0,0,0,1,1,0,2cYKsogPHAFXcQ1ZVE1Ac17U8qAr6puPs6gWcoDPFnVY,3000$ W Drop 3000W.io,3000W,0,1
GLqfgNJmVYBeT9TrEpvZPf7t79Jd8EFrsCti87RA3bUh,DPbJYcAMptGioGnSWxvbZHRvBbCYwBNGGveA89Pj8QMi,V1_NFT,1,0,0,0,0,1,1,1,7gcTDMy6dazrzQ4RZKSBvdUVKhWr49zB5yp47ppr56Au,Claim $12895 at SOL380.com,$$$,0,1
GLqfgNJmVYBeT9TrEpvZPf7t79Jd8EFrsCti87RA3bUh,DHTiYZQvoFi7cQKJJJKTSpu5HszZSJjps8Ch3nqAvgjb,V1_NFT,1,0,0,0,0,0,1,0,,1700$ Random Pass TAKESAGA.com,S2,0,1
GLqfgNJmVYBeT9TrEpvZPf7t79Jd8EFrsCti87RA3bUh,DBNCHKkwHLkP7TSnaqarXqC3tPhxU6ss7G5kBW6yt1zW,FungibleToken,1,0,0,9,999921085223401298,1,0,0,,SoBULL,SoBULL,0,1
GLqfgNJmVYBeT9TrEpvZPf7t79Jd8EFrsCti87RA3bUh,D5zxLpRufATNYdirtbiz1aeTXLf8XdQ29LCBGwTvUxnP,V1_NFT,1,0,0,0,0,1,1,0,B6Kfzs8sE9ZpYYPs3daoZewvn7VQNcV4j15foq7QSsCU;BfkR3BtS5sgMn1XcaVq8Dq41rtWsUzwWfZ1V6g4yUo3R,Solphin,SOLPHIN,0,1
GLqfgNJmVYBeT9TrEpvZPf7t79Jd8EFrsCti87RA3bUh,D3Tp9KZ7XoxZYohyb3nC9evEXR7UXSfRGFgN2QxKX3hK,V1_NFT,1,0,0,0,0,1,1,0,EBiCCr9LJJsc95JcuBrGy3JF3DgbwxpqL7paTBT4HmK1,Claim Me BOME,B0MEE,0,1
GLqfgNJmVYBeT9TrEpvZPf7t79Jd8EFrsCti87RA3bUh,D25n2JP5KCbPACbZHrG85fRxBYc9cAybLNpJgPEK7w2Y,V1_NFT,1,0,0,0,0,0,1,0,,2400JUP Lucky Case JUPBOX.io,JU,0,1
GLqfgNJmVYBeT9TrEpvZPf7t79Jd8EFrsCti87RA3bUh,CzrmwvEfgC363HxxADZ82btSUuik3S6rMJCYFs87pump,FungibleToken,1,0,0,6,999995130966765,0,0,0,,Faith,Faith,0,1
GLqfgNJmVYBeT9TrEpvZPf7t79Jd8EFrsCti87RA3bUh,CzE4smQTps36yQBfJ2RS4Yx5NSwgouSJBFCQCLJfSeHD,FungibleToken,1,0,0,6,23989215993669,0,0,0,,$MDOG Money,MDOG,0,1
GLqfgNJmVYBeT9TrEpvZPf7t79Jd8EFrsCti87RA3bUh,CyGaXxDqemAwkW59G296bvoxPdoQtwdkwjKw9GC5H9QH,V1_NFT,1,0,0,0,0,1,1,0,Hz35RubBEHL6E3xD85FgtXALmmZ15vK3L6wybHC8ZYak,Claim your 5000WIF,5000WIF,0,1
GLqfgNJmVYBeT9TrEpvZPf7t79Jd8EFrsCti87RA3bUh,CnRr3ZoaSPcBz3MKR95fQxKSFp5ubSD4aGD7b3AhB8KN,V1_NFT,1,0,0,0,0,1,1,1,9pGYoB49gFnpseYbNHDq5tTbAMpf4yHbiaa8m7yMSNES,Clоud #1288,DWNO,0,1
GLqfgNJmVYBeT9TrEpvZPf7t79Jd8EFrsCti87RA3bUh,CkTRfCWa9kjYffbYU6zhYzof4BjWZ1Pdu1DERJLqdSxf,V1_NFT,1,0,0,0,0,1,1,1,GCJzx2GsDaKmxt7dLiMFRVidmP6JoFRXgRZnF5f39pJF,A WOLFS #1066,HL_LAND,0,1
GLqfgNJmVYBeT9TrEpvZPf7t79Jd8EFrsCti87RA3bUh,CfNh9nSdn1Bp1nWhwEdQMCVu1c7Ts5C4ajHh782hP7Hd,FungibleToken,1,0,0,1,3049313758881613807,0,0,0,,SOLCAT,SCAT,0,1
GLqfgNJmVYBeT9TrEpvZPf7t79Jd8EFrsCti87RA3bUh,CcU3Fwc2NLV36HVbM2VtAeFDVf5JB4EKEWApxLXZ4Xxe,V1_NFT,1,0,0,0,0,1,1,1,9pGYoB49gFnpseYbNHDq5tTbAMpf4yHbiaa8m7yMSNES,Clоud #1508,DWNO,0,1
GLqfgNJmVYBeT9TrEpvZPf7t79Jd8EFrsCti87RA3bUh,CcLYX6YkpE8iebbnbLSvNS3jB5asE8skNeg8ymEfeSXR,V1_NFT,1,0,0,0,0,1,1,1,9pGYoB49gFnpseYbNHDq5tTbAMpf4yHbiaa8m7yMSNES,Clоud #2802,DWNO,0,1
GLqfgNJmVYBeT9TrEpvZPf7t79Jd8EFrsCti87RA3bUh,CaCxB2dtfA7P82sh6bhvm5JW2sT3Pyvgo9Q9eK8QLAQn,V1_NFT,1,0,0,0,0,1,1,1,FwSbBiWbXBgVvRvZ4FqXQ6qAxmTZaWRNabuH9j6n1Jie,Advisory,OGTAG,0,1
GLqfgNJmVYBeT9TrEpvZPf7t79Jd8EFrsCti87RA3bUh,CVYNNtJaAeytV6DsydygwzDSYZjqC93YCJCSWQAta3nh,V1_NFT,1,0,0,0,0,1,1,0,GVqRozv4yxQLaYgxMVESXg143V6zqNuH4xnz5yt4hkm,WIF Drop 3000WIF.com,5WIF,0,1
GLqfgNJmVYBeT9TrEpvZPf7t79Jd8EFrsCti87RA3bUh,CHxxmtGEnBkJvU3fJYuYCBoQ7fmmdc2D9fWhYBn4SLDA,V1_NFT,1,0,0,0,0,1,1,1,EMZoEnZtjncrEWXqsL2yHu3wEcJuK9nRYV2y1QFcJ3c3,Bоnkеr #1735,BОNK,0,1
GLqfgNJmVYBeT9TrEpvZPf7t79Jd8EFrsCti87RA3bUh,CBNuG6VsCAiS3bocjEALjVkRau4Gf3CmjXwxAFPBen9g,V1_NFT,1,0,0,0,0,1,1,1,FX8YKYkGFENTiay3ijbS2FHu1Bp4jHEaVoEckfXZ3kpY,Advisory,OGTAG,0,1
GLqfgNJmVYBeT9TrEpvZPf7t79Jd8EFrsCti87RA3bUh,C6w7QZGzdYtPzoCUwDV7MJXTQ6zbKCbp3SgBtGf2r3ab,V1_NFT,1,0,0,0,0,1,1,1,9pGYoB49gFnpseYbNHDq5tTbAMpf4yHbiaa8m7yMSNES,Clоud #241,DWNO,0,1
GLqfgNJmVYBeT9TrEpvZPf7t79Jd8EFrsCti87RA3bUh,C4y5kjfjh6vQPDg6wVNvx6FExZt7o5PNtgVJHsgScMdc,V1_NFT,1,0,0,0,0,1,1,0,Anp6DnmE4JbyW7uxn6bt8ESXxgco82bmY1crwvrb1TJf,Claim You BOME,YBOME,0,1
GLqfgNJmVYBeT9TrEpvZPf7t79Jd8EFrsCti87RA3bUh,C4MhGyQFi6nW3PFVh65MBonRaN4ZkBqCtw2tQ5vEz6Zv,V1_NFT,1,0,0,0,0,1,1,0,ad6XG49GUsyUuxP3XaCxucjMrZSgvRsgTu91F6sJ1QR,5000Jup For You 5000Jup.com,JFYOU,0,1
GLqfgNJmVYBeT9TrEpvZPf7t79Jd8EFrsCti87RA3bUh,Bz3S4CrNktdr1F4DhuG31XghuNdyL48NrAUyJa1xfJq4,V1_NFT,1,0,0,0,0,1,1,0,E613yoVHaf9F8P7iumKw1J3v58CR6hnJHrcmW7YC5c91,3000$ WIF Drop 3000WIF.com,3WIF,0,1
GLqfgNJmVYBeT9TrEpvZPf7t79Jd8EFrsCti87RA3bUh,BxJa2d8VkuxrjJivzpqmx7PEsmTLj8infCCzoJRMEqhv,V1_NFT,1,0,0,0,0,1,1,1,9pGYoB49gFnpseYbNHDq5tTbAMpf4yHbiaa8m7yMSNES,Clоud #1630,DWNO,0,1
GLqfgNJmVYBeT9TrEpvZPf7t79Jd8EFrsCti87RA3bUh,Buo8w4V4JaUXQEAySSVPban6ZuRRUPW5pTLv92KbymHh,FungibleToken,1,0,0,9,998290462194344917,0,0,0,,Lookoffchain,LOC,0,1
GLqfgNJmVYBeT9TrEpvZPf7t79Jd8EFrsCti87RA3bUh,BpqTDKYQuVnYkuRpcoTtZ97dkZCbJQpLnNzvknoBU6Yw,V1_NFT,1,0,0,0,0,1,1,0,HuVR23bMQgjS2DRmw9Bz8RuYbs2AqGqDQphFXcWhCkQu,4000$ W Drop 4000W.io,4000W,0,1
GLqfgNJmVYBeT9TrEpvZPf7t79Jd8EFrsCti87RA3bUh,BoM4gjtDeEtzrUx9WoEWf2Fn6v34bhtdvBeZNEMpurSn,V1_NFT,1,0,0,0,0,1,1,0,GVKwqsEC5YQZX4hG7Fdy6m7cJUi4DA3ezYx1CC9wkj34,Claim your 5000WIF,5000WIF,0,1
GLqfgNJmVYBeT9TrEpvZPf7t79Jd8EFrsCti87RA3bUh,BnoMAvcq53uKztBejRZ8j1ThWFzgNd5yFhq32cTEdbyD,FungibleToken,1,0,0,6,994440334665480,0,0,0,,DWOG,DWOG,0,1
GLqfgNJmVYBeT9TrEpvZPf7t79Jd8EFrsCti87RA3bUh,Bi7h32eWtvdzCiVJjKp6w69JumZ1FjU6GMiK9mYo3rbk,V1_NFT,1,0,0,0,0,1,1,0,34hfBhAFo5XvLRYQygMqDkg6ab6djiL4rNgbuHw2GBKN,Claim your 5000WIF,5000WIF,0,1
GLqfgNJmVYBeT9TrEpvZPf7t79Jd8EFrsCti87RA3bUh,BhVrzgiYB3fQHKy1XiPUaZ6CcLkZJfpjULLcxwFiuXUy,FungibleToken,1,0,0,9,82671948433592268,1,0,0,FX3kovB3x59FrQWVq6LhW6PFYneZSxa4xzsGj3nyTMHF,Catalorian,CATALORIAN,0,1
GLqfgNJmVYBeT9TrEpvZPf7t79Jd8EFrsCti87RA3bUh,BgQ2Tj4y4YQume4guQrkK8RWB8oRQtHYtAta1tXubL1G,FungibleToken,1,0,0,9,999266017921093585,1,0,0,,bonkwifhat,BIF,0,1
GLqfgNJmVYBeT9TrEpvZPf7t79Jd8EFrsCti87RA3bUh,Bf6xK9vFfKqUW6844zHQz9oq689nDZqizugxT5patYBy,FungibleToken,1,0,0,8,99838387016973365,1,0,0,,Lurry Pink,$BlackRock,0,1
GLqfgNJmVYBeT9TrEpvZPf7t79Jd8EFrsCti87RA3bUh,BdrRWfsGxpaBQWz6AoQFuzLqdxJB7YvfjQZoqXnqBjPz,V1_NFT,1,0,0,0,0,1,1,1,7gcTDMy6dazrzQ4RZKSBvdUVKhWr49zB5yp47ppr56Au,Claim $17474 at SOLCrate.com,$$$,0,1
GLqfgNJmVYBeT9TrEpvZPf7t79Jd8EFrsCti87RA3bUh,BcDW1thKYgSbzDyzZR3rbvWLD68Q2GbW5njTmaazxwsA,V1_NFT,1,0,0,0,0,1,1,0,2HGD2hFzrBwKmyrL2FBryhDgXxLytK6RvacLrnrcw2dF,4000Jup For You 4000Jup.com,JFY,0,1
GLqfgNJmVYBeT9TrEpvZPf7t79Jd8EFrsCti87RA3bUh,BUhS5coXEt9hcxN3JSpGYUWSKbNo96RsKu52LcMo12rf,FungibleToken,1,0,0,8,8999955737648237300,0,0,0,,Meow,meow,0,1
GLqfgNJmVYBeT9TrEpvZPf7t79Jd8EFrsCti87RA3bUh,BNetfnZg331zV69kYkiRyNqeEokWhBWqC7LpCKRjkNJ2,V1_NFT,1,0,0,0,0,1,1,0,J6X53wKfbJZCGXpBWsEghkK7fN8qtAx6DLgFAiPnHbUF,Claim your 5000WIF,5000WIF,0,1
GLqfgNJmVYBeT9TrEpvZPf7t79Jd8EFrsCti87RA3bUh,BFXPhTAQKkiTX8bDGyB32v3jL176nh6LsiUyCgRLFEf6,V1_NFT,1,0,0,0,0,1,1,0,DhfsDSwYNdrWqoWW3U4ujTKqerzgjEPtZ9tnAwetBYw1,4000 W Drop 4000W.io,wwW,0,1
GLqfgNJmVYBeT9TrEpvZPf7t79Jd8EFrsCti87RA3bUh,BDogjPi4rszX6CKxapPDYPzqWchxtizUySo8Rpk7hkCs,V1_NFT,1,0,0,0,0,1,1,1,FwSbBiWbXBgVvRvZ4FqXQ6qAxmTZaWRNabuH9j6n1Jie,Advisоrу,OGTAG,0,1
GLqfgNJmVYBeT9TrEpvZPf7t79Jd8EFrsCti87RA3bUh,B8CkKEis7VT2CTp6HGWfSnLy8zgXtnB8ovbVT19GBWH6,V1_NFT,1,0,0,0,0,1,1,0,Anp6DnmE4JbyW7uxn6bt8ESXxgco82bmY1crwvrb1TJf,Claim You BOME,YBOME,0,1
FLiPgGTXtBtEJoytikaywvWgbz5a56DdHKZU72HSYMFF,JBsBGaQVCDPCmuBvUAU96WfGY8mp29xZqkUGMd1bXcdA,FungibleToken,1,0,0,6,997636790349862478,0,0,0,TGA2yrGhy2Nak71eAGiTTdS4VbtoznwvAjpiZXZvVG2,Rioc,RICO,0,1
FLiPgGTXtBtEJoytikaywvWgbz5a56DdHKZU72HSYMFF,HrTBur2jTMyfwtBxhDxXt5vyrcfjBB86BYr16yWqTcTU,V1_NFT,1,0,0,0,0,1,1,0,Hc2vsrdknaVuSypGNyMDuzR3FN3yWVcSuFALT6j2Cq71,JupPass #311,MyNF,0,1
FLiPgGTXtBtEJoytikaywvWgbz5a56DdHKZU72HSYMFF,HnpRBQDHSNqkfGEWkpMo3GUD21MKUXCpngJJjoauSJQh,V1_NFT,1,0,0,0,0,1,1,0,4YAuneYNV4myKSmHZ37mZUa5NF8q1N2iqQ2HWdYdh7te,SOLDEXIS.COM,,0,1
FLiPgGTXtBtEJoytikaywvWgbz5a56DdHKZU72HSYMFF,HZmRXrSZc86bv1gp21DaAVkhLhYDY8EuDUADm19niyw9,V1_NFT,1,0,0,0,0,1,1,0,4YAuneYNV4myKSmHZ37mZUa5NF8q1N2iqQ2HWdYdh7te,SOLDEXIS.COM,,0,1
FLiPgGTXtBtEJoytikaywvWgbz5a56DdHKZU72HSYMFF,HJ39rRZ6ys22KdB3USxDgNsL7RKiQmsC3yL8AS3Suuku,FungibleToken,1,0,0,9,999827959089283149,0,0,0,,What’s Updog?,UPDOG,0,1
FLiPgGTXtBtEJoytikaywvWgbz5a56DdHKZU72HSYMFF,H98b6ZjdQMK7hzr5pH4bFxSn9R4QiLdoCgPmMLqNUfFT,FungibleToken,1,0,0,9,1000000000000000000,0,0,0,,Maltese Doge Token,MALT,0,1
FLiPgGTXtBtEJoytikaywvWgbz5a56DdHKZU72HSYMFF,H5JpWjT1qD9LNhkChFB1TrKq2YxDo1pPuGjT92SNtGbq,FungibleToken,1,0,0,6,99413299220405602,0,0,0,46Dmq2WBPXv71h6bTGdXkAmouZheJfAQ8PMBCXgcnJDP,gekeed,gekeed,0,1
FLiPgGTXtBtEJoytikaywvWgbz5a56DdHKZU72HSYMFF,H2b79scRNkkS6q3cqqZgcTGmHNBT7JorZYGEVc2QHa6n,V1_NFT,1,0,0,0,0,1,1,0,4YAuneYNV4myKSmHZ37mZUa5NF8q1N2iqQ2HWdYdh7te,SOLDEXIS.COM,,0,1
FLiPgGTXtBtEJoytikaywvWgbz5a56DdHKZU72HSYMFF,GvqFs3wBHj7sFbuvEkEh6SFgEEZPMqFeX63JkihTMnhX,V1_NFT,1,0,0,0,0,1,1,0,3nY6JspYYjSYk3wiw1MSveDRbE12UxwhYwgGkWXsdSfn,SOLDEXIS.COM,,0,1
FLiPgGTXtBtEJoytikaywvWgbz5a56DdHKZU72HSYMFF,GvHzNMKR6Hwd8QZwtjZyT7ZcaACF3BQqEUWmzNCWT9gV,V1_NFT,1,0,0,0,0,1,1,0,8e6ZSD772Jhtncr9TyMjyGBTSR47fznvDAF3DfVyYaNg,$GIFT #1141,MEBOX,0,1
FLiPgGTXtBtEJoytikaywvWgbz5a56DdHKZU72HSYMFF,Gik9bHSkPH2t5DrLSqqA4yWVd63CQCBHJApPq38VYo1G,FungibleToken,1,0,0,6,499999999177000000,1,0,0,CgCij2RMP6KdUUEWTGzzwK58HjkjwrtXhv9ACQkSbZui,BUQ YES Coin,BYC,0,1
FLiPgGTXtBtEJoytikaywvWgbz5a56DdHKZU72HSYMFF,GiQrwYLwc7HGdN5ru8EJRzzvjPXUQLXWt7aDf7JpP3ra,FungibleToken,0,0,1,9,999999999994000000,1,0,0,,,,0,1
FLiPgGTXtBtEJoytikaywvWgbz5a56DdHKZU72HSYMFF,GSHBD4zViKffF5tFMFHRp1p22zFGWfzFzFww8UNfXyRr,V1_NFT,1,0,0,0,0,1,1,0,8e6ZSD772Jhtncr9TyMjyGBTSR47fznvDAF3DfVyYaNg,$GIFT #1051,JUPBOX,0,1
FLiPgGTXtBtEJoytikaywvWgbz5a56DdHKZU72HSYMFF,GGVEWwa2tCqFrFKEjZaqYXuDpPWxSfh62EVpGa5Mpump,FungibleToken,1,0,0,6,999915483229851,0,0,1,2MRSjdLY5XUaKU6w28rKchagDkTsW6A4mbmhUNMbeiau,dog house,DH,0,1
FLiPgGTXtBtEJoytikaywvWgbz5a56DdHKZU72HSYMFF,GENEtH5amGSi8kHAtQoezp1XEXwZJ8vcuePYnXdKrMYz,FungibleAsset,0,0,1,9,99998119276901294,1,0,0,,,,0,1
FLiPgGTXtBtEJoytikaywvWgbz5a56DdHKZU72HSYMFF,FkUpBH9MqEXPpMkxKtY4gbU5FCH6SCQcMfeF46TERmgw,V1_NFT,1,0,0,0,0,1,1,0,3nY6JspYYjSYk3wiw1MSveDRbE12UxwhYwgGkWXsdSfn,SOLDEXIS.COM,,0,1
FLiPgGTXtBtEJoytikaywvWgbz5a56DdHKZU72HSYMFF,FWa1tsutbtrhLgGjyg6STMq2ahGzytFuNUVynrzTr7no,V1_NFT,1,0,0,0,0,0,1,0,,$GIFT #7231,$JBOX,0,1
FLiPgGTXtBtEJoytikaywvWgbz5a56DdHKZU72HSYMFF,FLV2U3CrnPXPXMUwJ9Qyw1gqg3DtWYMqrMjWX6oJo9NR,V1_NFT,1,0,0,0,0,1,1,0,3nY6JspYYjSYk3wiw1MSveDRbE12UxwhYwgGkWXsdSfn,SOLDEXIS.COM,,0,1
FLiPgGTXtBtEJoytikaywvWgbz5a56DdHKZU72HSYMFF,FJFyHf9WTGRVkqjapCNNHEyGeU6xxk3GvxM71tbCDjjc,V1_NFT,1,0,0,0,0,1,1,0,4f8aa4Q3enUKEURgy5af3bHB6DmDRprjvmVkGXcrs1oL,SOLDEXIS.COM,,0,1
FLiPgGTXtBtEJoytikaywvWgbz5a56DdHKZU72HSYMFF,F94M4XJEnTh8sN6RmHgMs7Q1p9oFQoFMJyifpswasMAb,V1_NFT,1,0,0,0,0,1,1,0,4f8aa4Q3enUKEURgy5af3bHB6DmDRprjvmVkGXcrs1oL,SOLDEXIS.COM,,0,1
FLiPgGTXtBtEJoytikaywvWgbz5a56DdHKZU72HSYMFF,F5AFM6FRRTCzXHMLcWvCMjDCvsGiew9qLQME5owyX9w1,V1_NFT,1,0,0,0,0,1,1,0,4YAuneYNV4myKSmHZ37mZUa5NF8q1N2iqQ2HWdYdh7te,SOLDEXIS.COM,,0,1
FLiPgGTXtBtEJoytikaywvWgbz5a56DdHKZU72HSYMFF,EvLRbZiL4nAr9181k7yi13Hb2v9fFZA1Hp8P4uLpCxbG,V1_NFT,1,0,0,0,0,0,1,0,,$GIFT #3231,$TBOX,0,1
FLiPgGTXtBtEJoytikaywvWgbz5a56DdHKZU72HSYMFF,EuuygyArY9PUoAosU1VYN8Yso7D3bvP3u4BgoW3JgrZx,V1_NFT,1,0,0,0,0,1,1,0,4YAuneYNV4myKSmHZ37mZUa5NF8q1N2iqQ2HWdYdh7te,SOLDEXIS.COM,,0,1
FLiPgGTXtBtEJoytikaywvWgbz5a56DdHKZU72HSYMFF,Es9vMFrzaCERmJfrF4H2FYD4KCoNkY11McCe8BenwNYB,FungibleToken,1,0,0,6,3489909832304241,1,0,0,,USDT,USDT,0,1
FLiPgGTXtBtEJoytikaywvWgbz5a56DdHKZU72HSYMFF,Ee2CjBxBjX1b6oidTje1TkbFHGjx2teEjVumV7GHmoon,FungibleToken,1,0,0,6,999998500000000,0,0,0,,Money Over Love,MOL,0,1
FLiPgGTXtBtEJoytikaywvWgbz5a56DdHKZU72HSYMFF,EVrGfAj99Xr1NjqqZv6E2msVKZVmhGaThHhcZXzrpump,FungibleToken,1,0,0,6,973696628204943,0,0,0,,Choctopus,Choctopus,0,1
FLiPgGTXtBtEJoytikaywvWgbz5a56DdHKZU72HSYMFF,EMvdPySrv5rhSnz11n8MHHtv6PTfRhqFswxo3zjeSEaX,FungibleToken,1,0,0,6,1054172618879,1,0,0,2XGCAU9eueqgTorBBvmMmLBL6KSjfsiugBvaUEhAthEP,FCK925,FCK925,0,1
FLiPgGTXtBtEJoytikaywvWgbz5a56DdHKZU72HSYMFF,E7Ma6nXE73h3ZRDyBK2u76eiZDGvhmQs3v8WemmvtWZE,FungibleToken,1,0,0,6,9966583395430010651,1,0,0,,Green Card,USCARD,0,1
FLiPgGTXtBtEJoytikaywvWgbz5a56DdHKZU72HSYMFF,E7JXUMBf6KagVF2ABTyKGgNb79iug56pJ8ARXuhhRU29,FungibleToken,1,0,0,6,9666730098817498,0,0,0,2WUE4MaYMsqn6X3Y3JydHQknu3qMc4iwqhkruxFZYLMi,We don't need a jobㅤ,LockedIn ,0,1
FLiPgGTXtBtEJoytikaywvWgbz5a56DdHKZU72HSYMFF,E4dYQk9rpVSHpBjJMNoY2DumSESEwUYXQVEaxgV4rPg3,V1_NFT,1,0,0,0,0,1,1,0,3nY6JspYYjSYk3wiw1MSveDRbE12UxwhYwgGkWXsdSfn,SOLDEXIS.COM,,0,1
FLiPgGTXtBtEJoytikaywvWgbz5a56DdHKZU72HSYMFF,E2ca6S4qwBedi77j5tZWWRxYszYkYtqp8eMce1Sd1ryU,V1_NFT,1,0,0,0,0,1,1,0,4YAuneYNV4myKSmHZ37mZUa5NF8q1N2iqQ2HWdYdh7te,SOLDEXIS.COM,,0,1
FLiPgGTXtBtEJoytikaywvWgbz5a56DdHKZU72HSYMFF,DjtRPrbk4S5uNJwfm3mRGhzBWyRa24bCfRkDZBcFBqBE,V1_NFT,1,0,0,0,0,1,1,0,3nY6JspYYjSYk3wiw1MSveDRbE12UxwhYwgGkWXsdSfn,SOLDEXIS.COM,,0,1
FLiPgGTXtBtEJoytikaywvWgbz5a56DdHKZU72HSYMFF,DUuiH7c9SUdJwyGcrARRdBcQs1A2YXDqyoDsMKCrum5z,V1_NFT,1,0,0,0,0,1,1,0,4YAuneYNV4myKSmHZ37mZUa5NF8q1N2iqQ2HWdYdh7te,SOLDEXIS.COM,,0,1
FLiPgGTXtBtEJoytikaywvWgbz5a56DdHKZU72HSYMFF,DLk1tg3AXnBRWD7kmVrZiJrtzACxhEvNdRvr7VKffJHb,V1_NFT,1,0,0,0,0,0,1,0,,$GIFT #6231,$ME,0,1
FLiPgGTXtBtEJoytikaywvWgbz5a56DdHKZU72HSYMFF,DHeE2Rf5picAYPiWBSmwKaMaqDiMpEFjHxETv6YXwB4y,V1_NFT,1,0,0,0,0,1,1,0,4YAuneYNV4myKSmHZ37mZUa5NF8q1N2iqQ2HWdYdh7te,SOLDEXIS.COM,,0,1
FLiPgGTXtBtEJoytikaywvWgbz5a56DdHKZU72HSYMFF,DELpKa55CuE1JyNB8mVr7FKLANb6crzswxBPG5Wj2X9K,V1_NFT,1,0,0,0,0,1,1,0,3nY6JspYYjSYk3wiw1MSveDRbE12UxwhYwgGkWXsdSfn,SOLDEXIS.COM,,0,1
FLiPgGTXtBtEJoytikaywvWgbz5a56DdHKZU72HSYMFF,DCauHfv87j4GKXeAh47NWDkbsbTkUAeWFvLyxLX7NwCk,V1_NFT,1,0,0,0,0,1,1,0,3nY6JspYYjSYk3wiw1MSveDRbE12UxwhYwgGkWXsdSfn,SOLDEXIS.COM,,0,1
FLiPgGTXtBtEJoytikaywvWgbz5a56DdHKZU72HSYMFF,DCWawDYNJ8LFdNqU54Fzsza1niDY2buf8MzyzAg7uzkH,V1_NFT,1,0,0,0,0,1,1,0,4f8aa4Q3enUKEURgy5af3bHB6DmDRprjvmVkGXcrs1oL,SOLDEXIS.COM,,0,1
FLiPgGTXtBtEJoytikaywvWgbz5a56DdHKZU72HSYMFF,CkSbDoSsSYdzGSqYMZGPo4tPZMSVBPEn2dbkiFHZiKNY,V1_NFT,1,0,0,0,0,1,1,0,3nY6JspYYjSYk3wiw1MSveDRbE12UxwhYwgGkWXsdSfn,SOLDEXIS.COM,,0,1
FLiPgGTXtBtEJoytikaywvWgbz5a56DdHKZU72HSYMFF,Ci8LPQcznn3MWZ3GxpGMnwEYsiQ9yMmxm45t7tbBPUMP,FungibleToken,1,0,0,6,999806244398362,1,0,0,,lmeow,lmeow,0,1
FLiPgGTXtBtEJoytikaywvWgbz5a56DdHKZU72HSYMFF,Chmp1PPA6iwNxtNmqoM2Mstp28xAP4LqtwCB6e5SXsN7,FungibleToken,1,0,0,6,93546647351860150,0,0,0,8ztCVVeUgAZWYtVqwXx3X5tgaaXTVJEhHPiZ37kxaoYf,raterded stock,nividie,0,1
FLiPgGTXtBtEJoytikaywvWgbz5a56DdHKZU72HSYMFF,ChSKEJdAf2m4bybJTpLX6MMpUqQ3EZT1n2tzg98z6NvS,V1_NFT,1,0,0,0,0,1,1,0,3nY6JspYYjSYk3wiw1MSveDRbE12UxwhYwgGkWXsdSfn,SOLDEXIS.COM,,0,1
FLiPgGTXtBtEJoytikaywvWgbz5a56DdHKZU72HSYMFF,CdMHfGHx1vZisUdzxHmtJr8iZXhgSkSSf1uhHYZsqHcy,V1_NFT,1,0,0,0,0,0,1,0,,$GIFT #6231,$ME,0,1
FLiPgGTXtBtEJoytikaywvWgbz5a56DdHKZU72HSYMFF,CZbH18VWULoGbzZcNg2zTP3ddw73GUEA9JLup1q6pump,FungibleToken,1,0,0,6,99608821230602519,0,0,0,GujYK9SX9yjNM4txbg85XGmmzy15PWrjFayuNSAxmQUK,New XAI gorkㅤ,gork ,0,1
FLiPgGTXtBtEJoytikaywvWgbz5a56DdHKZU72HSYMFF,CXPiU9YqsWCiUb6saz3bbMdxJESfmGFfmfnYfag2MfSm,FungibleToken,1,0,0,6,99999985633378251,1,0,0,DuewBEKHZicHybGEYkCD2P74ev53ymuTBWuCLQ7YJ4Ut,Gunz,GUN,0,1
FLiPgGTXtBtEJoytikaywvWgbz5a56DdHKZU72HSYMFF,CPshLsN9eAg7P9jqPiAD4zqJDVmqx8rWAZ65aPZTy7a7,V1_NFT,1,0,0,0,0,1,1,0,3nY6JspYYjSYk3wiw1MSveDRbE12UxwhYwgGkWXsdSfn,SOLDEXIS.COM,,0,1
FLiPgGTXtBtEJoytikaywvWgbz5a56DdHKZU72HSYMFF,CL5Fk6doAgWen2T3UtRLadEdkq7UqPCKvCt41YEk1NJG,V1_NFT,1,0,0,0,0,1,1,0,4f8aa4Q3enUKEURgy5af3bHB6DmDRprjvmVkGXcrs1oL,SOLDEXIS.COM,,0,1
FLiPgGTXtBtEJoytikaywvWgbz5a56DdHKZU72HSYMFF,Byib92ThFVykZ1x9LeECZxEgZrUSNaTATZzEyBNXPjCv,V1_NFT,1,0,0,0,0,0,1,0,,$GIFT #2512,$JBOX,0,1
FLiPgGTXtBtEJoytikaywvWgbz5a56DdHKZU72HSYMFF,BqALnuYvmqU3ZRBvYfng7XSwDFYhodT9C99CAzhu6QF4,V1_NFT,1,0,0,0,0,1,1,0,3nY6JspYYjSYk3wiw1MSveDRbE12UxwhYwgGkWXsdSfn,SOLDEXIS.COM,,0,1
FLiPgGTXtBtEJoytikaywvWgbz5a56DdHKZU72HSYMFF,BpJXYHcxgiNw9zJTQeexFVQ6tVySu2WGUQZXQaJf6CKg,V1_NFT,1,0,0,0,0,0,1,0,,$GIFT #2512,$JBOX,0,1
FLiPgGTXtBtEJoytikaywvWgbz5a56DdHKZU72HSYMFF,Bk3kcv8P6Mv7WKe8K8NcZjC8X4MG9j4DrUFKoiRJhZ2N,V1_NFT,1,0,0,0,0,1,1,0,4f8aa4Q3enUKEURgy5af3bHB6DmDRprjvmVkGXcrs1oL,SOLDEXIS.COM,,0,1
FLiPgGTXtBtEJoytikaywvWgbz5a56DdHKZU72HSYMFF,BiZ3zPhXRYPhAQUbSECFseJx4LajeXSHTEmsGMDU5rCD,V1_NFT,1,0,0,0,0,1,1,0,8e6ZSD772Jhtncr9TyMjyGBTSR47fznvDAF3DfVyYaNg,$GIFT #2141,MEBOX,0,1
FLiPgGTXtBtEJoytikaywvWgbz5a56DdHKZU72HSYMFF,BaG4aqQ16c2zx8aBGQaQYHsGXeKwxQPstEA2KUe9zQ7K,V1_NFT,1,0,0,0,0,0,1,0,,$GIFT #3231,$TBOX,0,1
FLiPgGTXtBtEJoytikaywvWgbz5a56DdHKZU72HSYMFF,BYdxrskh1HfVfvAd8a9aAjoLAU6Bo97AgN56gDwqpump,FungibleToken,1,0,0,6,999725897614211,0,0,1,3xAfueAZA5PudwhWpCBfbgaTUovWUXK9auLnkiVhizTq,Antscoin,ANTS,0,1
FLiPgGTXtBtEJoytikaywvWgbz5a56DdHKZU72HSYMFF,BWGrQW8YGjqS6sXcydQJuBBs8apaT6rZ9BYFw8Y3jJZQ,V1_NFT,1,0,0,0,0,0,1,0,,$GIFT #1533,$ME,0,1
FLiPgGTXtBtEJoytikaywvWgbz5a56DdHKZU72HSYMFF,BRFnhpqZvKnuqqwoyWder5LqC7YwdvfnhFJaHiqTFR2X,V1_NFT,1,0,0,0,0,1,1,0,4f8aa4Q3enUKEURgy5af3bHB6DmDRprjvmVkGXcrs1oL,SOLDEXIS.COM,,0,1
FLiPgGTXtBtEJoytikaywvWgbz5a56DdHKZU72HSYMFF,BMS7iNXGoRzk95prkUiDQetSY1v9wHhsYDP7EfvWLL61,V1_NFT,1,0,0,0,0,1,1,0,4YAuneYNV4myKSmHZ37mZUa5NF8q1N2iqQ2HWdYdh7te,SOLDEXIS.COM,,0,1
FLiPgGTXtBtEJoytikaywvWgbz5a56DdHKZU72HSYMFF,BEUQA5fF8BeEwtptyCueoEzjGwbh9e57uBHPKBvTB68a,V1_NFT,1,0,0,0,0,1,1,0,4YAuneYNV4myKSmHZ37mZUa5NF8q1N2iqQ2HWdYdh7te,SOLDEXIS.COM,,0,1
FLiPgGTXtBtEJoytikaywvWgbz5a56DdHKZU72HSYMFF,B9jMT3cpTGko5DM951WFGaJbDFHJ64xj1MgJWESpGF7s,V1_NFT,1,0,0,0,0,1,1,0,4YAuneYNV4myKSmHZ37mZUa5NF8q1N2iqQ2HWdYdh7te,SOLDEXIS.COM,,0,1
FLiPgGTXtBtEJoytikaywvWgbz5a56DdHKZU72HSYMFF,B7cJjNSq4EqjSqhzFCSDsongCvyAKW93BzXv7i7ieN7z,V1_NFT,1,0,0,0,0,0,1,0,,$GIFT #2512,$JBOX,0,1
FLiPgGTXtBtEJoytikaywvWgbz5a56DdHKZU72HSYMFF,AyWoRykbxezmreQycH9E7X334z1FhqczaAh4mw1LHtqs,V1_NFT,1,0,0,0,0,1,1,0,4YAuneYNV4myKSmHZ37mZUa5NF8q1N2iqQ2HWdYdh7te,SOLDEXIS.COM,,0,1
FLiPgGTXtBtEJoytikaywvWgbz5a56DdHKZU72HSYMFF,Aq6Zi2YfdECDGmf9gmuE5P5GNidkx8GfCn37gt7euLXr,V1_NFT,1,0,0,0,0,1,1,0,4f8aa4Q3enUKEURgy5af3bHB6DmDRprjvmVkGXcrs1oL,SOLDEXIS.COM,,0,1
FLiPgGTXtBtEJoytikaywvWgbz5a56DdHKZU72HSYMFF,AneKGNcMjmCgXLQx1nyqcXQNPe66ayQMAiHSDbjq1wiG,V1_NFT,1,0,0,0,0,1,1,0,3nY6JspYYjSYk3wiw1MSveDRbE12UxwhYwgGkWXsdSfn,SOLDEXIS.COM,,0,1
FLiPgGTXtBtEJoytikaywvWgbz5a56DdHKZU72HSYMFF,AiuSMAyKdjBgXwB7YcAJ5iZDpB86rAMUBK3XvMdUWRp4,V1_NFT,1,0,0,0,0,0,1,0,,$GIFT #2512,$JBOX,0,1
FLiPgGTXtBtEJoytikaywvWgbz5a56DdHKZU72HSYMFF,AbLpnDvFWKWR9XV1hbdjquEZACxYpbfsr48NreMcmYSc,V1_NFT,1,0,0,0,0,1,1,0,3nY6JspYYjSYk3wiw1MSveDRbE12UxwhYwgGkWXsdSfn,SOLDEXIS.COM,,0,1
FLiPgGTXtBtEJoytikaywvWgbz5a56DdHKZU72HSYMFF,AF33BoV4upqDefUvQQRWoHQRMa9teGc5EGVFYUzGpump,FungibleToken,1,0,0,6,985674034445558,0,0,0,,Worms Among Us,WORMS,0,1
FLiPgGTXtBtEJoytikaywvWgbz5a56DdHKZU72HSYMFF,AF2fmh7k6jcqUVg2VArkBvZ7HHvPSRoeA26ddXGL5Sgf,V1_NFT,1,0,0,0,0,1,1,0,4f8aa4Q3enUKEURgy5af3bHB6DmDRprjvmVkGXcrs1oL,SOLDEXIS.COM,,0,1
FLiPgGTXtBtEJoytikaywvWgbz5a56DdHKZU72HSYMFF,A1Uio42qfcLZymKzhnRen4Ev55f8J3hWsB3AE4drfdUo,V1_NFT,1,0,0,0,0,0,1,0,,$GIFT #6231,$ME,0,1
FLiPgGTXtBtEJoytikaywvWgbz5a56DdHKZU72HSYMFF,9qq5SJmmeGvrVm1gFLMgeRJeN6FpQpSt2S1wAcanfaPR,FungibleToken,1,0,0,6,98918396957288809,0,0,0,F4tvfuMG9znPoMx66qhb7nviQfMpXzeeUHGg1rm5dsvn,Physical Gold,GOLD˙,0,1
FLiPgGTXtBtEJoytikaywvWgbz5a56DdHKZU72HSYMFF,9oGX22FGyCeaRzpkdy8a9WoCc5s3RqfTLEfb91fEPSKS,FungibleToken,1,0,0,9,999109676710500000,0,0,0,GgVERb3z9dHDr2pKuS4B6Pfn5Y8Ds3AQA3gvaq5vU5FC,Nigga Binladen,NLADEN,0,1
FLiPgGTXtBtEJoytikaywvWgbz5a56DdHKZU72HSYMFF,9jn4RFzCXaEkzroqDG3LUxfb2pvSbkuxsazRLn9PD56n,V1_NFT,1,0,0,0,0,1,1,0,4f8aa4Q3enUKEURgy5af3bHB6DmDRprjvmVkGXcrs1oL,SOLDEXIS.COM,,0,1
FLiPgGTXtBtEJoytikaywvWgbz5a56DdHKZU72HSYMFF,9iWbKNg86V3aeAWr8zthefT8hznZAKRBf8WysonvuHpd,V1_NFT,1,0,0,0,0,1,1,0,4f8aa4Q3enUKEURgy5af3bHB6DmDRprjvmVkGXcrs1oL,SOLDEXIS.COM,,0,1
FLiPgGTXtBtEJoytikaywvWgbz5a56DdHKZU72HSYMFF,9e8TnxYPDMYhji177SbRWTmf41ZcCtk58cEjDMbTpump,FungibleToken,1,0,0,6,995817292707187218,0,0,0,Bp9fTaRbiYRUKBYUb4i6F4thxPE1bGVhn9yraxtz3smY,Toli The Trnecherㅤ,Toli,0,1
FLiPgGTXtBtEJoytikaywvWgbz5a56DdHKZU72HSYMFF,9cnRwGcBoKZ1VZKV2Vi6Nzupn8Ak96vd2oyAXAUdazDj,V1_NFT,1,0,0,0,0,0,1,0,,$GIFT #6231,$ME,0,1
FLiPgGTXtBtEJoytikaywvWgbz5a56DdHKZU72HSYMFF,9bAAvZ3n5XcaWD9whctnfhnMKNE4qrRkmyHdkt449Av2,V1_NFT,1,0,0,0,0,1,1,0,4f8aa4Q3enUKEURgy5af3bHB6DmDRprjvmVkGXcrs1oL,SOLDEXIS.COM,,0,1
FLiPgGTXtBtEJoytikaywvWgbz5a56DdHKZU72HSYMFF,9ZNwQipWBAaTHrxHdXDS1kuY8QktbZawLheGunfgj7H5,V1_NFT,1,0,0,0,0,1,1,0,3nY6JspYYjSYk3wiw1MSveDRbE12UxwhYwgGkWXsdSfn,SOLDEXIS.COM,,0,1
FLiPgGTXtBtEJoytikaywvWgbz5a56DdHKZU72HSYMFF,9Ygtvst4rKMUK1jVhqpXFsGzDBkPCGAmugiCg9KgGGA6,FungibleToken,1,0,0,3,986904731769092,0,0,0,8FvbdJTgQ9q2NnAk4SiiocHZtgza3XSQpr6wt8Ecsm54,SolDoge,SDOGE,0,1
FLiPgGTXtBtEJoytikaywvWgbz5a56DdHKZU72HSYMFF,8zrWXzrir6RbzzUYc7NxVhhwksHccxEhLvodGp4Yxuai,V1_NFT,1,0,0,0,0,0,1,0,,$GIFT #2231,$ME,0,1
FLiPgGTXtBtEJoytikaywvWgbz5a56DdHKZU72HSYMFF,8sy6AxFjBzjF5kEvbzKrmCd2DU4LQM18qY2VJQoFojSn,V1_NFT,1,0,0,0,0,0,1,0,,$GIFT #6231,$ME,0,1
FLiPgGTXtBtEJoytikaywvWgbz5a56DdHKZU72HSYMFF,8rNaE8EpsgmrVTxmSczjiu2ZyRjaHxzF5sW6mCgMNaD1,V1_NFT,1,0,0,0,0,1,1,0,4YAuneYNV4myKSmHZ37mZUa5NF8q1N2iqQ2HWdYdh7te,SOLDEXIS.COM,,0,1
FLiPgGTXtBtEJoytikaywvWgbz5a56DdHKZU72HSYMFF,8pUtmLprPZ7deBk2zKKmk1ZQSZx42HTZBkHvBEhkThVw,V1_NFT,1,0,0,0,0,1,1,0,3nY6JspYYjSYk3wiw1MSveDRbE12UxwhYwgGkWXsdSfn,SOLDEXIS.COM,,0,1
FLiPgGTXtBtEJoytikaywvWgbz5a56DdHKZU72HSYMFF,8jdwyL7LahocQNRdoxzNzZKYv9ASVRzK2xxqBdWFSCs6,V1_NFT,1,0,0,0,0,1,1,0,3nY6JspYYjSYk3wiw1MSveDRbE12UxwhYwgGkWXsdSfn,SOLDEXIS.COM,,0,1
FLiPgGTXtBtEJoytikaywvWgbz5a56DdHKZU72HSYMFF,8bUbe1ujsM1G3JEbBWVVCXa2widmuPdKUB2rGKMYFw7R,FungibleToken,1,0,0,8,503112629407690,1,0,0,,AGI Token (Wormhole),AGI,0,1
FLiPgGTXtBtEJoytikaywvWgbz5a56DdHKZU72HSYMFF,8TyGf6b4izDaHUmzX2i9eXKNymGZgbgAMXWLxEzNjfbE,V1_NFT,1,0,0,0,0,1,1,0,4f8aa4Q3enUKEURgy5af3bHB6DmDRprjvmVkGXcrs1oL,SOLDEXIS.COM,,0,1
FLiPgGTXtBtEJoytikaywvWgbz5a56DdHKZU72HSYMFF,8PiqFiRikwPD5LN4mg9mFa1iDmbYMB82AmWrF58hJhhv,V1_NFT,1,0,0,0,0,1,1,0,3nY6JspYYjSYk3wiw1MSveDRbE12UxwhYwgGkWXsdSfn,SOLDEXIS.COM,,0,1
FLiPgGTXtBtEJoytikaywvWgbz5a56DdHKZU72HSYMFF,8HwoydAN1DZAsvZ1d9ro1buzC78cvFF8nN5EBbGP8mBh,V1_NFT,1,0,0,0,0,1,1,0,4YAuneYNV4myKSmHZ37mZUa5NF8q1N2iqQ2HWdYdh7te,SOLDEXIS.COM,,0,1
FLiPgGTXtBtEJoytikaywvWgbz5a56DdHKZU72HSYMFF,883mYNp3CsbnrKS34MisNVpLrQMRbdy1Q1PATJSKfc7R,V1_NFT,1,0,0,0,0,1,1,0,4YAuneYNV4myKSmHZ37mZUa5NF8q1N2iqQ2HWdYdh7te,SOLDEXIS.COM,,0,1
FLiPgGTXtBtEJoytikaywvWgbz5a56DdHKZU72HSYMFF,87CmXn4iBpB5tsTrkpGaqswQmQ3FB6YPoUcZbMwYSuhg,V1_NFT,1,0,0,0,0,1,1,0,3nY6JspYYjSYk3wiw1MSveDRbE12UxwhYwgGkWXsdSfn,SOLDEXIS.COM,,0,1
FLiPgGTXtBtEJoytikaywvWgbz5a56DdHKZU72HSYMFF,868DSWsmaHhmxeT17cC1EgEswwimfBb8yo1YD4CA5qtn,V1_NFT,1,0,0,0,0,1,1,0,4f8aa4Q3enUKEURgy5af3bHB6DmDRprjvmVkGXcrs1oL,SOLDEXIS.COM,,0,1
FLiPgGTXtBtEJoytikaywvWgbz5a56DdHKZU72HSYMFF,83yMvSHPhKHES7UPfNUhc3SKLp5uAGePJJ5vWumsWBah,V1_NFT,1,0,0,0,0,1,1,0,4f8aa4Q3enUKEURgy5af3bHB6DmDRprjvmVkGXcrs1oL,SOLDEXIS.COM,,0,1
FLiPgGTXtBtEJoytikaywvWgbz5a56DdHKZU72HSYMFF,7vnTVudgL4DrAdY3Quh2LbnXF4R8mMdSTaA1hY66dG6g,V1_NFT,1,0,0,0,0,1,1,0,3nY6JspYYjSYk3wiw1MSveDRbE12UxwhYwgGkWXsdSfn,SOLDEXIS.COM,,0,1
FLiPgGTXtBtEJoytikaywvWgbz5a56DdHKZU72HSYMFF,7ezR4iSGc9dNyVUBnWwo3ZMk3ZdkXbZ1XKjiqgNspump,FungibleToken,1,0,0,6,998177001063810579,0,0,0,3jpoantwvyRXRfMMkicmfLSqeHACngy1nZDZLoYtyi4k,Coge coinㅤ,coge,0,1
FLiPgGTXtBtEJoytikaywvWgbz5a56DdHKZU72HSYMFF,7bxdseMB5NVKkMutyF5tiuy8KoUnGU4XDzU1DWYdjNFU,V1_NFT,1,0,0,0,0,1,1,0,4YAuneYNV4myKSmHZ37mZUa5NF8q1N2iqQ2HWdYdh7te,SOLDEXIS.COM,,0,1
FLiPgGTXtBtEJoytikaywvWgbz5a56DdHKZU72HSYMFF,7bm7Vji1imdeqrGUCXfg4KRkJZ9mSWDUQfB3kwssto6x,V1_NFT,1,0,0,0,0,1,1,0,4f8aa4Q3enUKEURgy5af3bHB6DmDRprjvmVkGXcrs1oL,SOLDEXIS.COM,,0,1
FLiPgGTXtBtEJoytikaywvWgbz5a56DdHKZU72HSYMFF,7SGrxHJFwNcsjkeu5WqZZKpB1b8LayWZLtrEEtBYhLjW,FungibleToken,1,0,0,6,99501795593315084,1,0,0,,Versus Token,VS,0,1
FLiPgGTXtBtEJoytikaywvWgbz5a56DdHKZU72HSYMFF,7RNUq7XnZheLD2Td9PLzBf6CN3LmGt3f9whpHR4nym6T,V1_NFT,1,0,0,0,0,1,1,0,4f8aa4Q3enUKEURgy5af3bHB6DmDRprjvmVkGXcrs1oL,SOLDEXIS.COM,,0,1
FLiPgGTXtBtEJoytikaywvWgbz5a56DdHKZU72HSYMFF,7M8jS2ufqGExQdzcPTknwi6a1MQMeBQEsz5PrLC345co,V1_NFT,1,0,0,0,0,0,1,0,,$GIFT #2512,$JBOX,0,1
FLiPgGTXtBtEJoytikaywvWgbz5a56DdHKZU72HSYMFF,7FLiSPKubRo42euG4iAq9RnyQheeSL8JLwYq42cWzPWM,V1_NFT,1,0,0,0,0,1,1,0,4YAuneYNV4myKSmHZ37mZUa5NF8q1N2iqQ2HWdYdh7te,SOLDEXIS.COM,,0,1
FLiPgGTXtBtEJoytikaywvWgbz5a56DdHKZU72HSYMFF,7EDXXPKTedQ6tMGP5L6oDRJVX4jS8N7bNycVZAkfZu6w,V1_NFT,1,0,0,0,0,1,1,0,4f8aa4Q3enUKEURgy5af3bHB6DmDRprjvmVkGXcrs1oL,SOLDEXIS.COM,,0,1
FLiPgGTXtBtEJoytikaywvWgbz5a56DdHKZU72HSYMFF,7DSibfFoowe8pbkTYzAwm2xj2s9cr37s7y1KLiZKtu6b,V1_NFT,1,0,0,0,0,1,1,0,3nY6JspYYjSYk3wiw1MSveDRbE12UxwhYwgGkWXsdSfn,SOLDEXIS.COM,,0,1
BjVeAjPrSKFiingBn4vZvghsGj9KCE8AJVtbc9S8o8SC,,,0,0,1,0,0,0,0,0,,,,0,1
HkGz4KmoZ7Zmk7HN6ndJ31UJ1qZ2qgwQxgVqQwovpZES,J7NBJwhYfAdeNz8RzEbWuarPKsdm4oWv7Vrzdzd6dMRS,FungibleToken,1,0,0,6,999999954372732,1,0,0,,USDS,USDS,0,1
HkGz4KmoZ7Zmk7HN6ndJ31UJ1qZ2qgwQxgVqQwovpZES,G3rb6bxUEPXRkSCnxnXFZxBFR7ahHbFJRmBfhLcegLov,V1_NFT,1,0,0,0,0,0,1,0,JUP2z2jNBFVLdwNbFCXLV27tAPy8TWvTfXNJiP83iBj,ᴊᴜᴘ Rᴇᴡᴀʀᴅ,NFT,0,1
HkGz4KmoZ7Zmk7HN6ndJ31UJ1qZ2qgwQxgVqQwovpZES,FVJaEANUmehViwev2mDS6owY4CKsnb5dwBRZkKWKPLxQ,FungibleToken,1,0,0,6,999999824964000,1,0,0,,USDC,USDC,0,1
HkGz4KmoZ7Zmk7HN6ndJ31UJ1qZ2qgwQxgVqQwovpZES,FPPpHdLEde4nA7vXpALeBREVxQeMgrrXacAsitPXBECT,FungibleToken,1,0,0,9,7999999575714375724,1,0,0,81QDgcsw5QDCToiXZM3cKD7UmBJtDxuMTjeMNokfHANW,tfirD,tfirD,0,1
HkGz4KmoZ7Zmk7HN6ndJ31UJ1qZ2qgwQxgVqQwovpZES,F3uH9KruNMM3ZTqBoCev5KYwPCaRrZeKEw94XH4oeE5i,FungibleToken,1,0,0,6,9999995351305550,1,0,0,81QDgcsw5QDCToiXZM3cKD7UmBJtDxuMTjeMNokfHANW,FuckDrift,FuckDrift,0,1
HkGz4KmoZ7Zmk7HN6ndJ31UJ1qZ2qgwQxgVqQwovpZES,Epu19YX4s3qCcoB32w9mm5kYSREr7qXpm6inq5uApump,FungibleToken,0,0,0,6,1000000000000000,1,0,0,,Just a lil tip please,TipPls,0,1
HkGz4KmoZ7Zmk7HN6ndJ31UJ1qZ2qgwQxgVqQwovpZES,EAbAnw5d3DBNBjZ6Es8fT2MBfXUqmNYTdjRigNcEpump,FungibleToken,0,0,0,6,1000000000000000,1,0,0,,GRIFT,GRIFT,0,1
HkGz4KmoZ7Zmk7HN6ndJ31UJ1qZ2qgwQxgVqQwovpZES,DriFtupJYLTosbwoN8koMbEYSx54aFAVLddWsbksjwg7,FungibleToken,1,0,0,6,999999514730913,0,0,0,,Drift,DRIFT,0,1
HkGz4KmoZ7Zmk7HN6ndJ31UJ1qZ2qgwQxgVqQwovpZES,CuBbYYAVTVzRpsJziHrvP8ebWi1j54Zu2yAQRbLofuFx,FungibleToken,1,0,0,6,999999654115081,0,0,0,,Woof Coin,WOOF,0,1
HkGz4KmoZ7Zmk7HN6ndJ31UJ1qZ2qgwQxgVqQwovpZES,CUwUyE4zAkTxTjdBTpzZ6K6xcqDtbMvP5wsWNAS3hwpY,FungibleToken,1,0,0,6,11999997979592246,1,0,0,81QDgcsw5QDCToiXZM3cKD7UmBJtDxuMTjeMNokfHANW,ShortDriftPLZ,ShortDrift,0,1
HkGz4KmoZ7Zmk7HN6ndJ31UJ1qZ2qgwQxgVqQwovpZES,BcmbUzPqLNqg8h9hHpWHiTHg1p94Ls5sfKPtt77Epj3c,FungibleToken,1,0,0,6,9999998604000000,1,0,0,,USDT.,USDT.,0,1
HkGz4KmoZ7Zmk7HN6ndJ31UJ1qZ2qgwQxgVqQwovpZES,ATC7UUD1Rc5LtNkiEcWhFP747y39dtvNAtL916Dwpump,FungibleToken,0,0,0,6,999998652225022,1,0,0,,6loo3ka,6lo3e,0,1
HkGz4KmoZ7Zmk7HN6ndJ31UJ1qZ2qgwQxgVqQwovpZES,A1KLoBrKBde8Ty9qtNQUtq3C2ortoC3u7twggz7sEto6,FungibleToken,1,0,0,6,159398973590703,1,0,0,,Ondo US Dollar Yield,USDY,0,1
HkGz4KmoZ7Zmk7HN6ndJ31UJ1qZ2qgwQxgVqQwovpZES,9gug3EBirbPrWv3N2uqYhQW2AHZf3dvLut4p6DNbaSis,FungibleToken,1,0,0,6,995202678801,1,0,1,FuuY6vLGxTvw4UjqK4iomWq4xWS9P8KZsuBxbYocnPHE,Odysseus,$ODYSSEUS,0,1
HkGz4KmoZ7Zmk7HN6ndJ31UJ1qZ2qgwQxgVqQwovpZES,9JARBxVr5TxPzy5RaJC7DkQ5A8HaXHSPvpFjBUSkcFaV,FungibleToken,1,0,0,6,8999999998666,1,0,0,,Wrapped BTC,WBTC,0,1
HkGz4KmoZ7Zmk7HN6ndJ31UJ1qZ2qgwQxgVqQwovpZES,95DJixZhoy898shqxoZy5riztdf95fTqLXBog85DKvHK,FungibleToken,0,0,0,6,999887134835215,1,0,0,,Anal by lana.ai,ANAL,0,1
HkGz4KmoZ7Zmk7HN6ndJ31UJ1qZ2qgwQxgVqQwovpZES,6DmiJDH3qcNeensRXrHXUoe8cc4656cmd6LeWatbpump,FungibleToken,0,0,0,6,1001460381441390,1,0,0,,67DRIFT,67,0,1
HkGz4KmoZ7Zmk7HN6ndJ31UJ1qZ2qgwQxgVqQwovpZES,66aBh2HzqBgQVzzXmyPgfvAs6XWCsE2RkiMKA4tm3Hxx,FungibleToken,1,0,0,6,12981267759789706,1,0,0,81QDgcsw5QDCToiXZM3cKD7UmBJtDxuMTjeMNokfHANW,DriftCTO,DriftCTO,0,1
HkGz4KmoZ7Zmk7HN6ndJ31UJ1qZ2qgwQxgVqQwovpZES,5j5YtZHbfs1BrHQqh4yDmggyP1mTMX1wC5ZmftYJNJXG,MplCoreAsset,1,0,0,0,0,1,0,0,,BlockID Identity,,0,1
HkGz4KmoZ7Zmk7HN6ndJ31UJ1qZ2qgwQxgVqQwovpZES,4ykABkRVYBAKHbBe5HuroBXJetWgZspozHFp5C7apump,FungibleToken,0,0,0,6,1000000000000000,1,0,0,,SendMeSomethingPlease,$MYHERO,0,1
HkGz4KmoZ7Zmk7HN6ndJ31UJ1qZ2qgwQxgVqQwovpZES,4wCxnk21PLSQGMiogMzfViL9CPtCR3igGU4pNBmWFLmr,V1_NFT,1,0,0,0,0,0,1,0,PUMPa9zLZ1QcBiRRPYyKN2PcphzbrgtyUqQPYqUWzEZ,Redeem #9235,MyNFT,0,1
HkGz4KmoZ7Zmk7HN6ndJ31UJ1qZ2qgwQxgVqQwovpZES,3oaRkLHm94Y2fisjNPwkcHV7iUjTMdh5cSQyGarUpump,FungibleToken,0,0,0,6,981908078035257,1,0,0,,CLARITY,CLARITY,0,1
HkGz4KmoZ7Zmk7HN6ndJ31UJ1qZ2qgwQxgVqQwovpZES,3V4wGTaw9a3prnWvpR4KSEEvHMkgVHnyy6rvDaY9pump,FungibleToken,0,0,0,6,1000000000000000,1,0,0,,SEND ME 1M PLEASE,PLEASE,0,1
HkGz4KmoZ7Zmk7HN6ndJ31UJ1qZ2qgwQxgVqQwovpZES,3GiUsEW2LVSotVoo7EtT6Vd6m43VV7fRQY5VzFLwpump,FungibleToken,0,0,0,6,1000000000000000,1,0,0,,Send 1m or ur a gay nigga,GayNigga,0,1
HkGz4KmoZ7Zmk7HN6ndJ31UJ1qZ2qgwQxgVqQwovpZES,2JoahLhTPVWcJGKBvymfyB7sFzLnEmpwfdCVeatZsK8c,MplCoreAsset,1,0,0,0,0,1,0,0,,DING!,,0,1
HkGz4KmoZ7Zmk7HN6ndJ31UJ1qZ2qgwQxgVqQwovpZES,pumpCmXqMfrsAkQ5r49WcJnRayYRqmXz6ae8H7H9Dfn,FungibleToken,0,0,0,6,999989169503569702,1,0,0,,Pump,PUMP,0,1
HkGz4KmoZ7Zmk7HN6ndJ31UJ1qZ2qgwQxgVqQwovpZES,kqJvf3wndhRUQvQxQ9cmXmdguTGW8yTKdkWQPuRwaS4,V1_NFT,0,0,0,0,1,1,0,0,,DRIFT VICTIM - PLEASE READ,HELP,0,1
HkGz4KmoZ7Zmk7HN6ndJ31UJ1qZ2qgwQxgVqQwovpZES,WENWENvqqNya429ubCdR81ZmD69brwQaaBYY6p3LCpk,FungibleToken,1,0,0,5,72757404482836747,0,0,0,,Wen,WEN,0,1
HkGz4KmoZ7Zmk7HN6ndJ31UJ1qZ2qgwQxgVqQwovpZES,UwU8RVXB69Y6Dcju6cN2Qef6fykkq6UUNpB15rZku6Z,FungibleToken,1,0,0,6,15099203129328896,0,0,0,,Unicorn,UWU,0,1
HkGz4KmoZ7Zmk7HN6ndJ31UJ1qZ2qgwQxgVqQwovpZES,TVKv96p5SD93veeWTZzppv17r867ij6tmnDpUhZpump,FungibleToken,0,0,0,6,999946333137471,1,0,0,,capital killer,Hacker,0,1
HkGz4KmoZ7Zmk7HN6ndJ31UJ1qZ2qgwQxgVqQwovpZES,By8w9cAugpcqWhxvRtPTXXG2QigoKJaRLBUcGt7pump,FungibleToken,0,0,0,6,1000000000000000,1,0,0,,SEND SOL FOR HOLDERS,DRIFT HACK,0,1
HkGz4KmoZ7Zmk7HN6ndJ31UJ1qZ2qgwQxgVqQwovpZES,92JpgMDXFPmKkzrXHcKE3Qi4ojdo2kF1YvwJ7jZs5mo,FungibleToken,1,0,0,6,8999962002706641,1,0,0,81QDgcsw5QDCToiXZM3cKD7UmBJtDxuMTjeMNokfHANW,DriftKing,DriftKing,0,1
HZCkJmFnkDWArAPMEAAFTK6dfjWZsRrnzE1hekHmnf9k,C6dJcVrQPoG3bDoUuH72tss8gouzZB9fRq8CpZwv57Vw,MplCoreAsset,1,0,0,0,0,1,0,0,,BlockID Identity,,0,1
7RoMqGAcU7S6ESAhPDvB9iSXvASUhuoE8u7dYRxGBew9,Hfj5JaS66tLsrUAywc32xi5DS7Euw5v7cu6HDCP7gSxV,V1_NFT,1,0,0,0,0,0,1,0,JUP2z2jNBFVLdwNbFCXLV27tAPy8TWvTfXNJiP83iBj,ᴊᴜᴘ Rᴇᴡᴀʀᴅ,NFT,0,1
7RoMqGAcU7S6ESAhPDvB9iSXvASUhuoE8u7dYRxGBew9,FPPpHdLEde4nA7vXpALeBREVxQeMgrrXacAsitPXBECT,FungibleToken,1,0,0,9,7999999575714375724,1,0,0,81QDgcsw5QDCToiXZM3cKD7UmBJtDxuMTjeMNokfHANW,tfirD,tfirD,0,1
7RoMqGAcU7S6ESAhPDvB9iSXvASUhuoE8u7dYRxGBew9,CUwUyE4zAkTxTjdBTpzZ6K6xcqDtbMvP5wsWNAS3hwpY,FungibleToken,1,0,0,6,11999997979592246,1,0,0,81QDgcsw5QDCToiXZM3cKD7UmBJtDxuMTjeMNokfHANW,ShortDriftPLZ,ShortDrift,0,1
7RoMqGAcU7S6ESAhPDvB9iSXvASUhuoE8u7dYRxGBew9,7zj4wpoFwsWNNKZbPAt9tdmitJSe6jJPTodSaP43vhq1,MplCoreAsset,1,0,0,0,0,1,0,0,,BlockID Identity,,0,1
7RoMqGAcU7S6ESAhPDvB9iSXvASUhuoE8u7dYRxGBew9,66aBh2HzqBgQVzzXmyPgfvAs6XWCsE2RkiMKA4tm3Hxx,FungibleToken,1,0,0,6,12981267759789706,1,0,0,81QDgcsw5QDCToiXZM3cKD7UmBJtDxuMTjeMNokfHANW,DriftCTO,DriftCTO,0,1
CfjRtQzkaBBd67T3C8K2TbjL4RKnKe8mJu93qmwFHi65,,,0,0,1,0,0,0,0,0,,,,0,1
9q82ekf7QP8Phnvp3EXr5HjDXPkW7KRYNdp2wyCk95CV,4n6v9iAGHh3icNAwuvpZW6WgVBT6i58UtKeioAcgepfE,MplCoreAsset,1,0,0,0,0,1,0,0,,BlockID Identity,,0,1
41bx1zKN3TBmxKo2u2B63UoFNNEAejCKBftuX27G8Zr5,G84LEhbNMR1yYbHgHbnNYNSK8mpTKcazh5jcW5yMPQKo,FungibleToken,1,0,0,9,749999999872538456,1,0,0,,CarbonVote Token,CVT,0,1
41bx1zKN3TBmxKo2u2B63UoFNNEAejCKBftuX27G8Zr5,DCc8ytLF9Mofgpx9FYVxYZrpr6AscqXqdFTSfEEf56qa,V1_NFT,1,0,0,0,0,0,1,0,JUP2z2jNBFVLdwNbFCXLV27tAPy8TWvTfXNJiP83iBj,ᴊᴜᴘ Rᴇᴡᴀʀᴅ,NFT,0,1
41bx1zKN3TBmxKo2u2B63UoFNNEAejCKBftuX27G8Zr5,TVKv96p5SD93veeWTZzppv17r867ij6tmnDpUhZpump,FungibleToken,0,0,0,6,999946333137471,1,0,0,,capital killer,Hacker,0,1
8ubo4HbWJHKyFJYJc2Gh74dxCP7bN7Fu2Pi13KZ9rGxw,H7wCVhEp1LhT2mWt18CA2GuQD9bXgMXEeGwyyd6GVSUE,FungibleToken,1,0,0,6,999999965284720,1,0,0,,CASH,CASH,0,1
8ubo4HbWJHKyFJYJc2Gh74dxCP7bN7Fu2Pi13KZ9rGxw,FVJaEANUmehViwev2mDS6owY4CKsnb5dwBRZkKWKPLxQ,FungibleToken,1,0,0,6,999999824964000,1,0,0,,USDC,USDC,0,1
8ubo4HbWJHKyFJYJc2Gh74dxCP7bN7Fu2Pi13KZ9rGxw,FPPpHdLEde4nA7vXpALeBREVxQeMgrrXacAsitPXBECT,FungibleToken,1,0,0,9,7999999575714375724,1,0,0,81QDgcsw5QDCToiXZM3cKD7UmBJtDxuMTjeMNokfHANW,tfirD,tfirD,0,1
8ubo4HbWJHKyFJYJc2Gh74dxCP7bN7Fu2Pi13KZ9rGxw,FMRzdX4h4pWXcXNZynDoRf7YJBJ1CRxL7eDCBNvRiQ2D,V1_NFT,1,0,0,0,0,0,1,0,JUP2z2jNBFVLdwNbFCXLV27tAPy8TWvTfXNJiP83iBj,ᴊᴜᴘ Rᴇᴡᴀʀᴅ,NFT,0,1
8ubo4HbWJHKyFJYJc2Gh74dxCP7bN7Fu2Pi13KZ9rGxw,CUwUyE4zAkTxTjdBTpzZ6K6xcqDtbMvP5wsWNAS3hwpY,FungibleToken,1,0,0,6,11999997979592246,1,0,0,81QDgcsw5QDCToiXZM3cKD7UmBJtDxuMTjeMNokfHANW,ShortDriftPLZ,ShortDrift,0,1
8ubo4HbWJHKyFJYJc2Gh74dxCP7bN7Fu2Pi13KZ9rGxw,BcmbUzPqLNqg8h9hHpWHiTHg1p94Ls5sfKPtt77Epj3c,FungibleToken,1,0,0,6,9999998604000000,1,0,0,,USDT.,USDT.,0,1
8ubo4HbWJHKyFJYJc2Gh74dxCP7bN7Fu2Pi13KZ9rGxw,9JARBxVr5TxPzy5RaJC7DkQ5A8HaXHSPvpFjBUSkcFaV,FungibleToken,1,0,0,6,8999999998666,1,0,0,,Wrapped BTC,WBTC,0,1
8ubo4HbWJHKyFJYJc2Gh74dxCP7bN7Fu2Pi13KZ9rGxw,3Vj8XGxsiETiyeCKXyA4H8odedBazeCVEcXG9q394ygX,FungibleToken,1,0,0,6,999787649340298,1,0,0,,パンチ,Punch,0,1
J8TwdioMgeDvnjcsT19dDA5H9D4nhZsLLHpzbmuQoyiC,5vukRvTGkaYhHz9HxcxiS8fczNwKvQxcUN8ArE2aTrnR,FungibleToken,0,0,0,6,998651617635969,1,0,0,,DOGEDIGGER.COM,DIG,0,1
AVzP2GeRmqGphJsMxWoqjpUifPpCret7LqWhD8NWQK49,JEERWYMz3AkKMqQDhDsP97bK2uDKxwEVmRMc46ktfEAW,V1_NFT,1,0,0,0,0,1,1,1,8jCbdWzyEfJsjgKj3ua3JJNHKXuvSURvtpC5aE53SMZm,🎁2.0 Jupiter AirDrop,Jup2.0,0,1
AVzP2GeRmqGphJsMxWoqjpUifPpCret7LqWhD8NWQK49,JAdQ8U5Rx4UPhqiqhrCHGzcGZK6iXGSZGrTfRqoyf3e8,V1_NFT,1,0,0,0,0,1,1,1,9pGYoB49gFnpseYbNHDq5tTbAMpf4yHbiaa8m7yMSNES,Slеrf #1954,DWNO,0,1
AVzP2GeRmqGphJsMxWoqjpUifPpCret7LqWhD8NWQK49,JASKcL2SqdLmwNn3sK8vL46orwh9aV1CzA4dLWz7eUWe,V1_NFT,1,0,0,0,0,1,1,0,P2CwxpgdtEu2Q6GGagBNqAnoLNbmmT5Su9rfvK34pD7,Claim Me BOME,B0MEE,0,1
AVzP2GeRmqGphJsMxWoqjpUifPpCret7LqWhD8NWQK49,J9KFA9K8vzd3WBK6SvP7agMwya4SBPxNKsrpFqntV9ua,V1_NFT,1,0,0,0,0,1,1,1,9pGYoB49gFnpseYbNHDq5tTbAMpf4yHbiaa8m7yMSNES,Sаnctum #1906,CLD,0,1
AVzP2GeRmqGphJsMxWoqjpUifPpCret7LqWhD8NWQK49,J9HjPwvUKWr85cM5ueLaCePeKR4Lp8ksMALJkgZEoftA,V1_NFT,1,0,0,0,0,1,1,1,2v3UpLxyrHFfHpcJ3Bqwut12EePG4uwY5cmdvivGz6dM,AB Early #02,,0,1
AVzP2GeRmqGphJsMxWoqjpUifPpCret7LqWhD8NWQK49,J7oYomgiwTxXSXtH6YvfdCbfzXPKzjK7ckAYKMwB7GcB,V1_NFT,1,0,0,0,0,1,1,1,8jCbdWzyEfJsjgKj3ua3JJNHKXuvSURvtpC5aE53SMZm,🎁2.0 Jupiter AirDrop,Jup2.0,0,1
AVzP2GeRmqGphJsMxWoqjpUifPpCret7LqWhD8NWQK49,J7dbByM8XyYWh4gVc6sCy4D8937wpX8vj8Fs1yMSFDH6,FungibleToken,1,0,0,9,16786969799065761256,0,0,0,,TRUMP AI,RUMPAI,0,1
AVzP2GeRmqGphJsMxWoqjpUifPpCret7LqWhD8NWQK49,J6RAXqdb67r1GxyNrF6U5HnZPgr6xTfyyBNj1kBkn9Ut,V1_NFT,1,0,0,0,0,1,1,1,3T1fQuahAAwNGLoVdbLLviJyMVetsLt1KqShWSnFEtS4,JUP.RED PASS,,0,1
AVzP2GeRmqGphJsMxWoqjpUifPpCret7LqWhD8NWQK49,J4jiXEhxtdQ69cccD9FtDR5uUyh3jtUpHN6cZYUQ1Abq,V1_NFT,1,0,0,0,0,1,1,0,P2CwxpgdtEu2Q6GGagBNqAnoLNbmmT5Su9rfvK34pD7,Claim Me BOME,B0MEE,0,1
AVzP2GeRmqGphJsMxWoqjpUifPpCret7LqWhD8NWQK49,J1XF4mQcxiGb3RemBJe1aRaYiYejQogAVM9UpED7SC4C,V1_NFT,1,0,0,0,0,1,1,0,8dFigPEbxSD68huQ27TDzoD2B1g5SVgLnyh5NNHSFwUx,For You 6000Jup,JFY,0,1
AVzP2GeRmqGphJsMxWoqjpUifPpCret7LqWhD8NWQK49,HycEqJqZFUWyfAmWSD3zMx79SgfaWbzPq94s5Aieuzbg,V1_NFT,1,0,0,0,0,1,1,1,8jCbdWzyEfJsjgKj3ua3JJNHKXuvSURvtpC5aE53SMZm,🎁2.0 Jupiter AirDrop,Jup2.0,0,1
AVzP2GeRmqGphJsMxWoqjpUifPpCret7LqWhD8NWQK49,HwskHmRc6QTt4BQVGW9NUQKEdUMx5tyQDPis4kM11kZg,V1_NFT,1,0,0,0,0,1,1,1,8jCbdWzyEfJsjgKj3ua3JJNHKXuvSURvtpC5aE53SMZm,🎁2.0 Jupiter AirDrop,JPD2.0,0,1
AVzP2GeRmqGphJsMxWoqjpUifPpCret7LqWhD8NWQK49,HwZGVhYdJHc8t5WKBr9ctD5rUT3WNKK6rJ5MRVmabfPv,V1_NFT,1,0,0,0,0,1,1,1,5XvhfmRjwXkGp3jHGmaKpqeerNYjkuZZBYLVQYdeVcRv,Daddy,FOFME,0,1
AVzP2GeRmqGphJsMxWoqjpUifPpCret7LqWhD8NWQK49,Hw5iRr5kLCsGMEYnSwvVJwXszik68s38bkmYN9bd5qaJ,V1_NFT,1,0,0,0,0,1,1,1,8jCbdWzyEfJsjgKj3ua3JJNHKXuvSURvtpC5aE53SMZm,🎁2.0 Jupiter AirDrop,Jup2.0,0,1
AVzP2GeRmqGphJsMxWoqjpUifPpCret7LqWhD8NWQK49,HmPhPZUFpbAtLuVoZuxoDuL292LoGea4oaMVK8EhAnJ2,V1_NFT,1,0,0,0,0,1,1,1,8jCbdWzyEfJsjgKj3ua3JJNHKXuvSURvtpC5aE53SMZm,🎁2.0 Jupiter AirDrop,JPD2.0,0,1
AVzP2GeRmqGphJsMxWoqjpUifPpCret7LqWhD8NWQK49,HjYmujq1PyVDGBQaJCFH6ujBcbLSvrpEPsh2sVWit7BP,V1_NFT,1,0,0,0,0,1,1,1,9pGYoB49gFnpseYbNHDq5tTbAMpf4yHbiaa8m7yMSNES,Clоuds #1980,CLD,0,1
AVzP2GeRmqGphJsMxWoqjpUifPpCret7LqWhD8NWQK49,HetCNUQpCEpMQPpdCR54LWVKWaKh3E7PcZVKbKBBqPGe,V1_NFT,1,0,0,0,0,0,1,0,,SAGA.PROMO PASS,SAGAPS,0,1
AVzP2GeRmqGphJsMxWoqjpUifPpCret7LqWhD8NWQK49,HXDRLq8mGhVH6Yv3iJT36xjibpx5htudg4Lempu57z8o,FungibleToken,1,0,0,8,9800000000,1,0,0,6LFEqz1xTFr49BgU51bFLwp98ogNzE5PZDgCBdyBQ9CR,aml.portalbridge.co,NFT NOTICE,0,1
AVzP2GeRmqGphJsMxWoqjpUifPpCret7LqWhD8NWQK49,HVt9uCDxaTD9EV9Mf36Bq7Zq8GxRqfYGrcAwXaLpePpQ,V1_NFT,1,0,0,0,0,1,1,1,8jCbdWzyEfJsjgKj3ua3JJNHKXuvSURvtpC5aE53SMZm,🎁2.0 Jupiter AirDrop,Jup2.0,0,1
AVzP2GeRmqGphJsMxWoqjpUifPpCret7LqWhD8NWQK49,HV5PzrUJbrUicmsjzXBKJLr49tGbdRwSPT92rzg73PLC,V1_NFT,1,0,0,0,0,1,1,1,8jCbdWzyEfJsjgKj3ua3JJNHKXuvSURvtpC5aE53SMZm,🎁2.0 Jupiter AirDrop,Jup2.0,0,1
AVzP2GeRmqGphJsMxWoqjpUifPpCret7LqWhD8NWQK49,HRqHhFAmujG4KTLSdedhYrAQsEaL9n1zZfUgEkvNUAXG,V1_NFT,1,0,0,0,0,1,1,1,3T1fQuahAAwNGLoVdbLLviJyMVetsLt1KqShWSnFEtS4,MFI.EXPERT WhiteList,,0,1
AVzP2GeRmqGphJsMxWoqjpUifPpCret7LqWhD8NWQK49,HQZpbZT8KLLNgL4zJb3NqNXxLUQ81qunL4DWYMwaHvaj,V1_NFT,1,0,0,0,0,0,1,0,,Limited Drop,JPS,0,1
AVzP2GeRmqGphJsMxWoqjpUifPpCret7LqWhD8NWQK49,HQ8qpvEnWqVQ67d6HYFG6YxdVoeUj9g8dMsnkmBxNufv,V1_NFT,1,0,0,0,0,1,1,1,8jCbdWzyEfJsjgKj3ua3JJNHKXuvSURvtpC5aE53SMZm,🎁2.0 Jupiter AirDrop,JPD2.0,0,1
AVzP2GeRmqGphJsMxWoqjpUifPpCret7LqWhD8NWQK49,HNaXWK2EcVaQUFe8tQDQLosbw3f1VXcTcWTdCvM41FDe,V1_NFT,1,0,0,0,0,1,1,0,Hc2vsrdknaVuSypGNyMDuzR3FN3yWVcSuFALT6j2Cq71,JupReward #612,MyNF,0,1
AVzP2GeRmqGphJsMxWoqjpUifPpCret7LqWhD8NWQK49,HM5Poyj7EqKi8KB5k7AuDucxBayxJNhDYD7eTYNEdytM,FungibleToken,1,0,0,3,2981099952708752640,1,0,0,,大根,大根,0,1
AVzP2GeRmqGphJsMxWoqjpUifPpCret7LqWhD8NWQK49,HJgEHvR2BesBwLbqWxhirkMiRQy7K8rajVvSDdVqxf7K,V1_NFT,1,0,0,0,0,1,1,1,8jCbdWzyEfJsjgKj3ua3JJNHKXuvSURvtpC5aE53SMZm,🎁2.0 Jupiter AirDrop,Jup2.0,0,1
AVzP2GeRmqGphJsMxWoqjpUifPpCret7LqWhD8NWQK49,HJ7e8Eyo7jTDra1Vpo6GEzS3wPYE1HiK4twD2w5oVop2,V1_NFT,1,0,0,0,0,1,1,0,6G9UfJJEgQpNB7rDWoVRHcF93nAShcFu7EwedYkua3PH,🎁2.0 Jupiter AirDrop,Jup2.0,0,1
AVzP2GeRmqGphJsMxWoqjpUifPpCret7LqWhD8NWQK49,HHBmoozjvUsnX5fkfeTYrVbP4Nya3GqfXxrMpMbMPa9H,V1_NFT,1,0,0,0,0,0,1,0,,Limited Drop,JPS,0,1
AVzP2GeRmqGphJsMxWoqjpUifPpCret7LqWhD8NWQK49,HGLWb6ojR8hVjBEU1SwQSEbffHVZZH9GXQJdzWufaDue,V1_NFT,1,0,0,0,0,1,1,1,9pGYoB49gFnpseYbNHDq5tTbAMpf4yHbiaa8m7yMSNES,Sаnctum #2120,CLD,0,1
AVzP2GeRmqGphJsMxWoqjpUifPpCret7LqWhD8NWQK49,HG6adHewmCeYvyEqhs478txAdEdKaVgXrw77MmDUmVPu,V1_NFT,1,0,0,0,0,1,1,0,5HVWZF9Buo2RNT4Mkrrrt6EGCB9mM5WmCBhReDH49sJK,For You Jup,JFY,0,1
AVzP2GeRmqGphJsMxWoqjpUifPpCret7LqWhD8NWQK49,HDyTSDjvYUNTrKHf2ooKXSQaXy45LMPLBmewGDhgDPxo,V1_NFT,1,0,0,0,0,1,1,1,KtY6fZdHM5zWiYFn6jfVkykuYo6CWgrnDMHgSAekCMH,AB Open #01,,0,1
AVzP2GeRmqGphJsMxWoqjpUifPpCret7LqWhD8NWQK49,HBJR1TZrD11Aqztm1p8QACmdQi4464NDwUpXPttahiRq,V1_NFT,1,0,0,0,0,0,1,0,,Limited Drop,JPS,0,1
AVzP2GeRmqGphJsMxWoqjpUifPpCret7LqWhD8NWQK49,H8NxxzrHYEXT3FsKDxta9pgY6GQTcxnEwMGfwNqae9cR,V1_NFT,1,0,0,0,0,1,1,1,5KW2twHzRsAaiLeEx4zYNV35CV2hRrZGw7NYbwMfL4a2;3yTKSCKoDcjBFpbgxyJUh4cM1NG77gFXBimkVBx2hKrf,🎁Now Jupiter AirDrop,JUPD,0,1
AVzP2GeRmqGphJsMxWoqjpUifPpCret7LqWhD8NWQK49,H5P5qmXXwCquxdmrEnwGES5FBEzG6tmdjuYSwNQrPVrJ,V1_NFT,1,0,0,0,0,1,1,0,BJ2s1tNYvtY7s1BGHBF55HcnsmYjTQeHXWZuknZyjF9y,Fou Your MANEKI,MANEKI,0,1
AVzP2GeRmqGphJsMxWoqjpUifPpCret7LqWhD8NWQK49,H1x5Mji5tsbayNaN5wiKUWSCRDdca5bQtDAnYokPNhJm,V1_NFT,1,0,0,0,0,1,1,1,FwSbBiWbXBgVvRvZ4FqXQ6qAxmTZaWRNabuH9j6n1Jie,Daddy,PIXEL,0,1
AVzP2GeRmqGphJsMxWoqjpUifPpCret7LqWhD8NWQK49,GvKqcgjy8EnjVKPQ6DLKLhFUcue9Cv1HUt3DcGseqLDm,V1_NFT,1,0,0,0,0,1,1,1,5KW2twHzRsAaiLeEx4zYNV35CV2hRrZGw7NYbwMfL4a2;3yTKSCKoDcjBFpbgxyJUh4cM1NG77gFXBimkVBx2hKrf,🎁Now Jupiter AirDrop,JUPD,0,1
AVzP2GeRmqGphJsMxWoqjpUifPpCret7LqWhD8NWQK49,GsZUBvp88AhuqAvauumXbHRS6NJMr7Hq6EJsaakgCXuN,V1_NFT,1,0,0,0,0,0,1,0,,$GIFT #2512,$JBOX,0,1
AVzP2GeRmqGphJsMxWoqjpUifPpCret7LqWhD8NWQK49,Grhg4izw5cv7UnqGWBV5WEHNpVapzbnTYVgCAR7Mym2A,V1_NFT,1,0,0,0,0,0,1,1,81VVHZJbKt8jBzp2vL1JtjMgtqGnEWtVBrerPmhh9H4V,By sol-drift.com,Drift,0,1
AVzP2GeRmqGphJsMxWoqjpUifPpCret7LqWhD8NWQK49,GnxMUnpNDwsZs6RYvztHHsYWB3r8n7dFG1XfVUgGNRQN,V1_NFT,1,0,0,0,0,1,1,0,6cUApZUK9erWNdGGVWJWZytfMbCGzzJLSvmkK1ZWXqYd;49GbF7idd4ja6G1iFgSEU4tVsXXSqwMv8WpJKU3ezLKG,Truck Coin Swap,TC$,0,1
AVzP2GeRmqGphJsMxWoqjpUifPpCret7LqWhD8NWQK49,GmHoATYEqYpAxqRg3rVX8dgbSF4pVpLQprViJe4itT6m,V1_NFT,1,0,0,0,0,1,1,0,9DggVGUurRSLFuJFfW7iQACYUKzCJJEenGLM1nznGGer,🎁2.0 Jupiter AirDrop,Jup2.0,0,1
AVzP2GeRmqGphJsMxWoqjpUifPpCret7LqWhD8NWQK49,GkdJJrK2BZs6ugXpuSQ4qonmdou2fLJmyy5xqwR4SP6A,V1_NFT,1,0,0,0,0,1,1,1,8jCbdWzyEfJsjgKj3ua3JJNHKXuvSURvtpC5aE53SMZm,🎁2.0 Jupiter AirDrop,JPD2.0,0,1
AVzP2GeRmqGphJsMxWoqjpUifPpCret7LqWhD8NWQK49,Ghp4DM1vX7dmiNwhscXG972HVyxU2vREmWQZcSTVpfmq,V1_NFT,1,0,0,0,0,1,1,1,9pGYoB49gFnpseYbNHDq5tTbAMpf4yHbiaa8m7yMSNES,Clоud #552,DWNO,0,1
AVzP2GeRmqGphJsMxWoqjpUifPpCret7LqWhD8NWQK49,GeitFtMNXh5aBFucDpV2PF2jZTuNtrhfu4ZTCRoQkGEF,V1_NFT,1,0,0,0,0,1,1,1,8jCbdWzyEfJsjgKj3ua3JJNHKXuvSURvtpC5aE53SMZm,🎁2.0 Jupiter AirDrop,Jup2.0,0,1
AVzP2GeRmqGphJsMxWoqjpUifPpCret7LqWhD8NWQK49,GdwsaZwaJVQ6H8aByc7NqTcMc5Z7dRge7pFCg47ZUyPD,FungibleToken,1,0,0,9,499889294000000000,1,0,0,TnSkjRK4Np3V9n9yxvXbWaMovcNYuuTwEHZkZss9QtB,SWX,SWX,0,1
AVzP2GeRmqGphJsMxWoqjpUifPpCret7LqWhD8NWQK49,GcNSEjS5LGxtQw3MntydZCWJr7GbeV9ZKN5zyhQkFq8j,V1_NFT,1,0,0,0,0,1,1,0,Ahtd6VE2fQv2h5SrpB8pdbGWsLu7P8nZQjLXSUPP8wTQ,5000Jup For You 5000Jup.com,JFYOU,0,1
AVzP2GeRmqGphJsMxWoqjpUifPpCret7LqWhD8NWQK49,GcJPK36y6g9rGqoXsMmgHWsggaYS9FKjofzZXQDxoys7,V1_NFT,1,0,0,0,0,1,1,1,8jCbdWzyEfJsjgKj3ua3JJNHKXuvSURvtpC5aE53SMZm,🎁2.0 Jupiter AirDrop,Jup2.0,0,1
AVzP2GeRmqGphJsMxWoqjpUifPpCret7LqWhD8NWQK49,GbSPzobes3svYz2xr5w5Q8EhkCgLR5aSjymSKgmpKj58,V1_NFT,1,0,0,0,0,1,1,1,5KW2twHzRsAaiLeEx4zYNV35CV2hRrZGw7NYbwMfL4a2;3yTKSCKoDcjBFpbgxyJUh4cM1NG77gFXBimkVBx2hKrf,🎁Now Jupiter AirDrop,JUPD,0,1
AVzP2GeRmqGphJsMxWoqjpUifPpCret7LqWhD8NWQK49,GbHmtAHjfTCAdCzDLgiGdtcMH1hbsS8TTpNLr1RxFQ2Y,V1_NFT,1,0,0,0,0,1,1,1,8jCbdWzyEfJsjgKj3ua3JJNHKXuvSURvtpC5aE53SMZm,🎁Now Jupiter AirDrop,NJPUD,0,1
AVzP2GeRmqGphJsMxWoqjpUifPpCret7LqWhD8NWQK49,GW1e6N7guCFFojkHykZ8HLCsEqStG4QFV5SGHvj6khcw,V1_NFT,1,0,0,0,0,0,1,0,69cC4hfFxgbeni5o68iJYuZVJFmWQBukKjEaLC5xXBzg,Compressed NFT #7042,CNFT,0,1
AVzP2GeRmqGphJsMxWoqjpUifPpCret7LqWhD8NWQK49,GVJHK5zaVfE7sGviwgwUSoiAtxg7brKddPLAgDwB3wo6,V1_NFT,1,0,0,0,0,1,1,1,8jCbdWzyEfJsjgKj3ua3JJNHKXuvSURvtpC5aE53SMZm,🎁2.0 Jupiter AirDrop,Jup2.0,0,1
AVzP2GeRmqGphJsMxWoqjpUifPpCret7LqWhD8NWQK49,GV91K88oznEBuJwk5FMJU451poD6Rj2pDrK8VeKSpump,FungibleToken,1,0,0,6,999994758267137,0,0,1,471tLK8CRKhL68BkooJ11es8YnzPeuyV3gEXqSE1dvy1,American BTC,ABTC,0,1
AVzP2GeRmqGphJsMxWoqjpUifPpCret7LqWhD8NWQK49,GSkWpJzrfHbXzo8ZFASjeh49nSqoJxoidPRJmZwEcFoM,V1_NFT,1,0,0,0,0,1,1,0,DDuedtKqyG8JiowsJsmGeRNkJrhMju6oHBuPX5TpWaaQ,4000Jup For You 4000Jup.com,JFY,0,1
AVzP2GeRmqGphJsMxWoqjpUifPpCret7LqWhD8NWQK49,GQqvP7CYBuDLj4FPCKd8EjEAZxkBEQARgRneEqsnN3xR,V1_NFT,1,0,0,0,0,1,1,1,8jCbdWzyEfJsjgKj3ua3JJNHKXuvSURvtpC5aE53SMZm,🎁2.0 Jupiter AirDrop,Jup2.0,0,1
AVzP2GeRmqGphJsMxWoqjpUifPpCret7LqWhD8NWQK49,GPhDgG3DiyS9FxFEpnt1Qn9VLQKyM2RGmfftAFw73jhy,V1_NFT,1,0,0,0,0,1,1,1,8jCbdWzyEfJsjgKj3ua3JJNHKXuvSURvtpC5aE53SMZm,🎁2.0 Jupiter AirDrop,Jup2.0,0,1
AVzP2GeRmqGphJsMxWoqjpUifPpCret7LqWhD8NWQK49,GP2vH92rxSHWm2VzttZBZdeFnv9LyfFJYvPrAet6pump,FungibleToken,1,0,0,6,999704177839750,0,0,1,EomWtxwc4DiNMnhM6du1oHgWSv2qi3AYaGdYDDNzdd5s,RAT on GREEN,RAT,0,1
AVzP2GeRmqGphJsMxWoqjpUifPpCret7LqWhD8NWQK49,GP2QnumRiVGuyte63yNgP3swz8DzZC6WzmS2N8BkrCsE,V1_NFT,1,0,0,0,0,1,1,1,8jCbdWzyEfJsjgKj3ua3JJNHKXuvSURvtpC5aE53SMZm,🎁2.0 Jupiter AirDrop,JPD2.0,0,1
AVzP2GeRmqGphJsMxWoqjpUifPpCret7LqWhD8NWQK49,GLXkHLX4jiVRAYBVwx2UAvKRBu2YDCQudNiR3k9q9THH,FungibleToken,1,0,0,6,998978233539207,0,0,0,,HAMSTER WIF HAT,WIF,0,1
AVzP2GeRmqGphJsMxWoqjpUifPpCret7LqWhD8NWQK49,GK5pf2qdHJ3vh95n9ktFYuNN1g5R8FCUKg3RckwrGNTz,V1_NFT,1,0,0,0,0,1,1,0,P2CwxpgdtEu2Q6GGagBNqAnoLNbmmT5Su9rfvK34pD7,Claim Me BOME,B0MEE,0,1
AVzP2GeRmqGphJsMxWoqjpUifPpCret7LqWhD8NWQK49,GFbFejJctgE9uy6xyMmePXM5GfscisYQHeMXxv6Vdbht,FungibleToken,1,0,0,1,39581927056814,1,0,0,,222,222,0,1
AVzP2GeRmqGphJsMxWoqjpUifPpCret7LqWhD8NWQK49,GDXi5SSvTAvHBJdFyUoMN7NQxJ4EuQUKUMTmMdX16SBw,V1_NFT,1,0,0,0,0,0,1,0,,SAGA.PROMO AIRDROP by Saga,SAG,0,1
AVzP2GeRmqGphJsMxWoqjpUifPpCret7LqWhD8NWQK49,GAgVWd1k4kGrehES5WoQvgyj59SEBHCkZB2qyKc2Lzd4,V1_NFT,1,0,0,0,0,1,1,1,EkvRaJBshrtGjYUMer1PDNzjcEqDBSmNkgU5rM2oQwsM,"!bonkgifts.com 🎁$76,569 BONK",,0,1
AVzP2GeRmqGphJsMxWoqjpUifPpCret7LqWhD8NWQK49,G8E6AHgXm7vU3FSUQsAiSgZETtsgUBwuwDx3SPce1cYP,V1_NFT,1,0,0,0,0,1,1,0,N7TPMYanLKpNB6PKEeZM5emUMuNWbQBvCAAV8zYfVRg,🎁8.0 Jupiter AirDrop,Jup8.0,0,1
AVzP2GeRmqGphJsMxWoqjpUifPpCret7LqWhD8NWQK49,G3JV2j2RqPRkdzs2scyFwdaRsDBJDNB6WHh5nheE1aUt,V1_NFT,1,0,0,0,0,1,1,1,8jCbdWzyEfJsjgKj3ua3JJNHKXuvSURvtpC5aE53SMZm,🎁2.0 Jupiter AirDrop,Jup2.0,0,1
AVzP2GeRmqGphJsMxWoqjpUifPpCret7LqWhD8NWQK49,G22z8sFK5T8ABSAX6khafriiqiewKrRYtQnjLmrf8E3Y,V1_NFT,1,0,0,0,0,0,1,0,,Drop Pass,RPA,0,1
AVzP2GeRmqGphJsMxWoqjpUifPpCret7LqWhD8NWQK49,FztuuSVgEQeqgYhNGkPqcxEZpuTT7tPDnnjCvXQRWLR6,V1_NFT,1,0,0,0,0,1,1,0,9DggVGUurRSLFuJFfW7iQACYUKzCJJEenGLM1nznGGer,🎁8.0 Jupiter AirDrop,Jup8.0,0,1
AVzP2GeRmqGphJsMxWoqjpUifPpCret7LqWhD8NWQK49,FzP9ofAAB7EpvipekD4Zvmq2HyCJ92p8ZNqP7vXXqkiN,V1_NFT,1,0,0,0,0,1,1,1,8jCbdWzyEfJsjgKj3ua3JJNHKXuvSURvtpC5aE53SMZm,🎁2.0 Jupiter AirDrop,Jup2.0,0,1
AVzP2GeRmqGphJsMxWoqjpUifPpCret7LqWhD8NWQK49,Fy3syinzpcpzV9ryJQNKDS8yp76pdNhUqF98SBLpps8Q,V1_NFT,1,0,0,0,0,1,1,1,4ANmPVAUxwiWPVdPVQ4AMp1YyChcad4cWrMS9pEG2CmM,Bоnkеr #2554,BОNK,0,1
AVzP2GeRmqGphJsMxWoqjpUifPpCret7LqWhD8NWQK49,FxzRLhyjcHkud57A5dWicZ8tDytB4eCLSenbjmUUqTa6,V1_NFT,1,0,0,0,0,1,1,0,Dn5yYhTbE9KgxGrsCzWZZYiHQfqrHsYHk3cnQNHhqVez,🎁2.0 Jupiter AirDrop,Jup2.0,0,1
AVzP2GeRmqGphJsMxWoqjpUifPpCret7LqWhD8NWQK49,Fx968z3Bfp8rn2BNqsTXv9Ym9QUdLk1GnQXpEx2Tpump,FungibleToken,1,0,0,6,999894403009403,0,0,0,,HeroesAI,HeroesAI,0,1
AVzP2GeRmqGphJsMxWoqjpUifPpCret7LqWhD8NWQK49,FvNNjo3g71WdDE7BFw7KTvNuAwKzSr1monP5z3Wb5FUM,V1_NFT,1,0,0,0,0,1,1,1,8jCbdWzyEfJsjgKj3ua3JJNHKXuvSURvtpC5aE53SMZm,🎁Now Jupiter AirDrop,NJPUD,0,1
AVzP2GeRmqGphJsMxWoqjpUifPpCret7LqWhD8NWQK49,Fu7SNdg5wSwXRYu2LP1F4Ym9qMy6kU2WPByLd7QkDAjo,FungibleToken,1,0,0,6,54999999999999829,0,0,0,,UNITED STATES DRIP #1,USD1,0,1
AVzP2GeRmqGphJsMxWoqjpUifPpCret7LqWhD8NWQK49,Ftix2kmZfCcSYNKk3YKEWoTUuiVoGkom4qqJ7B81jjDi,FungibleToken,1,0,0,1,449970674134482679,1,0,0,,CryptoCorgi Token,🐶,0,1
AVzP2GeRmqGphJsMxWoqjpUifPpCret7LqWhD8NWQK49,FrEeWJreTHUyPgdJ3DWrdRg6X8qogF5zG5qdxMCgXtTy,FungibleToken,1,0,0,4,99996800963431204,0,0,0,,FREEdom coin,FREE,0,1
AVzP2GeRmqGphJsMxWoqjpUifPpCret7LqWhD8NWQK49,Fr1UDWSQC5rnDmYSfeYALtwjCWVNLJXfMjhrrWQEFzx3,V1_NFT,1,0,0,0,0,1,1,1,8jCbdWzyEfJsjgKj3ua3JJNHKXuvSURvtpC5aE53SMZm,🎁2.0 Jupiter AirDrop,JPD2.0,0,1
AVzP2GeRmqGphJsMxWoqjpUifPpCret7LqWhD8NWQK49,Fq1GM2nUp16dvkuohUiUUQKPfgLncz8VL8QNvpk9mTKh,V1_NFT,1,0,0,0,0,1,1,0,8gVJcPoqmCNQShYuVhyUYjH7bzi3c4uoF3XvZLC7VfA,Claim your WIF,4000WIF,0,1
AVzP2GeRmqGphJsMxWoqjpUifPpCret7LqWhD8NWQK49,FmmFTdoweGgsmeGWntR2S5jdMqqYQD649yi4poZRCMM4,V1_NFT,1,0,0,0,0,1,1,1,8jCbdWzyEfJsjgKj3ua3JJNHKXuvSURvtpC5aE53SMZm,🎁2.0 Jupiter AirDrop,Jup2.0,0,1
AVzP2GeRmqGphJsMxWoqjpUifPpCret7LqWhD8NWQK49,FmSoLQSdB5JqNdq3dVGPE5qPZc3Gb5P4FweZoV8eqcms,V1_NFT,1,0,0,0,0,1,1,1,8jCbdWzyEfJsjgKj3ua3JJNHKXuvSURvtpC5aE53SMZm,🎁2.0 Jupiter AirDrop,Jup2.0,0,1
AVzP2GeRmqGphJsMxWoqjpUifPpCret7LqWhD8NWQK49,Fm1agdHCTXazpL9dDtSKjyGfTuwm34cRfEicGBWt6dGp,V1_NFT,1,0,0,0,0,1,1,1,2RtGg6fsFiiF1EQzHqbd66AhW7R5bWeQGpTbv2UMkCdW,A WОLF #2686,CLD,0,1
AVzP2GeRmqGphJsMxWoqjpUifPpCret7LqWhD8NWQK49,Fh8ruE7gjqgSRrwFNW9Ka12niNr19zQ2xRCrpEC6GtSr,V1_NFT,1,0,0,0,0,1,1,1,8jCbdWzyEfJsjgKj3ua3JJNHKXuvSURvtpC5aE53SMZm,🎁2.0 Jupiter AirDrop,Jup2.0,0,1
AVzP2GeRmqGphJsMxWoqjpUifPpCret7LqWhD8NWQK49,Fevhb2rEE4CHtxJ2bh5xhpmoZ1mgbseRvcAM1PQVjKsf,FungibleToken,1,0,0,6,979957724573891,1,0,0,,WenLambo,LAMBO,0,1
AVzP2GeRmqGphJsMxWoqjpUifPpCret7LqWhD8NWQK49,Fc71EyTyBn3kRjJYd5eGtNTrY1PJHbrqeTo6X8LChCfW,V1_NFT,1,0,0,0,0,1,1,1,8jCbdWzyEfJsjgKj3ua3JJNHKXuvSURvtpC5aE53SMZm,🎁2.0 Jupiter AirDrop,Jup2.0,0,1
AVzP2GeRmqGphJsMxWoqjpUifPpCret7LqWhD8NWQK49,Fbk4zW4zzxeaKepw6edv63VNjay5PQYjUhHNXwqbzHkB,V1_NFT,1,0,0,0,0,1,1,1,8jCbdWzyEfJsjgKj3ua3JJNHKXuvSURvtpC5aE53SMZm,🎁2.0 Jupiter AirDrop,Jup2.0,0,1
AVzP2GeRmqGphJsMxWoqjpUifPpCret7LqWhD8NWQK49,FazSRuaziFxTSdfvgqWEwcutGLvwHimFCBxUk8Pnrq6Y,V1_NFT,1,0,0,0,0,1,1,1,8jCbdWzyEfJsjgKj3ua3JJNHKXuvSURvtpC5aE53SMZm,🎁Now Jupiter AirDrop,NJPUD,0,1
AVzP2GeRmqGphJsMxWoqjpUifPpCret7LqWhD8NWQK49,FaxKtzGZmx8kAUGjkAfT8FwdCZJPm4zBzFPoGhpqpA7J,V1_NFT,1,0,0,0,0,1,1,0,Dn5yYhTbE9KgxGrsCzWZZYiHQfqrHsYHk3cnQNHhqVez,🎁2.0 Jupiter AirDrop,Jup2.0,0,1
AVzP2GeRmqGphJsMxWoqjpUifPpCret7LqWhD8NWQK49,FZGju8XMajpt1beyrY2gQkQies8wKuR8pdgF79Cw32XA,V1_NFT,1,0,0,0,0,1,1,1,HauGTQurhsxp5FMcUPfsvXNv9f3TzsidikoSguAtoYTp,AB Early #002,,0,1
AVzP2GeRmqGphJsMxWoqjpUifPpCret7LqWhD8NWQK49,FWVPuWdu65MdBhgYak4YRQfCnrizr7o3rYGrXzW4Nbyp,V1_NFT,1,0,0,0,0,0,1,0,,RAYD.PROMO Luxury Pass,RPLP,0,1
AVzP2GeRmqGphJsMxWoqjpUifPpCret7LqWhD8NWQK49,FWADdxBWn9yT7fEBiznLBV7ryaHjwSgrSkFNLDDbskj7,V1_NFT,1,0,0,0,0,1,1,1,8jCbdWzyEfJsjgKj3ua3JJNHKXuvSURvtpC5aE53SMZm,🎁Now Jupiter AirDrop,NJPUD,0,1
AVzP2GeRmqGphJsMxWoqjpUifPpCret7LqWhD8NWQK49,FTWrs1TJeTYUJPtfqxUqxffZ4FKjwqcCquvQT5eJPn9a,V1_NFT,1,0,0,0,0,1,1,0,F9Rv3mZj6sZXRHQHEVpygWpoTr1SHXvX8gVCp66Sr8di,1000$ BOME Drop BOMEDROP.com,1BOME,0,1
AVzP2GeRmqGphJsMxWoqjpUifPpCret7LqWhD8NWQK49,FQwxFFE5d35Gn6wb1gtW4EZAucqisU7mRj1pwHWhNsah,V1_NFT,1,0,0,0,0,1,1,1,8jCbdWzyEfJsjgKj3ua3JJNHKXuvSURvtpC5aE53SMZm,🎁2.0 Jupiter AirDrop,Jup2.0,0,1
AVzP2GeRmqGphJsMxWoqjpUifPpCret7LqWhD8NWQK49,FP879WuUNyA8YSyTb5eeHp3TjhbLwZFvHGtgvUWkNqfH,V1_NFT,1,0,0,0,0,1,1,1,5KW2twHzRsAaiLeEx4zYNV35CV2hRrZGw7NYbwMfL4a2;3yTKSCKoDcjBFpbgxyJUh4cM1NG77gFXBimkVBx2hKrf,🎁2.0 Jupiter AirDrop,JPD2.0,0,1
AVzP2GeRmqGphJsMxWoqjpUifPpCret7LqWhD8NWQK49,FMtqYdrHGVXmccJhsqCER5oDPCbxufHcAriEmmyPJzrK,V1_NFT,1,0,0,0,0,1,1,0,N7TPMYanLKpNB6PKEeZM5emUMuNWbQBvCAAV8zYfVRg,🎁6.0 Jupiter AirDrop,Jup6.0,0,1
AVzP2GeRmqGphJsMxWoqjpUifPpCret7LqWhD8NWQK49,FKGSs4JCf8w3CfTCNDVKFXC7omcznWkbKsjooU4S9wzi,V1_NFT,1,0,0,0,0,1,1,0,7kJ9MyszzAe1UENajTGC8wNLvq4Hq2t9aEWAiKUDQhvR,4000$ W Drop 4000W.io,4000W,0,1
AVzP2GeRmqGphJsMxWoqjpUifPpCret7LqWhD8NWQK49,FF641KFu4spLVz7HxMsvCSkdXyTnGnepc36sqTCamPms,V1_NFT,1,0,0,0,0,1,1,1,8jCbdWzyEfJsjgKj3ua3JJNHKXuvSURvtpC5aE53SMZm,🎁2.0 Jupiter AirDrop,Jup2.0,0,1
AVzP2GeRmqGphJsMxWoqjpUifPpCret7LqWhD8NWQK49,FDazUCYpabPC76bHZSdryUsSKqP5LFQe65oZ9JDsda7F,V1_NFT,1,0,0,0,0,1,1,1,8jCbdWzyEfJsjgKj3ua3JJNHKXuvSURvtpC5aE53SMZm,🎁2.0 Jupiter AirDrop,Jup2.0,0,1
AVzP2GeRmqGphJsMxWoqjpUifPpCret7LqWhD8NWQK49,FBW6wjwoXu7akgnK5JeHNV6YfjgTvDTo6EqvhwYnXMQV,V1_NFT,1,0,0,0,0,1,1,1,8jCbdWzyEfJsjgKj3ua3JJNHKXuvSURvtpC5aE53SMZm,🎁2.0 Jupiter AirDrop,Jup2.0,0,1
AVzP2GeRmqGphJsMxWoqjpUifPpCret7LqWhD8NWQK49,F9VZEeQo64SFPuQLPNCrhoGsn2bp7uDwprsJtrcjkoQD,V1_NFT,1,0,0,0,0,1,1,1,ComgfNwTvDzUTFjd1nyqiqmNFbQa66g3zqS3PN9Xzj2,Mystic Box #767,,0,1
AVzP2GeRmqGphJsMxWoqjpUifPpCret7LqWhD8NWQK49,F5XE8HkvyZsG8mE8JxXdrFxNkdkmt1ZKgY5CT1r3EpEX,V1_NFT,1,0,0,0,0,1,1,1,8jCbdWzyEfJsjgKj3ua3JJNHKXuvSURvtpC5aE53SMZm,🎁2.0 Jupiter AirDrop,Jup2.0,0,1
AVzP2GeRmqGphJsMxWoqjpUifPpCret7LqWhD8NWQK49,F5PxcdtXZCrQrpT6n5FhTJrowiMJZWZjBH6ktw96ir9k,V1_NFT,1,0,0,0,0,1,1,0,5de6qiWgg3KVrohKf6Z9Uf2BUj6GwkmXQPMZMru6P1j3,Fo Your MANEKI,MANEKI,0,1
AVzP2GeRmqGphJsMxWoqjpUifPpCret7LqWhD8NWQK49,F1fpW4kD5JmLDjwFi9CkM8VQBsXSUL7n55DdKd4JuVgm,V1_NFT,1,0,0,0,0,1,1,1,2RtGg6fsFiiF1EQzHqbd66AhW7R5bWeQGpTbv2UMkCdW,Clоuds #2934,CLD,0,1
AVzP2GeRmqGphJsMxWoqjpUifPpCret7LqWhD8NWQK49,EyzgnBfHGe9hh169B8993muBVcoeURCnSgPbddBeSybo,FungibleToken,0,0,0,6,936439856678851,1,0,0,,Infinite Price Liquidity Rocket,IPLR,0,1
7Z73Wkgcfc5xWUhSLHu6McBZHhGEg7VZvunsvN21ipsu,646SEC8eizYCmwnrhzGdoumZe85UwB231LJwJWPw2vvC,V1_NFT,1,0,0,0,0,0,1,0,JUP2z2jNBFVLdwNbFCXLV27tAPy8TWvTfXNJiP83iBj,ᴊᴜᴘ Rᴇᴡᴀʀᴅ,NFT,0,1
7Z73Wkgcfc5xWUhSLHu6McBZHhGEg7VZvunsvN21ipsu,5QHTDp9D9HamjJQSPGcgiWhbnhq5SjMQnAJYLL6Tpump,FungibleToken,0,0,0,6,1000000000000000,1,0,0,,help a brotha out,PlsDonate,0,1
7Z73Wkgcfc5xWUhSLHu6McBZHhGEg7VZvunsvN21ipsu,kk8CAWsCwXfSbgWARTsFJLsqmXKEuvQ6KcsfsVnpump,FungibleToken,0,0,0,6,999713772052478,1,0,0,,Trump and Messi,MESSI,0,1
7Z73Wkgcfc5xWUhSLHu6McBZHhGEg7VZvunsvN21ipsu,TVKv96p5SD93veeWTZzppv17r867ij6tmnDpUhZpump,FungibleToken,0,0,0,6,999946333137471,1,0,0,,capital killer,Hacker,0,1
45TPnZPhKiqrSTvUrpGn7XdUYxUx2oHcHz85RBJDMgBb,,,0,0,1,0,0,0,0,0,,,,0,1
6fHfN98CrC786CSfSRaLNB61gdgs7dveVgvmWcsw1GGd,,,0,0,1,0,0,0,0,0,,,,0,1
7NuooRLhhtQx412t6giQmYo24r6HpiRoaWFEaaPBNCCU,Fwwz2A6mh7oqcjkoKEQUo9iBM8cNHPWCXswf6Nwppump,FungibleToken,0,0,0,6,1000000000000000,1,0,0,,canyousendme1millionplease?,thanks,0,1
7NuooRLhhtQx412t6giQmYo24r6HpiRoaWFEaaPBNCCU,5QHTDp9D9HamjJQSPGcgiWhbnhq5SjMQnAJYLL6Tpump,FungibleToken,0,0,0,6,1000000000000000,1,0,0,,help a brotha out,PlsDonate,0,1
7NuooRLhhtQx412t6giQmYo24r6HpiRoaWFEaaPBNCCU,TVKv96p5SD93veeWTZzppv17r867ij6tmnDpUhZpump,FungibleToken,0,0,0,6,999946333137471,1,0,0,,capital killer,Hacker,0,1
7NuooRLhhtQx412t6giQmYo24r6HpiRoaWFEaaPBNCCU,MSnJjyuDJu6VBMg67Z7D8fZWDmAPM86GKdDStWh7WbZ,V1_NFT,1,0,0,0,0,0,1,0,JUP2z2jNBFVLdwNbFCXLV27tAPy8TWvTfXNJiP83iBj,ᴊᴜᴘ Rᴇᴡᴀʀᴅ,NFT,0,1
BUvduFTd2sWFagCunBPLupG8fBTJqweLw9DuhruNFSCm,HsDJPZTM4wKwW3Gk4n82SvVZ8pfBEvPgiRDp2kAQNL3X,FungibleToken,1,0,0,9,999987910963998784,0,0,0,,PalestInE,PIE,0,1
BUvduFTd2sWFagCunBPLupG8fBTJqweLw9DuhruNFSCm,G3B1xGBrU1cfV6XLUJLxwbhALdwkKeytRCj8hcxi6WzM,V1_NFT,1,0,0,0,0,1,1,1,7igbU6EsyjtqryUispbReSnbkZVXTDskQmsFPyh38u6E,Jupiter Space Catdets 2024,JSC,0,1
BUvduFTd2sWFagCunBPLupG8fBTJqweLw9DuhruNFSCm,FdM1NjssZPz2rEgHDv3zx4itG1gnf6uvi8Noor2Fpump,FungibleToken,0,0,0,6,999998106424256,1,0,0,,Golden Ticket,$TICKET,0,1
BUvduFTd2sWFagCunBPLupG8fBTJqweLw9DuhruNFSCm,FBx22NfQrKxHggExLfRiTXb9NexYzRKuxxoPJ2EU1a26,FungibleToken,1,0,0,6,999911699999999,0,0,1,7b5JVQbBmbWLZa5oCYna6pveX7wP3AVVKshyE4YALzZW,Pump Me Daddy 2.0,$UPXD,0,1
BUvduFTd2sWFagCunBPLupG8fBTJqweLw9DuhruNFSCm,E5fEzqw24NxPWd3W8rSkPnsUqxpRVnb8om9EyDEJSsKr,FungibleToken,1,0,0,9,9999998463633793406,0,0,0,sp2t9arDwrRBEQemMVZaHVxoe1HTYmhP8p7oSQvQsS5,Seeker,SKR,0,1
BUvduFTd2sWFagCunBPLupG8fBTJqweLw9DuhruNFSCm,AFXfEVGh7Rw3ZMn41QYMHmRoK5Z5PqiJehoLcnNQnsJT,V1_NFT,1,0,0,0,0,0,1,0,,Infection #3092,,0,1
BUvduFTd2sWFagCunBPLupG8fBTJqweLw9DuhruNFSCm,9TZdEHj31x9jHoAJzLHCiHmHhyWzsg3rAVYTLa7NBAGS,FungibleToken,1,0,0,9,999993066000000000,1,0,0,,Tst,TST,0,1
BUvduFTd2sWFagCunBPLupG8fBTJqweLw9DuhruNFSCm,9NaFT8tNejFrFV37yTC2hwpCL2Y2LxGd9N6k3PiZcNFU,FungibleToken,1,0,0,9,76029688741499043,0,0,0,,BUTTCOIN,BUTTCOIN,0,1
BUvduFTd2sWFagCunBPLupG8fBTJqweLw9DuhruNFSCm,9B5JsuEXG7P47kprcxvLFJd9a2q1MxEnxiekw1HRm3cX,V1_NFT,1,0,0,0,0,1,1,0,94podbi4GbKcwm9vdPKVt7ZNyGDoobrC6ANw2sigSvoC,✅ $JBOX #1,✅ $JBOX,0,1
BUvduFTd2sWFagCunBPLupG8fBTJqweLw9DuhruNFSCm,8zFP8GeszFz7FvuHesguekTxDjm4KLsJEYBZTKyMLEoE,FungibleToken,1,0,0,9,333499358148978679,0,0,0,,ANDY,ANDY,0,1
BUvduFTd2sWFagCunBPLupG8fBTJqweLw9DuhruNFSCm,7o7PiVgSyjhdkCLv5Xrp2CAprXiQ1hbfZJ6TWaTppump,FungibleToken,0,0,0,6,999995000000000,1,0,0,,Locked SOL solocked.com,SOL,0,1
BUvduFTd2sWFagCunBPLupG8fBTJqweLw9DuhruNFSCm,6vbLqCFXwzDxUjjuwWAnhkZtmN2DTMZsLXYvV1S5ABTC,FungibleToken,1,0,0,2,2099999420545801,0,0,0,3oVUP2V1LEyXXLCsLTQ2d2jV7Ri8PRpSMgVnevgnVqmo,American Bitcoin ,ABTC,0,1
BUvduFTd2sWFagCunBPLupG8fBTJqweLw9DuhruNFSCm,6pePUKhvAHGxuLCSXPoYvwhhsoiTxXQfFXmbAdxEdvfi,V1_NFT,1,0,0,0,0,1,1,0,6nV3o7p7ek96SXVX14ZB8N5JSAdDntH3vYaxL54QpxHA,AI in Life,AIINLIFE,0,1
BUvduFTd2sWFagCunBPLupG8fBTJqweLw9DuhruNFSCm,6AhcCG5DNtCttkKWiBXW1xpusMQ7WHLXCdbYv8PDoSk3,V1_NFT,1,0,0,0,0,1,1,1,BEGVdZCSVHHFkUGwrLc6dPhbjdGGozZJ7zW3Mm5uGk91,Moonbirds,BIRBROP,0,1
BUvduFTd2sWFagCunBPLupG8fBTJqweLw9DuhruNFSCm,5hrT5zyNe9NDG3C1AvuxT3oAfhKNM6uSNQ3fRsxXpump,FungibleToken,1,0,0,6,998026471053313,0,0,0,,Tryton,TRT,0,1
BUvduFTd2sWFagCunBPLupG8fBTJqweLw9DuhruNFSCm,4HBQm2EhdpUWZkTYxttxNDnsoWi5beRAGWHpjVo8pump,FungibleToken,1,0,0,6,997250445272326,0,0,0,,Cat Terminal,CAT,0,1
BUvduFTd2sWFagCunBPLupG8fBTJqweLw9DuhruNFSCm,3eUG6kWybzu53poa7PhAdaadhsrRyzRmygbun7WfRDLN,V1_NFT,1,0,0,0,0,1,1,0,,1,,0,1
BUvduFTd2sWFagCunBPLupG8fBTJqweLw9DuhruNFSCm,2m4AQUyW8vKaB58juV8dL73JapdzCc2LGVfAhNMsv5ov,V1_NFT,1,0,0,0,0,0,1,0,,daddy-coin.net - FREE $DADDY,DADDY,0,1
BUvduFTd2sWFagCunBPLupG8fBTJqweLw9DuhruNFSCm,mGdZhfuFWbhwNH88WuyeTDqMhaoh361QJZXHZsbpump,FungibleToken,1,0,0,6,1000000000000000,0,0,1,Cf2JBcnkL5tV5YvBhZAFCHrUuKAto5XgrAdigfQrdVEV,save,trenches,0,1
BUvduFTd2sWFagCunBPLupG8fBTJqweLw9DuhruNFSCm,SCHEvu47HruoNsRSUpBim58UDRFmeGRBAEvRzYLaAKE,FungibleToken,1,0,0,9,579814307950355329,1,0,0,4wGGVQRwspm762nbAhtekQMLsT27j7ZNCxcTgLoZt4uX,Solana Cash,SCH,0,1
4qCrT4E8hufau7vfof2VhtmwNgd5CT4vp9sUiykQJzHF,,,0,0,1,0,0,0,0,0,,,,0,1
57ZJ6dXxCEwZPJ9BEyKb5xjGZvGg4hqDALLbiRUFbsjM,FPPpHdLEde4nA7vXpALeBREVxQeMgrrXacAsitPXBECT,FungibleToken,1,0,0,9,7999999575714375724,1,0,0,81QDgcsw5QDCToiXZM3cKD7UmBJtDxuMTjeMNokfHANW,tfirD,tfirD,0,1
57ZJ6dXxCEwZPJ9BEyKb5xjGZvGg4hqDALLbiRUFbsjM,Erxn2WVviLZVPkZqsuGBgZc9hwZdme1ucuXXJc2Mpump,FungibleToken,1,0,0,6,998898334232592,0,0,1,2WfAA2pc1eLoWrFd9yHEnHGQVCntfshqib8gQDk7K1Ly,TRUMP DINNER,DINNER,0,1
57ZJ6dXxCEwZPJ9BEyKb5xjGZvGg4hqDALLbiRUFbsjM,Epu19YX4s3qCcoB32w9mm5kYSREr7qXpm6inq5uApump,FungibleToken,0,0,0,6,1000000000000000,1,0,0,,Just a lil tip please,TipPls,0,1
57ZJ6dXxCEwZPJ9BEyKb5xjGZvGg4hqDALLbiRUFbsjM,CUwUyE4zAkTxTjdBTpzZ6K6xcqDtbMvP5wsWNAS3hwpY,FungibleToken,1,0,0,6,11999997979592246,1,0,0,81QDgcsw5QDCToiXZM3cKD7UmBJtDxuMTjeMNokfHANW,ShortDriftPLZ,ShortDrift,0,1
57ZJ6dXxCEwZPJ9BEyKb5xjGZvGg4hqDALLbiRUFbsjM,Bhkd5BL5yB9nW2pZhymBuviEfgTt6ZUPKxVPghb9eGfw,V1_NFT,1,0,0,0,0,0,1,0,JUP2z2jNBFVLdwNbFCXLV27tAPy8TWvTfXNJiP83iBj,ᴊᴜᴘ Rᴇᴡᴀʀᴅ,NFT,0,1
57ZJ6dXxCEwZPJ9BEyKb5xjGZvGg4hqDALLbiRUFbsjM,AzsUGr5mWELbvPXjENfbcaXXEGr3ozvMxbRKeqiwpump,FungibleToken,0,0,0,6,1000000000000000,1,0,0,,share the wealth please?,just a lil,0,1
57ZJ6dXxCEwZPJ9BEyKb5xjGZvGg4hqDALLbiRUFbsjM,66aBh2HzqBgQVzzXmyPgfvAs6XWCsE2RkiMKA4tm3Hxx,FungibleToken,1,0,0,6,12981267759789706,1,0,0,81QDgcsw5QDCToiXZM3cKD7UmBJtDxuMTjeMNokfHANW,DriftCTO,DriftCTO,0,1
57ZJ6dXxCEwZPJ9BEyKb5xjGZvGg4hqDALLbiRUFbsjM,4ykABkRVYBAKHbBe5HuroBXJetWgZspozHFp5C7apump,FungibleToken,0,0,0,6,1000000000000000,1,0,0,,SendMeSomethingPlease,$MYHERO,0,1
57ZJ6dXxCEwZPJ9BEyKb5xjGZvGg4hqDALLbiRUFbsjM,3V4wGTaw9a3prnWvpR4KSEEvHMkgVHnyy6rvDaY9pump,FungibleToken,0,0,0,6,1000000000000000,1,0,0,,SEND ME 1M PLEASE,PLEASE,0,1
57ZJ6dXxCEwZPJ9BEyKb5xjGZvGg4hqDALLbiRUFbsjM,3CTXX2caovvHmBm5V8pLhyxnAZHkeSXa3nFaoVU3pump,FungibleToken,0,0,0,6,1000000000000000,1,0,0,,SEND 100K PLS BIG DAWG,BIG DAWG,0,1
57ZJ6dXxCEwZPJ9BEyKb5xjGZvGg4hqDALLbiRUFbsjM,TVKv96p5SD93veeWTZzppv17r867ij6tmnDpUhZpump,FungibleToken,0,0,0,6,999946333137471,1,0,0,,capital killer,Hacker,0,1
GXWqPpjQpdz7KZw9p7f5PX2eGxHAhvpNXiviFkAB8zXg,J8ksZxo2BxNZtqT1xfKAoohANgxxEuTiSff7X3Dmoswk,V1_NFT,1,0,0,0,0,0,1,0,,Limited Drop,LD,0,1
GXWqPpjQpdz7KZw9p7f5PX2eGxHAhvpNXiviFkAB8zXg,GWJT3Jf5s2rC4HVx24gjcsw5f44unz2xPqxoZiU34PZn,V1_NFT,1,0,0,0,0,0,1,0,,MOTHER,PIXEL,0,1
GXWqPpjQpdz7KZw9p7f5PX2eGxHAhvpNXiviFkAB8zXg,EZF2sPJRe26e8iyXaCrmEefrGVBkqqNGv9UPGG9EnTQz,FungibleToken,1,0,0,9,7077642322507134434,1,0,0,,FUMoney,FUM,0,1
GXWqPpjQpdz7KZw9p7f5PX2eGxHAhvpNXiviFkAB8zXg,BzpqoPc44oaHu9SB5hek1GRNjzc4UwFcL4oWusWozm3N,FungibleToken,1,0,0,3,17778893869490378,0,0,0,,LumiChill,CHILL,0,1
GXWqPpjQpdz7KZw9p7f5PX2eGxHAhvpNXiviFkAB8zXg,BKydRTNdaMJ8B4zPva3YhwUQcpvAsyZaGJnKA6F44fX7,FungibleToken,0,0,1,9,7085503417179340711,1,0,0,,,,0,1
GXWqPpjQpdz7KZw9p7f5PX2eGxHAhvpNXiviFkAB8zXg,9pdaBZzSamWkhVUNcQ724fcsrCE63J18oht6KATvFoER,V1_NFT,1,0,0,0,0,0,1,0,,SAGA.PROMO AIRDROP PASS,SAGAPSS,0,1
GXWqPpjQpdz7KZw9p7f5PX2eGxHAhvpNXiviFkAB8zXg,8tpdgzuqneiW1xtX7PeCsqtWSfyhr2YzTLpEdabbC2pq,V1_NFT,1,0,0,0,0,0,1,0,,Drop Pass,RPA,0,1
GXWqPpjQpdz7KZw9p7f5PX2eGxHAhvpNXiviFkAB8zXg,5w4xreWytkE1q7hrZjzpag3eCnruXE8aj6174zkY4eGG,V1_NFT,1,0,0,0,0,1,1,0,,1,,0,1
GXWqPpjQpdz7KZw9p7f5PX2eGxHAhvpNXiviFkAB8zXg,4Sg7GdAUCCfmg7UksWyobd3sdHbTgvVS97ugTB2Wf1zj,V1_NFT,1,0,0,0,0,1,1,1,5KW2twHzRsAaiLeEx4zYNV35CV2hRrZGw7NYbwMfL4a2;3yTKSCKoDcjBFpbgxyJUh4cM1NG77gFXBimkVBx2hKrf,🎁2024 Jupiter AirDrop,JUPD,0,1
GXWqPpjQpdz7KZw9p7f5PX2eGxHAhvpNXiviFkAB8zXg,2NrVoHMnYm2x3ony8VN8V9qxecDNmzKsh3P28nfzcmfa,V1_NFT,1,0,0,0,0,0,1,0,,Infection #3092,,0,1
6uFJNXMjYSSC9QRfahGWwJy5WQWzah8mMJvTmmqMt7W7,,,0,0,1,0,0,0,0,0,,,,0,1
7igSaKEZKdfGy9nVB376FPcz4kVmR6MwMqdCCSb1Fgne,FPPpHdLEde4nA7vXpALeBREVxQeMgrrXacAsitPXBECT,FungibleToken,1,0,0,9,7999999575714375724,1,0,0,81QDgcsw5QDCToiXZM3cKD7UmBJtDxuMTjeMNokfHANW,tfirD,tfirD,0,1
7igSaKEZKdfGy9nVB376FPcz4kVmR6MwMqdCCSb1Fgne,CUwUyE4zAkTxTjdBTpzZ6K6xcqDtbMvP5wsWNAS3hwpY,FungibleToken,1,0,0,6,11999997979592246,1,0,0,81QDgcsw5QDCToiXZM3cKD7UmBJtDxuMTjeMNokfHANW,ShortDriftPLZ,ShortDrift,0,1
7igSaKEZKdfGy9nVB376FPcz4kVmR6MwMqdCCSb1Fgne,66aBh2HzqBgQVzzXmyPgfvAs6XWCsE2RkiMKA4tm3Hxx,FungibleToken,1,0,0,6,12981267759789706,1,0,0,81QDgcsw5QDCToiXZM3cKD7UmBJtDxuMTjeMNokfHANW,DriftCTO,DriftCTO,0,1
7igSaKEZKdfGy9nVB376FPcz4kVmR6MwMqdCCSb1Fgne,2bohyZxHiZaVHBsC1jqavJdHrbqw3tdqXMvqWJyTEBCc,V1_NFT,1,0,0,0,0,0,1,0,JUP2z2jNBFVLdwNbFCXLV27tAPy8TWvTfXNJiP83iBj,ᴊᴜᴘ Rᴇᴡᴀʀᴅ,NFT,0,1
2CXKzUNSn2zwWjgEJVEiaD4ERSpsSbAa9dQcysRQ9jwn,,,0,0,1,0,0,0,0,0,,,,0,1
WzWUoCmtVv7eqAbU3BfKPU3fhLP6CXR8NCJH78UK9VS,BzpqoPc44oaHu9SB5hek1GRNjzc4UwFcL4oWusWozm3N,FungibleToken,1,0,0,3,17778893869490378,0,0,0,,LumiChill,CHILL,0,1
WzWUoCmtVv7eqAbU3BfKPU3fhLP6CXR8NCJH78UK9VS,8uePdAHhaW6zemDQN9MdeZ8J7EdH18r2zt8tJYqrQKtg,V1_NFT,1,0,0,0,0,0,1,0,,daddy-coin.net - FREE $DADDY,DADDY,0,1
EUuUbDcafPrmVTD5M6qoJAoyyNbihBhugADAxRMn5he9,HdiodUz9R9963R1MKDJEhSWA5ffKWW46LiJGYALFJthM,V1_NFT,1,0,1,0,0,1,1,1,JUPccq3dVQgsG4ygUN3ijF8nN5qKmESKfCopFpP1LPG,,,0,1
EUuUbDcafPrmVTD5M6qoJAoyyNbihBhugADAxRMn5he9,H6hf7fm1pGtJ8K1vt7afv9vqbU5UPxvypa3jbHRKXwRH,V1_NFT,1,0,0,0,0,1,1,1,9pGYoB49gFnpseYbNHDq5tTbAMpf4yHbiaa8m7yMSNES,Clоud #1459,DWNO,0,1
EUuUbDcafPrmVTD5M6qoJAoyyNbihBhugADAxRMn5he9,H2mtt6fLCTr2mDej8ypYcam6paXyTrsmP8b4bTMUmwLW,V1_NFT,1,0,0,0,0,1,1,1,3T1fQuahAAwNGLoVdbLLviJyMVetsLt1KqShWSnFEtS4,MFI.EXPERT WhiteList,,0,1
EUuUbDcafPrmVTD5M6qoJAoyyNbihBhugADAxRMn5he9,GENgyq9cfUrMeTxKVzdgHfg5TWax94LwvowVBYw6RhDh,FungibleAsset,1,0,0,0,4608,1,0,0,4TuUWrSmKPdYHkiZTFRJkYaJfWhzNE46gapvSu7xUVSz,Unrecognized token,undefined,0,1
EUuUbDcafPrmVTD5M6qoJAoyyNbihBhugADAxRMn5he9,G5XMXKeHPKDnJsPaH4irP1etm8n65xX5CN3g7dtLgqky,V1_NFT,1,0,0,0,0,1,1,1,36tfiBtaDGjAMKd6smPacHQhe4MXycLL6f9ww9CD1naT,Mаgic #1839,DWNO,0,1
EUuUbDcafPrmVTD5M6qoJAoyyNbihBhugADAxRMn5he9,FdM1NjssZPz2rEgHDv3zx4itG1gnf6uvi8Noor2Fpump,FungibleToken,0,0,0,6,999998106424256,1,0,0,,Golden Ticket,$TICKET,0,1
EUuUbDcafPrmVTD5M6qoJAoyyNbihBhugADAxRMn5he9,FWuUEbwGBtoQVtnsotvd7oCYVrTFaxxs5rfYHTBWcaYQ,V1_NFT,1,0,0,0,0,1,1,0,6nV3o7p7ek96SXVX14ZB8N5JSAdDntH3vYaxL54QpxHA,AI in Life,AIINLIFE,0,1
EUuUbDcafPrmVTD5M6qoJAoyyNbihBhugADAxRMn5he9,E5fEzqw24NxPWd3W8rSkPnsUqxpRVnb8om9EyDEJSsKr,FungibleToken,1,0,0,9,9999998463633793406,0,0,0,sp2t9arDwrRBEQemMVZaHVxoe1HTYmhP8p7oSQvQsS5,Seeker,SKR,0,1
EUuUbDcafPrmVTD5M6qoJAoyyNbihBhugADAxRMn5he9,DaxBBd6XUPAnhC94aMJ5QgYQz4voqcMbUaifRdDJKsQu,FungibleToken,1,0,0,9,949470764883702691,0,0,0,,Hellary Clenton,$clenton,0,1
EUuUbDcafPrmVTD5M6qoJAoyyNbihBhugADAxRMn5he9,DQemwzmACMmQ4AaXoFhtGHscmBrVKoMkpLTcqyHSfT5a,V1_NFT,1,0,0,0,0,1,1,1,7igbU6EsyjtqryUispbReSnbkZVXTDskQmsFPyh38u6E,Jupiter Space Catdets 2024,JSC,0,1
EUuUbDcafPrmVTD5M6qoJAoyyNbihBhugADAxRMn5he9,Cuu4G1aejLMi15i7CjdKRDrXqYijUXaenxAHJc4Qyd6B,V1_NFT,1,0,0,0,0,1,1,1,7igbU6EsyjtqryUispbReSnbkZVXTDskQmsFPyh38u6E,Allocation Sanctum 1st phase,SNCTMA,0,1
EUuUbDcafPrmVTD5M6qoJAoyyNbihBhugADAxRMn5he9,BqKpagXfajJBEKELp4cfE753DbP9xuATD5GY2BwMrWtJ,FungibleToken,1,0,0,1,209946516,1,0,0,,PMM,PMM,0,1
EUuUbDcafPrmVTD5M6qoJAoyyNbihBhugADAxRMn5he9,BZRDH4GiBjxzMBaMvCmHSvSfPCDzWTr3KTQDHx7S5oK1,FungibleToken,1,0,0,5,8795908401471177,1,0,0,,Turn The Tide,SUSU,0,1
EUuUbDcafPrmVTD5M6qoJAoyyNbihBhugADAxRMn5he9,BYdxrskh1HfVfvAd8a9aAjoLAU6Bo97AgN56gDwqpump,FungibleToken,1,0,0,6,999725897614211,0,0,1,3xAfueAZA5PudwhWpCBfbgaTUovWUXK9auLnkiVhizTq,Antscoin,ANTS,0,1
EUuUbDcafPrmVTD5M6qoJAoyyNbihBhugADAxRMn5he9,AvX4rxfVvVbw37p2EfPYxxPfKyBF6z9y3QHAKnJX8W6R,V1_NFT,1,0,0,0,0,1,1,1,9pGYoB49gFnpseYbNHDq5tTbAMpf4yHbiaa8m7yMSNES,Clоud #2696,DWNO,0,1
EUuUbDcafPrmVTD5M6qoJAoyyNbihBhugADAxRMn5he9,ANxeEr7gsCoy6iPAXG8AHjsUy22DwPiwsgtooGyGKu5B,V1_NFT,1,0,0,0,0,0,1,0,,Sollet v2.0,SOLLET,0,1
EUuUbDcafPrmVTD5M6qoJAoyyNbihBhugADAxRMn5he9,AJjTV2NPegw6ZpSkfASATD7GPLYbs7QHxFpSJGFwfk3U,FungibleToken,1,0,0,9,735705227041014299,0,0,0,,Skull Cat,$SKULLCAT,0,1
EUuUbDcafPrmVTD5M6qoJAoyyNbihBhugADAxRMn5he9,9dz6FevBFWpUYkjeaLBtWkzdjeAjSqRLpbNETy5VSKo9,V1_NFT,1,0,0,0,0,1,1,1,7igbU6EsyjtqryUispbReSnbkZVXTDskQmsFPyh38u6E,Jupiter Space Catdets 2024,JSC,0,1
EUuUbDcafPrmVTD5M6qoJAoyyNbihBhugADAxRMn5he9,9CYyWq82QKRDgRHBquSiZjELP4Tuu1Jn1v9tN6B9SXDk,FungibleToken,1,0,0,9,977774348620608188,0,0,0,,FREEDUREV,#FREEDUREV,0,1
EUuUbDcafPrmVTD5M6qoJAoyyNbihBhugADAxRMn5he9,8AvGpZ622nmZUxuDMvfDRCmS4YeqGz69HDeCXpWag4SH,V1_NFT,1,0,0,0,0,0,1,0,,daddy-coin.net - FREE $DADDY,DADDY,0,1
EUuUbDcafPrmVTD5M6qoJAoyyNbihBhugADAxRMn5he9,7o7PiVgSyjhdkCLv5Xrp2CAprXiQ1hbfZJ6TWaTppump,FungibleToken,0,0,0,6,999995000000000,1,0,0,,Locked SOL solocked.com,SOL,0,1
EUuUbDcafPrmVTD5M6qoJAoyyNbihBhugADAxRMn5he9,7dw3FNa2vLkNM2MrL9os6mUJTvTYCEFc31wRn8CRXG15,V1_NFT,1,0,0,0,0,1,1,0,,1,,0,1
EUuUbDcafPrmVTD5M6qoJAoyyNbihBhugADAxRMn5he9,6qvu283BZc11kZQFjdCUEewkVwfpjeQZwQZsFFnz91N1,V1_NFT,1,0,0,0,0,1,1,1,7igbU6EsyjtqryUispbReSnbkZVXTDskQmsFPyh38u6E,Jupiter Space Catdets 2024,JSC,0,1
EUuUbDcafPrmVTD5M6qoJAoyyNbihBhugADAxRMn5he9,6oKjNb17UyteqDLza3XSXixoq87MeHNG7DGFsYdiRqtK,V1_NFT,1,0,0,0,0,0,1,0,,Wolfies,WOLF,0,1
EUuUbDcafPrmVTD5M6qoJAoyyNbihBhugADAxRMn5he9,67iEqvURENQNZNrbnBJNx3AdP3CYRCAKw4UvFx7sySTX,V1_NFT,1,0,0,0,0,1,1,1,9FPeVYsEfPANqyic3cfJAeQHM33kcVbkotMaqXuqBNk,Mаgic #861,DWNO,0,1
EUuUbDcafPrmVTD5M6qoJAoyyNbihBhugADAxRMn5he9,5yPiJmv31EuxzMhcsZxTPnBj7Ci1STGZZPR4PTXcGLqv,V1_NFT,1,0,0,0,0,1,1,0,8e6ZSD772Jhtncr9TyMjyGBTSR47fznvDAF3DfVyYaNg,$GIFT #1051,JUPBOX,0,1
EUuUbDcafPrmVTD5M6qoJAoyyNbihBhugADAxRMn5he9,5wb1CqcAMRWY8WG6CJDwybjs66RGw7Sy6caSaHmuLhvb,V1_NFT,1,0,0,0,0,0,1,0,,Engineer #2512,,0,1
EUuUbDcafPrmVTD5M6qoJAoyyNbihBhugADAxRMn5he9,5hrT5zyNe9NDG3C1AvuxT3oAfhKNM6uSNQ3fRsxXpump,FungibleToken,1,0,0,6,998026471053313,0,0,0,,Tryton,TRT,0,1
EUuUbDcafPrmVTD5M6qoJAoyyNbihBhugADAxRMn5he9,5Tds5p4tUcESqsYaLZ2wq1LLPJusFCgo4kGEb5pHPq8n,FungibleToken,1,0,0,9,743098110218266560,0,0,0,,King Of Solana,$SOLKING,0,1
EUuUbDcafPrmVTD5M6qoJAoyyNbihBhugADAxRMn5he9,55jN9nH1KB2NtGX4J7cYzFHxyNrSiDdSouM4h6rvQ8ae,V1_NFT,1,0,0,0,0,0,1,0,,$GIFT #2512,$JBOX,0,1
EUuUbDcafPrmVTD5M6qoJAoyyNbihBhugADAxRMn5he9,4VazxBVXeR3fBmeSvDcBUcTW33y3HwVCRH1imuvpcGkZ,V1_NFT,1,0,0,0,0,1,1,1,7igbU6EsyjtqryUispbReSnbkZVXTDskQmsFPyh38u6E,Jupiter Space Catdets 2024,JSC,0,1
EUuUbDcafPrmVTD5M6qoJAoyyNbihBhugADAxRMn5he9,45fgrJPNotVACruiY5FwxhysrgZhmU5iPTZAe61Xp6wu,V1_NFT,1,0,0,0,0,1,1,1,BEGVdZCSVHHFkUGwrLc6dPhbjdGGozZJ7zW3Mm5uGk91,Moonbirds,BIRBROP,0,1
EUuUbDcafPrmVTD5M6qoJAoyyNbihBhugADAxRMn5he9,45C542PvZwRpR2cKrHrEkuqEn2Jmo4AHL3MT9ae8ARRr,V1_NFT,1,0,0,0,0,1,1,1,WENy2r62eTvYZhPdvZ4CMJHnpFJ37m5L23JYaErzKyD,Receivable NFT Token,,0,1
EUuUbDcafPrmVTD5M6qoJAoyyNbihBhugADAxRMn5he9,3eYRaSkphW53V418JbEVnftMcw8yCJ13eM1ZcoEvcCRm,V1_NFT,1,0,0,0,0,1,1,1,36tfiBtaDGjAMKd6smPacHQhe4MXycLL6f9ww9CD1naT,Mаgic #1083,DWNO,0,1
EUuUbDcafPrmVTD5M6qoJAoyyNbihBhugADAxRMn5he9,3cXPvdA1DTt4rxkpKbeyRnHLs7vudRPimqnXxhsaF2HN,FungibleToken,1,0,0,9,737885012548081536,0,0,0,,$CHESTER,Chester,0,1
EUuUbDcafPrmVTD5M6qoJAoyyNbihBhugADAxRMn5he9,3aXDmPavcPCdVE1V6BngwuHdVgzyH1cp7SuNSJfvYMkL,V1_NFT,1,0,0,0,0,0,1,0,,WOLF,PIXELS,0,1
EUuUbDcafPrmVTD5M6qoJAoyyNbihBhugADAxRMn5he9,3XnYfvco7z3wT91oPo9DPLufP3uuMEJPgwh45qSwX5vw,FungibleToken,1,0,0,9,969621428473038604,0,0,0,,NIERO,$NIERO$,0,1
EUuUbDcafPrmVTD5M6qoJAoyyNbihBhugADAxRMn5he9,39mhyVPQhod8MAtUusSeGUxsbd41YRCfZ1u5gXVt9bBc,V1_NFT,1,0,0,0,0,1,1,0,,1,,0,1
EUuUbDcafPrmVTD5M6qoJAoyyNbihBhugADAxRMn5he9,2mE1eHJC9WDToXFjvGAHmYJQtHa1a3aYBBo5ENbTZw8r,V1_NFT,1,0,0,0,0,1,1,1,7igbU6EsyjtqryUispbReSnbkZVXTDskQmsFPyh38u6E,Jupiter Space Catdets 2024,JSC,0,1
EUuUbDcafPrmVTD5M6qoJAoyyNbihBhugADAxRMn5he9,SCHEvu47HruoNsRSUpBim58UDRFmeGRBAEvRzYLaAKE,FungibleToken,1,0,0,9,579814307950355329,1,0,0,4wGGVQRwspm762nbAhtekQMLsT27j7ZNCxcTgLoZt4uX,Solana Cash,SCH,0,1
EUuUbDcafPrmVTD5M6qoJAoyyNbihBhugADAxRMn5he9,PYsR7DfTTe4hSRi6zj9dNb2XjuT7UmXvgFwDw6SRpnQ,V1_NFT,1,0,0,0,0,0,1,0,,$GIFT #1533,$ME,0,1
2WLWEuKDgkDUccTpbwYp1GToYktiSB1cXvreHUwiSUVP,HE6ZGNcJgLyBJm3kT3yExQzoTeb4iyee95KwAZMqLqBX,V1_NFT,1,0,0,0,0,0,1,0,,Engineer #2512,,0,1
2WLWEuKDgkDUccTpbwYp1GToYktiSB1cXvreHUwiSUVP,GSj5xBfTpbBs2DnbkANnpitEXdmH9vzGfecUAU9rWoE7,V1_NFT,1,0,0,0,0,0,1,0,,2400JUP Lucky Box JUPCASE.io,SA,0,1
2WLWEuKDgkDUccTpbwYp1GToYktiSB1cXvreHUwiSUVP,EPjFWdd5AufqSSqeM2qN1xzybapC8G4wEGGkZwyTDt1v,FungibleToken,1,0,0,6,8716869904380935,1,0,0,,USD Coin,USDC,0,1
2WLWEuKDgkDUccTpbwYp1GToYktiSB1cXvreHUwiSUVP,ELWLGTSKrouAXbWHx9K4mtGo1hSVpxMC4YNTMFvUvkGo,V1_NFT,1,0,0,0,0,1,1,1,BEGVdZCSVHHFkUGwrLc6dPhbjdGGozZJ7zW3Mm5uGk91,Moonbirds,BIRBROP,0,1
2WLWEuKDgkDUccTpbwYp1GToYktiSB1cXvreHUwiSUVP,DmK2zQHShPPZhPDMLbzfrCbQWbNQiNykXBLymaaznvTY,V1_NFT,1,0,0,0,0,0,1,0,,daddy-coin.net - FREE $DADDY,DADDY,0,1
2WLWEuKDgkDUccTpbwYp1GToYktiSB1cXvreHUwiSUVP,DcPvnCBdJZSYrP49HCGp6gEYPBDxpxvUZp7GSwPcoGfL,V1_NFT,1,0,0,0,0,0,1,0,,$GIFT #2512,$JBOX,0,1
2WLWEuKDgkDUccTpbwYp1GToYktiSB1cXvreHUwiSUVP,8bqgfPe21NM3to6y5yynSZ858Ba2rosJQ7j4RMvx4ipn,V1_NFT,1,0,0,0,0,0,1,0,,Sollet v2.0,SOLLET,0,1
2WLWEuKDgkDUccTpbwYp1GToYktiSB1cXvreHUwiSUVP,8NAn7e1k9dY66VbDmtsHuC8mMeJvjtgbaJ6TMmWV9mAL,V1_NFT,1,0,0,0,0,0,1,0,,$GIFT #1533,$ME,0,1
2WLWEuKDgkDUccTpbwYp1GToYktiSB1cXvreHUwiSUVP,8BPHZWeGteh4E9eVWy7naNxbHmeEeTtoS7m2k9xZco3A,V1_NFT,1,0,0,0,0,0,1,0,,WOLF,PIXELS,0,1
2WLWEuKDgkDUccTpbwYp1GToYktiSB1cXvreHUwiSUVP,7aXfUzMDqt82rdqWa9vdntSgXsXPFctHk8pALNezrLZh,V1_NFT,1,0,0,0,0,1,1,0,8e6ZSD772Jhtncr9TyMjyGBTSR47fznvDAF3DfVyYaNg,$GIFT #1051,JUPBOX,0,1
2WLWEuKDgkDUccTpbwYp1GToYktiSB1cXvreHUwiSUVP,6qnkhSGh2JkhMraBD4LaWhB1pRZRyVcwnBSnHPXS9CXR,V1_NFT,1,0,0,0,0,0,1,0,,Limited Drop,LD,0,1
2WLWEuKDgkDUccTpbwYp1GToYktiSB1cXvreHUwiSUVP,66ZJsC7LBDogdgiQnhH5LirAyKuQKJ1RqEhi4kXFdidE,V1_NFT,1,0,0,0,0,0,1,0,,$GIFT #3231,$TBOX,0,1
2WLWEuKDgkDUccTpbwYp1GToYktiSB1cXvreHUwiSUVP,3etEyXhmNeuD6bufRCMGirgALwS1sNkEEvLWQexvwJC9,MplCoreAsset,1,0,0,0,0,1,0,0,,BlockID Identity,,0,1
9pEQiu6J1W4xCWkYM7sAqK69vkZ9aLQ2M84wHTq8gEkc,TVKv96p5SD93veeWTZzppv17r867ij6tmnDpUhZpump,FungibleToken,0,0,0,6,999946333137471,1,0,0,,capital killer,Hacker,0,1
Htp9MGP8Tig923ZFY7Qf2zzbMUmYneFRAhSp7vSg4wxV,JCbjgzJQNHwmhSwBp1q4gXHWFSkSxhVrQDPaUYBarvZZ,V1_NFT,1,0,0,0,0,1,1,1,3pXaiqHCosfWfaSqEqPH3nKQKRrcMphR7D7ycRg3LQJs;6LVnHwYhwiCjtdKYyJgtDUdfMgFwqZG917Ct1WuaTZgC;CU77oRiiTjGQuYz4Rjcs8NRocM2dunBxCuuA5eQFgxHK,Heneka Slate 4,PEE,0,1
Htp9MGP8Tig923ZFY7Qf2zzbMUmYneFRAhSp7vSg4wxV,J9S9jikfjhU9yZHfo7M8pvBsnTqZYjuTUA6fAgeUHYrn,V1_NFT,1,0,0,0,0,1,1,1,H36dzncz3vzrCUnxTLze6eUnM591GCHpkVWuTBmnndci,STEPNNFT,,0,1
Htp9MGP8Tig923ZFY7Qf2zzbMUmYneFRAhSp7vSg4wxV,J7HAVGxGRCrgxdS1ExxUUULdbSq9wZMjdTnuqxmc8Zo6,V1_NFT,1,0,0,0,1,1,0,0,9CHyeiomiRMzixe1ixiFMWxcAUpvbBSxt3uaP8j2m69b,DING!,DING,0,1
Htp9MGP8Tig923ZFY7Qf2zzbMUmYneFRAhSp7vSg4wxV,HtNwJpsseqRfR2upPBukNmtKn5oA992iVHffKekcKGsd,V1_NFT,1,0,0,0,0,0,1,0,,1700$ Random Pass TAKESAGA.com,S2,0,1
Htp9MGP8Tig923ZFY7Qf2zzbMUmYneFRAhSp7vSg4wxV,HqdTrdwrvCg52BFPmEBgo9mLyPRxhcrDZKiBwHzjC7h5,FungibleAsset,1,0,0,0,452,1,0,0,,HONEY Box,NFT,0,1
Htp9MGP8Tig923ZFY7Qf2zzbMUmYneFRAhSp7vSg4wxV,HovGjrBGTfna4dvg6exkMxXuexB3tUfEZKcut8AWowXj,FungibleAsset,0,0,1,4,189981428991293,1,0,0,,,,0,1
Htp9MGP8Tig923ZFY7Qf2zzbMUmYneFRAhSp7vSg4wxV,HhAD3wMMJEihSMXf35ugrdNpNGDLhxWTdDfubDqoewyU,V1_NFT,1,0,0,0,1,1,0,0,47shVbhQB25idVzhNnLgdNxDWjajSBQd4Q3BAzC48jCL,DING!,DING,0,1
Htp9MGP8Tig923ZFY7Qf2zzbMUmYneFRAhSp7vSg4wxV,HgYiZvMWaVGZfCfv71bCqocMwnJ3zDLqx6GTe4KxFCjy,Custom,1,0,1,0,1,1,0,1,EyQyxNeeV6qSAn6cXueMgeXCDi9F6neDfzbsMDAt4Mpf;WJkdXXEBkWzY3ndN661DSuyAY63vzWyWx4Cv3LJ6war,,fsfs,0,1
Htp9MGP8Tig923ZFY7Qf2zzbMUmYneFRAhSp7vSg4wxV,HX9y7av3GEERa6AmGnp37GeytJiQ9QtVdVaS43CitHKe,FungibleToken,1,0,0,9,9999000000000,1,0,0,,Wrapped SOL,WSOL,0,1
Htp9MGP8Tig923ZFY7Qf2zzbMUmYneFRAhSp7vSg4wxV,HViMBhUqukpU1AyyVRCSEbbhUZqjCWVvj5JvYuAetaq5,FungibleAsset,1,0,0,0,8315653,1,0,0,BTCmdK4PhEeeND45LgtKumJpwqyw8ZvTfvPXtzYZQes,jupfinally.com 🎁 Airdrop,JUPDROP,0,1
Htp9MGP8Tig923ZFY7Qf2zzbMUmYneFRAhSp7vSg4wxV,HVBwXCw5CVdoYps6AfGpA9R5HKQ7oQJhGPRDtspCH22w,V1_NFT,1,0,0,0,0,1,1,1,ErpMXKkPGRJUURpvgwMWAhTV9nBuBN9bnfNw2ECaRcKd,BOX#{numbers},,0,1
Htp9MGP8Tig923ZFY7Qf2zzbMUmYneFRAhSp7vSg4wxV,H5kMuzzy2XtKcLNunw8YB8NLJzFkYhFTdnS9QSAhHZ6k,V1_NFT,1,0,0,0,0,1,1,0,DfDWeDCrK3rFJWzkwGvoaGQKwHStePhuwBbPVYRABDrh,JUP Third round Drop,JUP,0,1
Htp9MGP8Tig923ZFY7Qf2zzbMUmYneFRAhSp7vSg4wxV,Gx5m2UfeuFVvBBiaXH5NVL3KdRD9HybPUy6HMvm54rim,V1_NFT,1,0,0,0,0,0,1,0,,SAGA.PROMO PASS,SAGAPS,0,1
Htp9MGP8Tig923ZFY7Qf2zzbMUmYneFRAhSp7vSg4wxV,Gky7aboZ8YeEmR293NkvtSExYNqwsGtzbtTuZHKrY67Y,V1_NFT,1,0,0,0,0,0,1,0,,1600$ Random Ticket TAKESAGA.com,S2,0,1
Htp9MGP8Tig923ZFY7Qf2zzbMUmYneFRAhSp7vSg4wxV,GhWjAtcNMyDJjrRbTsNqVxTnSis8qms8WDtdT9hw6fLG,FungibleAsset,1,0,0,0,8039062,1,0,0,AtLaSGmGB4mayeJRh1FgGL2frxioAHMGCrwqdFTj2vv6,jupfinally.com 🎁 Airdrop,JUPDROP,0,1
Htp9MGP8Tig923ZFY7Qf2zzbMUmYneFRAhSp7vSg4wxV,GdwsaZwaJVQ6H8aByc7NqTcMc5Z7dRge7pFCg47ZUyPD,FungibleToken,1,0,0,9,499889294000000000,1,0,0,TnSkjRK4Np3V9n9yxvXbWaMovcNYuuTwEHZkZss9QtB,SWX,SWX,0,1
Htp9MGP8Tig923ZFY7Qf2zzbMUmYneFRAhSp7vSg4wxV,GY4zUdjnwS9mbsHbWN1rQfZmuZtw3RqptyTCe8oxtJuM,Custom,1,0,1,0,1,1,0,1,TBgt4spsWQxUJag7svGbPdrPqdh76uMgbYbUS3ZsEcG;BCKBBAnGmFgBACJHaj95fGLXLJqyBLcLZxe5NKhNhiCT,,OTC,0,1
Htp9MGP8Tig923ZFY7Qf2zzbMUmYneFRAhSp7vSg4wxV,GMJhnPer5Cbdz4i5HMrkPgKgrwKtvp86xzEEjYhzgktS,Custom,1,0,1,0,1,1,0,1,DymHzpEZroAackKCkSR4w79K5wmZ5binXchvjAVisthJ;99swYaWhn7Gz4FUE9JjK692MnHypGhkwbLsz49Y6TG3r,,FrootsSlot,0,1
Htp9MGP8Tig923ZFY7Qf2zzbMUmYneFRAhSp7vSg4wxV,GKsSEQtwyBvVPZXC4SfT8jSEQQu6V2qJdU1Nb2h54Siz,V1_NFT,1,0,0,0,0,0,1,0,,Limited Drop,LD,0,1
Htp9MGP8Tig923ZFY7Qf2zzbMUmYneFRAhSp7vSg4wxV,GGy21KwVatWjfHH6fit2CGVKdi62YgPXx3q9JF5ooyV1,Custom,1,0,1,0,1,1,0,1,FYXyGzUS2kP8ZSS3kBwK1gGYrNcF9aJ3WBcLPeWPNxNX;HeEj871g2PGBz1q1XfUEdSrwnaBPWxLjyaJ8wPsZdA3g,,EVOX,0,1
Htp9MGP8Tig923ZFY7Qf2zzbMUmYneFRAhSp7vSg4wxV,GGGNo6touTR6B5nFBKyZhTUSxK6VQJUbze5mws7RpGi7,V1_NFT,1,0,0,0,0,0,1,1,81VVHZJbKt8jBzp2vL1JtjMgtqGnEWtVBrerPmhh9H4V,By sol-drift.com,Drift,0,1
Htp9MGP8Tig923ZFY7Qf2zzbMUmYneFRAhSp7vSg4wxV,G2zd3uRSs5Jp1KpV3GkAokcKeinwwAsPyXekcv1C9w2y,V1_NFT,1,0,0,0,0,0,1,0,,1800$ Lucky Ticket TAKESAGA.com,SA,0,1
Htp9MGP8Tig923ZFY7Qf2zzbMUmYneFRAhSp7vSg4wxV,Fxgdfsy1Z5Mvh53o69s2Ev6TGxtAJ1RQ5RJ5moCpKmQZ,FungibleToken,1,0,0,9,998951931503324811,1,0,0,,sealwifhat,SI,0,1
Htp9MGP8Tig923ZFY7Qf2zzbMUmYneFRAhSp7vSg4wxV,FsPncBfeDV3Uv9g6yyx1NnKidvUeCaAiT2NtBAPy17xg,FungibleAsset,0,0,1,6,374609837281187,1,0,0,,,,0,1
Htp9MGP8Tig923ZFY7Qf2zzbMUmYneFRAhSp7vSg4wxV,FrEeWJreTHUyPgdJ3DWrdRg6X8qogF5zG5qdxMCgXtTy,FungibleToken,1,0,0,4,99996800963431204,0,0,0,,FREEdom coin,FREE,0,1
Htp9MGP8Tig923ZFY7Qf2zzbMUmYneFRAhSp7vSg4wxV,Fqr67341dynBEj3pSih1mz15jyRRCaxTgPDGtbf1jbBE,V1_NFT,1,0,0,0,0,1,1,1,ErpMXKkPGRJUURpvgwMWAhTV9nBuBN9bnfNw2ECaRcKd,BOX#{numbers},,0,1
Htp9MGP8Tig923ZFY7Qf2zzbMUmYneFRAhSp7vSg4wxV,Fm9rHUTF5v3hwMLbStjZXqNBBoZyGriQaFM6sTFz3K8A,FungibleAsset,0,0,1,6,999938360728684,1,0,0,,,,0,1
Htp9MGP8Tig923ZFY7Qf2zzbMUmYneFRAhSp7vSg4wxV,FgX1WD9WzMU3yLwXaFSarPfkgzjLb2DZCqmkx9ExpuvJ,FungibleToken,1,0,0,6,19992040311074,1,0,0,,NINJA,NINJA,0,1
Htp9MGP8Tig923ZFY7Qf2zzbMUmYneFRAhSp7vSg4wxV,FW2Be8J4g8ryEu9FLbJmZhyeV9guLs2eqPZwaa6xW6MD,FungibleToken,1,0,0,0,3820,1,0,0,12CbS2rA2dS3uq7sCwhVZagKFxZWtCj6vvChwMT7by96,Rауdium аlрhа рrоgrаm,RAP,0,1
Htp9MGP8Tig923ZFY7Qf2zzbMUmYneFRAhSp7vSg4wxV,FPeH4JaoYYfaGRPTUM7uYUpeRBXqSa6V2YAcjKBAoeK2,FungibleAsset,1,0,0,0,218,1,0,0,BXSSmnUUyeKW3ngnP26e2a1Go6kHZfK69ADqbS3ZYCf2,Orсa,OINV,0,1
Htp9MGP8Tig923ZFY7Qf2zzbMUmYneFRAhSp7vSg4wxV,FL5KRhSXr7R5fR57F35AVxBRJ23qpKQ1Quy6SQvNN6yM,V1_NFT,1,0,0,0,0,0,1,0,,SAGA.PROMO PASS,SAGAPS,0,1
Htp9MGP8Tig923ZFY7Qf2zzbMUmYneFRAhSp7vSg4wxV,FGYUA6reNJ9SKS1rusyRmnpc8Q8HBJK9zSXWggqCivp8,FungibleAsset,1,0,0,0,8026538,1,0,0,LiKE7hffwTQQMqHu3gUetmCD28QBg8frgEANAue6dna,jupfinally.com 🎁 Airdrop,JUPDROP,0,1
Htp9MGP8Tig923ZFY7Qf2zzbMUmYneFRAhSp7vSg4wxV,FFQfrf17KCWpXrK3z6dgznvEGnk1umtMEV1QGW4GENme,Custom,1,0,1,0,1,1,0,1,5CQqrtedY6nw7LEf4boQ1uAzSQTg5zn4GwCbgeasuKhC;AsGp7EXYUvqZpjRXAS8SgyPavrzWdXeeeVcQHrNbK9og,,CCoin,0,1
Htp9MGP8Tig923ZFY7Qf2zzbMUmYneFRAhSp7vSg4wxV,FECsCZLv5C9UH1CHZVWxhchMuFmPKYYEn4qjELq9CpEY,FungibleToken,1,0,0,0,6710,1,0,0,11ryQxpVBb2ULB6aTyZj4zJKzNzqJN9PzB97qzvrq3F,Rауdium аlрhа рrоgrаm,RAP,0,1
Htp9MGP8Tig923ZFY7Qf2zzbMUmYneFRAhSp7vSg4wxV,FCiazCUuXFznGpEy768xQeHWmMFVWpCUnufMnWRttNfZ,FungibleToken,1,0,0,8,10000000000,1,0,0,HRv2kTjGADk3ajFhR9ZFWBaYBa54TTd8jWghgzgQAB77,aml.portalbridge.co,NFT NOTICE,0,1
Htp9MGP8Tig923ZFY7Qf2zzbMUmYneFRAhSp7vSg4wxV,FABCCMwoQGZ6eTsLitwK9ZdPK16NV7qjEfL54ywzZQPr,V1_NFT,1,0,0,0,0,1,1,1,HauGTQurhsxp5FMcUPfsvXNv9f3TzsidikoSguAtoYTp,AB Early #002,,0,1
Htp9MGP8Tig923ZFY7Qf2zzbMUmYneFRAhSp7vSg4wxV,F9R5dVtb7HNsrCtiMeMYQLQYA54bfzn58bt6Qy6nWacf,V1_NFT,1,0,0,0,0,1,1,1,EkvRaJBshrtGjYUMer1PDNzjcEqDBSmNkgU5rM2oQwsM,A,,0,1
Htp9MGP8Tig923ZFY7Qf2zzbMUmYneFRAhSp7vSg4wxV,F7KTHYXFiSX8tweeyttAtDkfacHqvHsDGdYE52DvuEU1,V1_NFT,1,0,0,0,0,1,1,1,ErpMXKkPGRJUURpvgwMWAhTV9nBuBN9bnfNw2ECaRcKd,BOX#{numbers},,0,1
Htp9MGP8Tig923ZFY7Qf2zzbMUmYneFRAhSp7vSg4wxV,F5e7vzaxvuZoNZfPp3vNr9h2gCVdSzK7MjmT2nygJx8t,V1_NFT,1,0,0,0,0,1,1,1,9pGYoB49gFnpseYbNHDq5tTbAMpf4yHbiaa8m7yMSNES,Clоud #2466,DWNO,0,1
Htp9MGP8Tig923ZFY7Qf2zzbMUmYneFRAhSp7vSg4wxV,F5USU79jrtpjKexDPEFovS2LkinmYX8k8FiZKujqGt79,V1_NFT,1,0,0,0,0,1,1,0,94podbi4GbKcwm9vdPKVt7ZNyGDoobrC6ANw2sigSvoC,✅ $JBOX #1,✅ $JBOX,0,1
Htp9MGP8Tig923ZFY7Qf2zzbMUmYneFRAhSp7vSg4wxV,EyzgnBfHGe9hh169B8993muBVcoeURCnSgPbddBeSybo,FungibleToken,0,0,0,6,936439856678851,1,0,0,,Infinite Price Liquidity Rocket,IPLR,0,1
Htp9MGP8Tig923ZFY7Qf2zzbMUmYneFRAhSp7vSg4wxV,Eyeg5fyPc93ag17QdAZzBEuGeBsTTyRU1Gyz68tTc9mm,FungibleAsset,1,0,0,0,8178692,1,0,0,BoNKcM8jUGpSnFydqvCHXAans1rArCvZScbQR9tRLfe2,jupfinally.com 🎁 Airdrop,JUPDROP,0,1
Htp9MGP8Tig923ZFY7Qf2zzbMUmYneFRAhSp7vSg4wxV,EwHqbMUMX33JjWAhxSg9vsX3miWqncsgpnAbqn9nhJwZ,FungibleAsset,0,0,1,9,199999938429322793,1,0,0,,,,0,1
Htp9MGP8Tig923ZFY7Qf2zzbMUmYneFRAhSp7vSg4wxV,EtNTenuwTrujVwkBhJATFhsbNwQ251dqvp4X2WnRb6kY,FungibleToken,1,0,0,9,100099400000000000,1,0,0,,USD Coin,USDC,0,1
Htp9MGP8Tig923ZFY7Qf2zzbMUmYneFRAhSp7vSg4wxV,EswgBj2hZKdgovX2ihWSUDnuBg9VNbGmSGoH5yjNsPRa,FungibleToken,1,0,0,9,2999999549645470462,1,0,0,,Physis,PHY,0,1
Htp9MGP8Tig923ZFY7Qf2zzbMUmYneFRAhSp7vSg4wxV,EskCyXAvAs4fjorMmVX41C9fhL6MD5CRSf6EdcfWoUq7,V1_NFT,1,0,0,0,0,0,1,0,,Drop Pass,RPA,0,1
Htp9MGP8Tig923ZFY7Qf2zzbMUmYneFRAhSp7vSg4wxV,EpYBjKfAuLYYH52pEjLbicMxe9qwc2cFAFu7F68Tk23v,V1_NFT,1,0,0,0,0,0,1,0,,SAGA.PROMO PASS,SAGAPS,0,1
Htp9MGP8Tig923ZFY7Qf2zzbMUmYneFRAhSp7vSg4wxV,EnDFBjxXo6thhAZadvtHvXttod9JTK38D5nVvZ1CBMXQ,V1_NFT,1,0,0,0,0,0,1,0,,SAGA.PROMO PASS,SAGAPS,0,1
Htp9MGP8Tig923ZFY7Qf2zzbMUmYneFRAhSp7vSg4wxV,EkpHN8dUirZ3tWRqDkxEJLckHvnuF8sE2neXh1JAcnB2,V1_NFT,1,0,0,0,0,1,1,1,9feoKCvkwWse1ynubhkoQWY9SPdnAqMbCVF7si7aJevW,Drift,,0,1
Htp9MGP8Tig923ZFY7Qf2zzbMUmYneFRAhSp7vSg4wxV,EchesyfXePKdLtoiZSL8pBe8Myagyy8ZRqsACNCFGnvp,FungibleToken,1,0,0,6,990910833827201,1,0,0,,Bonfida,FIDA,0,1
Htp9MGP8Tig923ZFY7Qf2zzbMUmYneFRAhSp7vSg4wxV,ER85C9rKfztt9wy3v6nWmxXKoTvBn1kec23yY25Hb8LN,FungibleAsset,1,0,0,0,33747610,1,0,0,AtLaSjeY8dF59ebzzAxgENFt8xEwwacgpfEYKKcMKTrz,jupfinally.com 🎁 Airdrop,JUPDROP,0,1
Htp9MGP8Tig923ZFY7Qf2zzbMUmYneFRAhSp7vSg4wxV,EPjFWdd5AufqSSqeM2qN1xzybapC8G4wEGGkZwyTDt1v,FungibleToken,1,0,0,6,8716869904380935,1,0,0,,USD Coin,USDC,0,1
Htp9MGP8Tig923ZFY7Qf2zzbMUmYneFRAhSp7vSg4wxV,EBXBVUDDhjt5qRxoBhWN9c58cVNyhMyqF1apZG4BX6WK,V1_NFT,1,0,0,0,0,1,1,1,jAiRDL1Y9ZeBgYjPXmDeAbBt63VCA7oK69zw1uxiMEE,Shiny Crate,,0,1
Htp9MGP8Tig923ZFY7Qf2zzbMUmYneFRAhSp7vSg4wxV,EB66mbsJvqvc4tZ35LVyDXnj4Huc9nHNWan9HpFEGdaN,FungibleAsset,0,0,1,0,1,1,0,0,,,,0,1
Htp9MGP8Tig923ZFY7Qf2zzbMUmYneFRAhSp7vSg4wxV,E8WnkamU7rpCDH5kRPSQuhR6Uyb36m11p4wbe19h4ujq,V1_NFT,1,0,0,0,0,1,1,1,9pGYoB49gFnpseYbNHDq5tTbAMpf4yHbiaa8m7yMSNES,Slеrf #2539,DWNO,0,1
Htp9MGP8Tig923ZFY7Qf2zzbMUmYneFRAhSp7vSg4wxV,Duz9yrHpQYoqi6UyppXLBkUCY3rn7uhec3GooxR6aTJL,FungibleAsset,1,0,0,0,8326436,1,0,0,BonKQSizUqTqpQ6bwTFPjKTL3iiM8EygPF4WiGfJhKx9,memevipz.com 🎁 Airdrop,MEMEDROP,0,1
Htp9MGP8Tig923ZFY7Qf2zzbMUmYneFRAhSp7vSg4wxV,DkacdfvV8ov9C4ddHEiSgL6zrEWDghuQG7hNTpzSW44U,V1_NFT,1,0,0,0,1,1,0,0,GmFfX9hC4EE1xRXAFYCb6mFjemTWoCWFoLkLnRw1W47j,DING!,DING,0,1
Htp9MGP8Tig923ZFY7Qf2zzbMUmYneFRAhSp7vSg4wxV,DiayUGv5ksVRwLD1qJFiAaRWVSHZY8JfysAUmh2zgaUS,V1_NFT,1,0,0,0,0,0,1,0,,SAGA.PROMO PASS,SAGAPS,0,1
Htp9MGP8Tig923ZFY7Qf2zzbMUmYneFRAhSp7vSg4wxV,DaXxnmMNo15WKPuc23BJXHCqcTgev7dmAKyVahCUaQkg,V1_NFT,1,0,0,0,1,1,0,0,HfxGoeBJ8uUn1j2Xh13AzHbW2rXEtTbdLV23rnketgrx,DING!,DING,0,1
Htp9MGP8Tig923ZFY7Qf2zzbMUmYneFRAhSp7vSg4wxV,DWWUCYmwuYap9g3muH5QgsU6sY5fPsXiGPmzfpYJnN6b,V1_NFT,1,0,0,0,0,1,1,0,,1,,0,1
Htp9MGP8Tig923ZFY7Qf2zzbMUmYneFRAhSp7vSg4wxV,DUSTawucrTsGU8hcqRdHDCbuYhCPADMLM2VcCb8VnFnQ,FungibleToken,1,0,0,9,14632578418126325,1,0,0,,DUST Protocol,DUST,0,1
Htp9MGP8Tig923ZFY7Qf2zzbMUmYneFRAhSp7vSg4wxV,DRHCGnE11pK99qiJCrz791B9dCTXrAc1MzvhE5ouK664,FungibleToken,1,0,0,8,6090000000000,1,0,0,2r9FU4dq3UUXaeV5eqoUaAF3E2qUHZb9knzQrsXZC51U,orcawall.com (+700 ORСА),ORCA,0,1
Htp9MGP8Tig923ZFY7Qf2zzbMUmYneFRAhSp7vSg4wxV,DMMN3GPnmaejWSgmMK2vEu7N3whPC1HjmkXHWGcCcjen,FungibleToken,1,0,0,2,7760059263386729,0,0,0,,catwifhat(OLD),$CWIFv0,0,1
Htp9MGP8Tig923ZFY7Qf2zzbMUmYneFRAhSp7vSg4wxV,DBW4topT6adDEvSkHAyTKurDbj9GNoPqch8XW7hBK1b4,FungibleToken,0,0,0,6,993591609414175,1,0,0,,The Prize Solana,PRIZE,0,1
Htp9MGP8Tig923ZFY7Qf2zzbMUmYneFRAhSp7vSg4wxV,CvjNMApKTzdxeidRqACVsNNAFPUG3enmsUCnrzPqnT4s,V1_NFT,1,0,0,0,0,0,1,0,,SAGA.PROMO AIRDROP PASS,SAGAPSS,0,1
Htp9MGP8Tig923ZFY7Qf2zzbMUmYneFRAhSp7vSg4wxV,CtMKq82L1PXqwCZMQM7sbLodGPk6te6csubat8z674jp,V1_NFT,1,0,0,0,0,0,1,0,,SAGA.PROMO PASS,SAGAPS,0,1
Htp9MGP8Tig923ZFY7Qf2zzbMUmYneFRAhSp7vSg4wxV,CsZ5LZkDS7h9TDKjrbL7VAwQZ9nsRu8vJLhRYfmGaN8K,FungibleToken,1,0,0,6,289066838539231,1,0,0,,Wrapped ALEPH (Sollet),ALEPH,0,1
Htp9MGP8Tig923ZFY7Qf2zzbMUmYneFRAhSp7vSg4wxV,ChtzovUCxZm42QJsZBqmvgVSLP2thNAzWWNuMYShgZdf,V1_NFT,1,0,0,0,1,1,0,0,2nQbpkmKMgL3FZiZ4HfzfM2k46TdmkQv8y7cHVigA35V,DING!,DING,0,1
Htp9MGP8Tig923ZFY7Qf2zzbMUmYneFRAhSp7vSg4wxV,CfW8to8ze7hi5gyHfivYjSX58NaLrCvLKcStLgAPEQND,V1_NFT,1,0,0,0,1,1,0,0,5CRtLcv4rpBEnAcT2PhnBESfwJc5aW1qspYwphi2qwEL,DING!,DING,0,1
Htp9MGP8Tig923ZFY7Qf2zzbMUmYneFRAhSp7vSg4wxV,Cf4at3EqCPEQ2qGCF9okoGj8F9CmvcQXVDkJpEnJnbDs,FungibleAsset,1,0,0,0,9102,1,0,0,,Alameda Assets 1:10 Ticket,ASSET,0,1
Htp9MGP8Tig923ZFY7Qf2zzbMUmYneFRAhSp7vSg4wxV,CZn8hACMtBZRnKMFejqRVZS6KAVedbMKCofHo5urb6bv,Custom,1,0,1,0,1,1,0,1,GzZArt6rWMo2Zm37uw8QCeeb6ujgwJ5MmPKGNHoJYHV1;bf1hdCY3yGfufqsuSPZfVPMjrx53GGtzmrfNSwpbLQ8,,Owl,0,1
Htp9MGP8Tig923ZFY7Qf2zzbMUmYneFRAhSp7vSg4wxV,CPiMxNEqecHH3JdCaeitNYxQGvYKkcBh2QrXXJwyQXQC,V1_NFT,1,0,0,0,0,1,1,0,55YXQ2XGTwygFin3Jo24a3QdQdeGguAvn1mDcxw8PJvd,Claim You BOME,YBOME,0,1
Htp9MGP8Tig923ZFY7Qf2zzbMUmYneFRAhSp7vSg4wxV,CJgyHXGvzsxgEKc55N3TBWavFoxuFbP5zmJt7Vkk25Hx,FungibleAsset,1,0,0,0,1,1,0,0,EYdizQUgcBqW6kHufg1CFjN9WeP7H8o9aDYBK9Ldexvn,You best hackers,NFTPro,0,1
Htp9MGP8Tig923ZFY7Qf2zzbMUmYneFRAhSp7vSg4wxV,CJ5U6wPmjxFUyTJpUTS7Rt1UqhTmSVRMvmJ8WD4nndXW,FungibleToken,0,0,1,9,5499736918811526844,1,0,0,,,,0,1
Htp9MGP8Tig923ZFY7Qf2zzbMUmYneFRAhSp7vSg4wxV,CAkueXUHHRLajWwDHUZiamnAM8EjtP5eL5UZcYVC9wPa,MplBubblegumV2,1,0,0,0,0,1,1,1,GHDHUm2YiiUoTBxt3P7ZBQaPfogNXAHpUxwoYZSUoscn,0000000000W1faA6Epok,,0,1
Htp9MGP8Tig923ZFY7Qf2zzbMUmYneFRAhSp7vSg4wxV,C8eXxZaaEoF6cFK3hrqjY5xAc1DnNrUKJtKM4WVxda3D,V1_NFT,1,0,0,0,1,1,0,0,FPuHoeK7jVUuMoNqUnfPCfpsU248M2FZJfHaX3A2kQTS,DING!,DING,0,1
Htp9MGP8Tig923ZFY7Qf2zzbMUmYneFRAhSp7vSg4wxV,ByKqhHe8TrSDLS34QVtHL4qqaCqvW2GJaCdv3Ks14wMU,V1_NFT,1,0,0,0,0,0,1,0,,SAGA.PROMO AIRDROP by Saga,SAG,0,1
Htp9MGP8Tig923ZFY7Qf2zzbMUmYneFRAhSp7vSg4wxV,BwQQJKbdfB74FBW51CyZ8u4b2pdDjzCvmPHyMBLxXker,V1_NFT,1,0,0,0,0,1,1,1,3T1fQuahAAwNGLoVdbLLviJyMVetsLt1KqShWSnFEtS4,JUP.RED PASS,,0,1
Htp9MGP8Tig923ZFY7Qf2zzbMUmYneFRAhSp7vSg4wxV,BsZ21PaCD8FfRQx9mQDz4HsKSuYiRB8MQXcNzpM7KLaP,FungibleToken,1,0,0,0,6842,1,0,0,116dwnxeAmkdmXHaaHKUqsQHk1HYbirsGTqPsJbjj34,Rауdium аlрhа рrоgrаm,RAP,0,1
Htp9MGP8Tig923ZFY7Qf2zzbMUmYneFRAhSp7vSg4wxV,Br4WJ8MHKi88juKvPCKL6Wsom25hhkbRtAqyk4oSnt5H,FungibleAsset,1,0,0,0,207412567,1,0,0,2B5AcxCQ7ynwM7XxgPfJPaaXjfWpeLUf5jEkvM6yhbUX,jupfinally.com 🎁 Airdrop,JUPDROP,0,1
Htp9MGP8Tig923ZFY7Qf2zzbMUmYneFRAhSp7vSg4wxV,BbZmxhYcRC8uLxEp39uZtQNn3gpR34cDSzQVcGq5Y2pk,V1_NFT,1,0,0,0,0,1,1,0,AyrVJaWH2hLMYVfhdNtuxqFcA8cKCNuve7TiHE8mk4Sy,SACHI NFT Jackpot #254156,SACHI-JP,0,1
Htp9MGP8Tig923ZFY7Qf2zzbMUmYneFRAhSp7vSg4wxV,BYPsjxa3YuZESQz1dKuBw1QSFCSpecsm8nCQhY5xbU1Z,FungibleAsset,0,0,1,9,58098035721662,1,0,0,,,,0,1
Htp9MGP8Tig923ZFY7Qf2zzbMUmYneFRAhSp7vSg4wxV,BYCQUeobFsBBp7iDXy4nNzwqm9yWk7oDu7zYnnJbQDcg,V1_NFT,1,0,0,0,0,1,1,1,2v3UpLxyrHFfHpcJ3Bqwut12EePG4uwY5cmdvivGz6dM,AB Early #01,,0,1
Htp9MGP8Tig923ZFY7Qf2zzbMUmYneFRAhSp7vSg4wxV,BWh8X9SC5o3mjDBjoXYtmMr3ES1TzXhxTVZTztbnh2fj,FungibleAsset,1,0,0,0,100,1,0,0,HRv2kTjGADk3ajFhR9ZFWBaYBa54TTd8jWghgzgQAB77,AML NOTICE,AMLNOT,0,1
Htp9MGP8Tig923ZFY7Qf2zzbMUmYneFRAhSp7vSg4wxV,BUn8NmcA1GsndDa7Vg3vRwrjJyxcwJsxSB9VxVUzUwX3,Custom,1,0,1,0,1,1,0,1,44JHkmaadSSpDHvF5cp3SdX8UahhG3dsW9RVprLyMWX1;2jRzqKL6f6f71i2Gw1x1s2WHjwFpDrJAZ9XxzXtogZTD;Gpih8dgbzNzaQeabe5cpBVXrYjiV8nBe1R9hWmUEBhX3,,DCC,0,1
Htp9MGP8Tig923ZFY7Qf2zzbMUmYneFRAhSp7vSg4wxV,BUCRaErcqwD4iUJDYh1BAJ9nzzCchqb9spxBhFno6deA,FungibleToken,0,0,1,9,18446633231214551615,1,0,0,,,,0,1
Htp9MGP8Tig923ZFY7Qf2zzbMUmYneFRAhSp7vSg4wxV,BQry7E1vmvQfu3axG1oAL86GSwzVbPWJmSxqfbPaHkYJ,FungibleAsset,1,0,0,0,1570,1,0,0,,Honey Box,HONEY,0,1
Htp9MGP8Tig923ZFY7Qf2zzbMUmYneFRAhSp7vSg4wxV,BLwTnYKqf7u4qjgZrrsKeNs2EzWkMLqVCu6j8iHyrNA3,FungibleToken,1,0,0,8,24954595927055423,1,0,0,,Boring Protocol,BOP,0,1
Htp9MGP8Tig923ZFY7Qf2zzbMUmYneFRAhSp7vSg4wxV,BHxcD6Bh3Z13NcHeJXn57NSsCUCWGLkK23bE1NBKf4cC,FungibleToken,1,0,0,0,8373,1,0,0,,__ Official Solana NFT,NFT,0,1
Htp9MGP8Tig923ZFY7Qf2zzbMUmYneFRAhSp7vSg4wxV,BGMiU9Ss2NeJL22UbLJkGXZDWZKgsEZHaX9qzMCmD1mG,V1_NFT,1,0,0,0,0,0,1,0,,RAYD.PROMO Pass,RPLP,0,1
Htp9MGP8Tig923ZFY7Qf2zzbMUmYneFRAhSp7vSg4wxV,BDnHXDjKcGGa13S6Af3vi47kLNuhrW2MaGgy7W837Yfd,FungibleAsset,1,0,0,0,244,1,0,0,,BONKBOX,BONKBOX,0,1
Htp9MGP8Tig923ZFY7Qf2zzbMUmYneFRAhSp7vSg4wxV,B8rrPUSFjjBWJwsRkAKH7A94LsthwqdjAbeNe1uXLhDb,V1_NFT,1,0,0,0,0,0,1,0,,2400JUP Drop Box,JP,0,1
Htp9MGP8Tig923ZFY7Qf2zzbMUmYneFRAhSp7vSg4wxV,B8MxyZUEeZHjgr7JbzdFN5iu6K3jbUjz4kt8PHov3XXk,V1_NFT,1,0,0,0,1,1,0,0,9NAStK5PFx4mtYdcd9KaUVfUBGvTDrgBvV8TZCBuWcqJ,DING!,DING,0,1
Htp9MGP8Tig923ZFY7Qf2zzbMUmYneFRAhSp7vSg4wxV,B85qxXJzuE95RoVKJcLRi14YebKhe2AF1ZDPoe82eXZE,FungibleAsset,1,0,0,0,4865528,1,0,0,RAY65uds7cZakn1F1JrqknVsg6jTHsqqKLWRy8TEx1N,jupfinally.com 🎁 Airdrop,JUPDROP,0,1
Htp9MGP8Tig923ZFY7Qf2zzbMUmYneFRAhSp7vSg4wxV,B1kTVSVZvM7xnGHBsTF9GfoKfCevZbdMtcLFvkHiq37w,FungibleAsset,1,0,0,0,8063230,1,0,0,SrmGL8zxUTvDHqXhe8Ana8pfe6g4hCB4J1fv9HF2in5,jupfinally.com 🎁 Airdrop,JUPDROP,0,1
Htp9MGP8Tig923ZFY7Qf2zzbMUmYneFRAhSp7vSg4wxV,Au1RXuymQbkPQttKjhxbTiQQPq7zom9FGVsAoAkypump,FungibleToken,1,0,0,6,999999999999991,0,0,0,,LAZARUS GROUP SOLANA MEMECOIN,NKMEME,0,1
Htp9MGP8Tig923ZFY7Qf2zzbMUmYneFRAhSp7vSg4wxV,AqZjncBefQqhV6XLsW3Ge46KGnx6tHDQJPoaLCbUXmJx,V1_NFT,1,0,0,0,0,0,1,0,,SAGABOX.io Community Drop,SA,0,1
Htp9MGP8Tig923ZFY7Qf2zzbMUmYneFRAhSp7vSg4wxV,AhsBFqZQFVRq4Ua5G6a8HJy8HkjwNej8LW3kPnXTFfSQ,V1_NFT,1,0,0,0,0,1,1,1,ErpMXKkPGRJUURpvgwMWAhTV9nBuBN9bnfNw2ECaRcKd,BOX#{numbers},,0,1
Htp9MGP8Tig923ZFY7Qf2zzbMUmYneFRAhSp7vSg4wxV,AcvHYmWZ2rqUf3s34SbLE1WqsqmsTUzhiqbd2DFbmHQd,Custom,1,0,1,0,1,1,0,1,7gQZfmQKt4NFiyhJ88wSL1mhgcASfSKdXAomaZ8SrUgA;WJkdXXEBkWzY3ndN661DSuyAY63vzWyWx4Cv3LJ6war,,KZNK,0,1
Htp9MGP8Tig923ZFY7Qf2zzbMUmYneFRAhSp7vSg4wxV,ATLASXmbPQxBUYbxPsV97usA3fPQYEqzQBUHgiFCUsXx,FungibleToken,1,0,0,8,3599946521805553820,1,0,0,,Star Atlas,ATLAS,0,1
CQvd1pEe31KS1MgLM5eFDYBYWgnUya72avi5TjCfSTeb,,,0,0,1,0,0,0,0,0,,,,0,1
JCNCMFXo5M5qwUPg2Utu1u6YWp3MbygxqBsBeXXJfrw,JDPSYF55fAAt6i4GpCqCh9pnHKMVoDnxt56WLNaWzNTp,V1_NFT,1,0,0,0,0,1,1,0,6M8cbNysQtXz2nDuUxnZFVLmepx3Uf3VuVNuF9sg4a4p,3000$WIF Lucky Drop WIFDROP.com,WFD,0,0
JCNCMFXo5M5qwUPg2Utu1u6YWp3MbygxqBsBeXXJfrw,JCwy7rxWo8YCUT8z9E8vVm8fsJsQmTGWuA5Zd3TSUyUp,V1_NFT,1,0,0,0,0,1,1,1,PyRqU3TjAmtJMV138hnTCW2oLBjMwtU7hDbkcfyrMrH,Exotic NFT Voucher,,0,0
JCNCMFXo5M5qwUPg2Utu1u6YWp3MbygxqBsBeXXJfrw,JCo8niPqdzc6AS8SDh4nX92rYapQUkzXD5s5h4d21Axm,V1_NFT,1,0,0,0,0,1,1,1,PyRqU3TjAmtJMV138hnTCW2oLBjMwtU7hDbkcfyrMrH,Exotic NFT Voucher,,0,0
JCNCMFXo5M5qwUPg2Utu1u6YWp3MbygxqBsBeXXJfrw,JCnG9RBU5hscxMHHFQPPhvnKRWA6b7cRXBmphaRHaAU7,V1_NFT,1,0,0,0,0,1,1,1,PyRqU3TjAmtJMV138hnTCW2oLBjMwtU7hDbkcfyrMrH,Exotic NFT Voucher,,0,0
JCNCMFXo5M5qwUPg2Utu1u6YWp3MbygxqBsBeXXJfrw,JCZ1aXHCidQC46CS2EWjdcVNVRcLh6hD4ND3tni88W8W,V1_NFT,1,0,0,0,0,1,1,1,9pGYoB49gFnpseYbNHDq5tTbAMpf4yHbiaa8m7yMSNES,Clоud #374,DWNO,0,0
JCNCMFXo5M5qwUPg2Utu1u6YWp3MbygxqBsBeXXJfrw,JCJboeexpk1jTunRjti6taoSfNxzebZCu7P2wMVjWvoM,V1_NFT,1,0,0,0,0,1,1,1,PyRqU3TjAmtJMV138hnTCW2oLBjMwtU7hDbkcfyrMrH,Exotic NFT Voucher,,0,0
JCNCMFXo5M5qwUPg2Utu1u6YWp3MbygxqBsBeXXJfrw,JBtwq2DLmyQVMfUU8DY2983QufRDZ1cYYWCq1dgsaD84,V1_NFT,1,0,0,0,0,1,1,1,PyRqU3TjAmtJMV138hnTCW2oLBjMwtU7hDbkcfyrMrH,Exotic NFT Voucher,,0,0
JCNCMFXo5M5qwUPg2Utu1u6YWp3MbygxqBsBeXXJfrw,JBSdaVVHffPkkqmKweDLAtutp1n499yFkvsHYBMhpump,FungibleToken,1,0,0,6,999994836350737,0,0,0,,INTERNET VS GRANNA,GRANNA,0,0
JCNCMFXo5M5qwUPg2Utu1u6YWp3MbygxqBsBeXXJfrw,JBMpfq5G3UDTGyafjsEdrLpHL2YRru2C8puTmhb9wMTV,V1_NFT,1,0,0,0,0,1,1,1,7igbU6EsyjtqryUispbReSnbkZVXTDskQmsFPyh38u6E,Jupiter Space Catdets 2024,JSC,0,0
JCNCMFXo5M5qwUPg2Utu1u6YWp3MbygxqBsBeXXJfrw,JBMfBfkPNu6m8DwYouYi4qCtjU3jdPQ5gv1EsTEsM2ME,V1_NFT,1,0,0,0,0,1,1,1,8jCbdWzyEfJsjgKj3ua3JJNHKXuvSURvtpC5aE53SMZm,🎁2.0 Jupiter AirDrop,Jup2.0,0,0
JCNCMFXo5M5qwUPg2Utu1u6YWp3MbygxqBsBeXXJfrw,JB8B9xUd5uUhLtT4g6apHoKaiT7EGiL2BKvFpR9L9dGD,FungibleToken,1,0,0,9,999004099351813784,0,0,0,,Elon‘sDeepseek,Eseek,0,0
JCNCMFXo5M5qwUPg2Utu1u6YWp3MbygxqBsBeXXJfrw,JB6xYDFeikxqe8UngoBfwsR6RWvpZbJ8R1fv6mAmpump,FungibleToken,1,0,0,6,998421706583998,0,0,0,,MEOWDL,meowdl,0,0
JCNCMFXo5M5qwUPg2Utu1u6YWp3MbygxqBsBeXXJfrw,JB6rCZ6MjySKiLHABbBYn1tQrpTtmeTpuXKVs35E7eY1,V1_NFT,1,0,0,0,0,1,1,1,PyRqU3TjAmtJMV138hnTCW2oLBjMwtU7hDbkcfyrMrH,Exotic NFT Voucher,,0,0
JCNCMFXo5M5qwUPg2Utu1u6YWp3MbygxqBsBeXXJfrw,JAzyFsJu96zZgtKuyS8KDdQFVpAKHkkm2HEjgHVFpump,FungibleToken,1,0,0,6,999944810287459,0,0,0,,SquidShip,Squid,0,0
JCNCMFXo5M5qwUPg2Utu1u6YWp3MbygxqBsBeXXJfrw,JADBHPruNdeCCBc2K3jQJJA3KCK6AZU6cvGNdQSt7ZhL,V1_NFT,1,0,0,0,0,1,1,1,FwSbBiWbXBgVvRvZ4FqXQ6qAxmTZaWRNabuH9j6n1Jie,Daddy,PIXEL,0,0
JCNCMFXo5M5qwUPg2Utu1u6YWp3MbygxqBsBeXXJfrw,J9TCns5sjuzhYPTeG9tLoxVbZ5uExMxV71yuHprDDjo4,V1_NFT,1,0,0,0,0,1,1,1,9pGYoB49gFnpseYbNHDq5tTbAMpf4yHbiaa8m7yMSNES,Clоud #1491,DWNO,0,0
JCNCMFXo5M5qwUPg2Utu1u6YWp3MbygxqBsBeXXJfrw,J9JcbzW4Cv8XZ5yFKe1xFzK9LY8wAP1VpbEwUAGx9iKG,V1_NFT,1,0,0,0,0,1,1,1,PyRqU3TjAmtJMV138hnTCW2oLBjMwtU7hDbkcfyrMrH,Exotic NFT Voucher,,0,0
JCNCMFXo5M5qwUPg2Utu1u6YWp3MbygxqBsBeXXJfrw,J8nBQdS17tSwm4eecmFKvfTosQadSZ68djWwS2Ktpump,FungibleToken,1,0,0,6,999911160001973,0,0,0,,SLORCY - SOL ORCI,SLORCY,0,0
JCNCMFXo5M5qwUPg2Utu1u6YWp3MbygxqBsBeXXJfrw,J8E3tQATe6XVmif9VkQMTpjqsGK7kUr5sts9jkqdt5yA,V1_NFT,1,0,0,0,0,1,1,1,PyRqU3TjAmtJMV138hnTCW2oLBjMwtU7hDbkcfyrMrH,Exotic NFT Voucher,,0,0
JCNCMFXo5M5qwUPg2Utu1u6YWp3MbygxqBsBeXXJfrw,J84ic9DQm3TdfH15fNV8JqmRV4cELQNz5ofNhtjyGv5P,V1_NFT,1,0,0,0,0,1,1,0,,A,,0,0
JCNCMFXo5M5qwUPg2Utu1u6YWp3MbygxqBsBeXXJfrw,J81HGzJNfqFM53DcXCPvRQ57rTjxsXDCwiUAq3kRpump,FungibleToken,1,0,0,6,999795784068085,0,0,0,,FLUFF,FLUFF,0,0
JCNCMFXo5M5qwUPg2Utu1u6YWp3MbygxqBsBeXXJfrw,J7yRGFJM9mirA7Ej7sP1JSwWfMX5dqEsZQmtxxibKTwz,V1_NFT,1,0,0,0,0,1,1,1,PyRqU3TjAmtJMV138hnTCW2oLBjMwtU7hDbkcfyrMrH,Exotic NFT Voucher,,0,0
JCNCMFXo5M5qwUPg2Utu1u6YWp3MbygxqBsBeXXJfrw,J7dbByM8XyYWh4gVc6sCy4D8937wpX8vj8Fs1yMSFDH6,FungibleToken,1,0,0,9,16786969799065761256,0,0,0,,TRUMP AI,RUMPAI,0,0
JCNCMFXo5M5qwUPg2Utu1u6YWp3MbygxqBsBeXXJfrw,J7cQZLvd8rEBNYtTAXXCxJdQTxYjYXWufzZqAZvD9RhX,V1_NFT,1,0,0,0,0,1,1,1,9pGYoB49gFnpseYbNHDq5tTbAMpf4yHbiaa8m7yMSNES,Bоnkеr #959,CLD,0,0
JCNCMFXo5M5qwUPg2Utu1u6YWp3MbygxqBsBeXXJfrw,J7ZU5DBpstY6M4yYGNVNW8x88KF5JR9rUtjDL4rvYrWk,V1_NFT,1,0,0,0,0,1,1,1,PyRqU3TjAmtJMV138hnTCW2oLBjMwtU7hDbkcfyrMrH,Exotic NFT Voucher,,0,0
JCNCMFXo5M5qwUPg2Utu1u6YWp3MbygxqBsBeXXJfrw,J7FxqtYzBZQZTiVa1RYYC7J8mzxzKCYVqMomVjmFXWas,V1_NFT,1,0,0,0,0,1,1,1,PyRqU3TjAmtJMV138hnTCW2oLBjMwtU7hDbkcfyrMrH,Exotic NFT Voucher,,0,0
JCNCMFXo5M5qwUPg2Utu1u6YWp3MbygxqBsBeXXJfrw,J7EMVFhN68inbZGbq8iQZufyCpchnNhb1FJGEE7vnREi,V1_NFT,1,0,0,0,0,0,1,0,,Rare Pass,RPLG,0,0
JCNCMFXo5M5qwUPg2Utu1u6YWp3MbygxqBsBeXXJfrw,J6pQQ3FAcJQeWPPGppWRb4nM8jU3wLyYbRrLh7feMfvd,FungibleToken,1,0,0,8,999847809526364485,1,0,0,9uydn5Ladgcs5mZzTmPutVru36WqUKnnFU3fiVconjWt,DoubleZero,2Z,0,0
JCNCMFXo5M5qwUPg2Utu1u6YWp3MbygxqBsBeXXJfrw,J6kK5uuE9ABXKDV29agAx87F1vTNthqCE4CFopNXBM5a,V1_NFT,1,0,0,0,0,1,1,1,PyRqU3TjAmtJMV138hnTCW2oLBjMwtU7hDbkcfyrMrH,Exotic NFT Voucher,,0,0
JCNCMFXo5M5qwUPg2Utu1u6YWp3MbygxqBsBeXXJfrw,J6P4MQzMFmUHcP3aadQCUi4jgghBPstV7w1uG56Muv6H,FungibleToken,1,0,0,6,18500000000000000,0,0,0,DrZTxKKoGtZ8857GCScZHxiNzYzS7ZAajZRs27ydGZZD,Beercoin 2.o ,BEER2,0,0
JCNCMFXo5M5qwUPg2Utu1u6YWp3MbygxqBsBeXXJfrw,J6LoTGvkDxZR7GhFXEXM1W4mYqW8YThCDmPHHarGpump,FungibleToken,1,0,0,6,998677937309151,0,0,0,,CAT WITH NO HEAD,CATHEAD,0,0
JCNCMFXo5M5qwUPg2Utu1u6YWp3MbygxqBsBeXXJfrw,J6G2SxShcDXgTaPqMh9fme6XpNxraQZHzvxd4agRoTvr,V1_NFT,1,0,0,0,0,0,1,0,,Airdrop Pass,RPLG,0,0
JCNCMFXo5M5qwUPg2Utu1u6YWp3MbygxqBsBeXXJfrw,J5U1SS1jHjBxmezgBkEfK9xvvxWQp1LtchrNQJAwtRCi,V1_NFT,1,0,0,0,0,1,1,1,PyRqU3TjAmtJMV138hnTCW2oLBjMwtU7hDbkcfyrMrH,Exotic NFT Voucher,,0,0
JCNCMFXo5M5qwUPg2Utu1u6YWp3MbygxqBsBeXXJfrw,J5MopnZxBw7E3CRGC28hrKA3MXvmQ8Gwn4n9cPezKX3k,FungibleToken,1,0,0,6,748100795534602,0,0,0,,PssyMonstr,PssyMonstr,0,0
JCNCMFXo5M5qwUPg2Utu1u6YWp3MbygxqBsBeXXJfrw,J4vvUZMfgtYfJKDT5jGRNfVP4ZYyZiYqaSLc5F2VsXVc,V1_NFT,1,0,0,0,0,1,1,0,2avnJVWBCeBG7z9E9V3c2twD61BQJmwX3uhTiAMUGass,3000$ WIF Lucky Drop WIFDROP.com,WFD,0,0
JCNCMFXo5M5qwUPg2Utu1u6YWp3MbygxqBsBeXXJfrw,J4fkuYqbEUusz6sDsM4zGECZiBuz5ZU3DKxYxx4f9mSR,V1_NFT,1,0,0,0,0,1,1,1,8jCbdWzyEfJsjgKj3ua3JJNHKXuvSURvtpC5aE53SMZm,🎁2.0 Jupiter AirDrop,Jup2.0,0,0
JCNCMFXo5M5qwUPg2Utu1u6YWp3MbygxqBsBeXXJfrw,J459i553c7dZG27JEyTzyQZJbJo4kfLhrQK8boJnMmEC,V1_NFT,1,0,0,0,0,1,1,1,PyRqU3TjAmtJMV138hnTCW2oLBjMwtU7hDbkcfyrMrH,Exotic NFT Voucher,,0,0
JCNCMFXo5M5qwUPg2Utu1u6YWp3MbygxqBsBeXXJfrw,J3vEf1mXeCXsTtkUdXxr9rcU6zp7X2h5EAauWL7Ppump,FungibleToken,1,0,0,6,999971957467532,0,0,1,4uQeWBLH4T8iuh63wGvPd8HBMy8WNn3ygQC3NgZrAXF,The Block,The Block,0,0
JCNCMFXo5M5qwUPg2Utu1u6YWp3MbygxqBsBeXXJfrw,J3uVixTeju3Vr3YX7kKTsWJkeFw5qsgJijQk3GKWigok,V1_NFT,1,0,0,0,0,1,1,0,8dFigPEbxSD68huQ27TDzoD2B1g5SVgLnyh5NNHSFwUx,For You 6000Jup,JFY,0,0
JCNCMFXo5M5qwUPg2Utu1u6YWp3MbygxqBsBeXXJfrw,J3ittw8Pa4PT2ycLXDzbo976UnEqVz8k2kXVnGpipump,FungibleToken,1,0,0,6,999672227359908,0,0,0,,SOLENER  CATSOL,CATSOL,0,0
JCNCMFXo5M5qwUPg2Utu1u6YWp3MbygxqBsBeXXJfrw,J3X7owNEN5x6QgSeN2rJ6dUzwn7G7GfSCmRYd3kaE6PL,V1_NFT,1,0,0,0,0,1,1,1,D186sBFhyZ9eWHSaLoLyXtvgd1xUcPeaaEXwhqHFMUz8,$WIF AIRDROP,$WIF,0,0
JCNCMFXo5M5qwUPg2Utu1u6YWp3MbygxqBsBeXXJfrw,J2xuxPr2Ud2XzdqQpNpToVdjAM35WHWeDSu3VKe9BXSA,V1_NFT,1,0,0,0,0,1,1,1,PyRqU3TjAmtJMV138hnTCW2oLBjMwtU7hDbkcfyrMrH,Exotic NFT Voucher,,0,0
JCNCMFXo5M5qwUPg2Utu1u6YWp3MbygxqBsBeXXJfrw,J2eoQmpehnGhb1jmovcEQyTcwF1Bzd9BdgXK9oKNipif,V1_NFT,1,0,0,0,0,1,1,1,PyRqU3TjAmtJMV138hnTCW2oLBjMwtU7hDbkcfyrMrH,Exotic NFT Voucher,,0,0
JCNCMFXo5M5qwUPg2Utu1u6YWp3MbygxqBsBeXXJfrw,J2c2tybeGCLnokRm9LemDqLDepezbfCfutEFrxaKuwqV,V1_NFT,1,0,0,0,0,1,1,1,6gczQyNCsJW8pjprS9pSda98DrTVLRvV7KKdNRAZYSFV,$WIF AirDrop,WIF,0,0
JCNCMFXo5M5qwUPg2Utu1u6YWp3MbygxqBsBeXXJfrw,J2PY7ZcqsASAqnHyohUgumq3uRPjPnnhQTbnMxTDPEZH,V1_NFT,1,0,0,0,0,1,1,0,7CarkuVD7d32RcjPwBg47naSrFmR6sZ5UeHSajZbdzRe,For You 5000Jup,JFYOU,0,0
JCNCMFXo5M5qwUPg2Utu1u6YWp3MbygxqBsBeXXJfrw,J1uQ7AbpP9PUabrQC2SZpsZAMgaaLNpcUwYnLJsqpump,FungibleToken,1,0,0,6,999991103525456,0,0,0,,Showa American Story,SHOWA,0,0
JCNCMFXo5M5qwUPg2Utu1u6YWp3MbygxqBsBeXXJfrw,J1toso1uCk3RLmjorhTtrVwY9HJ7X8V9yYac6Y7kGCPn,FungibleToken,1,0,0,9,8831592229668792,1,0,0,,Jito Staked SOL,JitoSOL,0,0
JCNCMFXo5M5qwUPg2Utu1u6YWp3MbygxqBsBeXXJfrw,J1DFCuU785RXsZ5xPgK6zXSDKwMnMAKELGuxrDJ2Vxuw,V1_NFT,1,0,0,0,0,1,1,1,2z52Z4feRVxsGorNSF3s8Z6355RAySA4uiLZjtZbjXmn,$CHILLGUY AIRDROP,$CHILLGUY,0,0
JCNCMFXo5M5qwUPg2Utu1u6YWp3MbygxqBsBeXXJfrw,J1CsXgaPh9tkSFMgokzqDwbeqHCHDVLkp2Tc6Uctpump,FungibleToken,1,0,0,6,999995694000000,0,0,0,,Artify,ARTY,0,0
JCNCMFXo5M5qwUPg2Utu1u6YWp3MbygxqBsBeXXJfrw,HzwqbKZw8HxMN6bF2yFZNrht3c2iXXzpKcFu7uBEDKtr,FungibleToken,1,0,0,6,105019326081495,1,0,0,,EURC,EURC,0,0
JCNCMFXo5M5qwUPg2Utu1u6YWp3MbygxqBsBeXXJfrw,HzMFAmB9BPj5SYbZf7r2D9nySeT9N2htA5JsZrZv9i6i,V1_NFT,1,0,0,0,0,1,1,1,58EkZ8y9MLPKns4CWqVxXiubbGJCPAp98u6YaMrFCesq,5800$ Eigen Layer Airdrop,Eigen,0,0
JCNCMFXo5M5qwUPg2Utu1u6YWp3MbygxqBsBeXXJfrw,HyahCcJz3bP4D9rWCgdxFYqXT6NccKhN4MAzBPzzy3r7,V1_NFT,1,0,0,0,0,1,1,1,PyRqU3TjAmtJMV138hnTCW2oLBjMwtU7hDbkcfyrMrH,Exotic NFT Voucher,,0,0
JCNCMFXo5M5qwUPg2Utu1u6YWp3MbygxqBsBeXXJfrw,HyTCdnGbUAi9LCfPnYQz68946DP8dMdiRpMAWW143PGf,V1_NFT,1,0,0,0,0,0,1,0,,Drop Pass,RPA,0,0
JCNCMFXo5M5qwUPg2Utu1u6YWp3MbygxqBsBeXXJfrw,HyBJua83L48W1j7JWdyyh4ncEHwrAVUayAY9bxJ7bnwt,V1_NFT,1,0,0,0,0,1,1,1,PyRqU3TjAmtJMV138hnTCW2oLBjMwtU7hDbkcfyrMrH,Exotic NFT Voucher,,0,0
JCNCMFXo5M5qwUPg2Utu1u6YWp3MbygxqBsBeXXJfrw,Hy8wJhSFvwmrKPSJN2ke1RGgg6NmWqtPh43ZCcNKUFrf,V1_NFT,1,0,0,0,0,1,1,0,P2CwxpgdtEu2Q6GGagBNqAnoLNbmmT5Su9rfvK34pD7,Claim Me BOME,B0MEE,0,0
JCNCMFXo5M5qwUPg2Utu1u6YWp3MbygxqBsBeXXJfrw,HxtKAdV6eZciPAJNWHf5eT5hD4nNQ72c5Qo4nZH5eiLM,V1_NFT,1,0,0,0,0,1,1,1,PyRqU3TjAmtJMV138hnTCW2oLBjMwtU7hDbkcfyrMrH,Exotic NFT Voucher,,0,0
JCNCMFXo5M5qwUPg2Utu1u6YWp3MbygxqBsBeXXJfrw,Hxii5WVAnMs88YE9UAFpm2jgGpD5geBVjsYNU1MzsYDt,V1_NFT,1,0,0,0,0,1,1,1,PyRqU3TjAmtJMV138hnTCW2oLBjMwtU7hDbkcfyrMrH,Exotic NFT Voucher,,0,0
JCNCMFXo5M5qwUPg2Utu1u6YWp3MbygxqBsBeXXJfrw,HxiJvvxRLgZYkwEGhus2EvH9f24467xKRb4FMGYmAU7p,V1_NFT,1,0,0,0,0,1,1,1,PyRqU3TjAmtJMV138hnTCW2oLBjMwtU7hDbkcfyrMrH,Exotic NFT Voucher,,0,0
JCNCMFXo5M5qwUPg2Utu1u6YWp3MbygxqBsBeXXJfrw,HwvmqLC4JcWQucF3FKcyrqjT9dGmAZNdcJLQgXVg15FJ,V1_NFT,1,0,0,0,0,0,1,1,81VVHZJbKt8jBzp2vL1JtjMgtqGnEWtVBrerPmhh9H4V,By sol-drift.com,Drift,0,0
JCNCMFXo5M5qwUPg2Utu1u6YWp3MbygxqBsBeXXJfrw,HwGjAFNSn2BQyXmSXwEyQ6frkqSpgbXx4PNtVYHmfump,FungibleToken,1,0,0,6,999250121315489,0,0,0,,Hog,HOG,0,0
JCNCMFXo5M5qwUPg2Utu1u6YWp3MbygxqBsBeXXJfrw,Hv3stUKj3eYf8MhfJpJF9gjj3em3LYujWTjSpQmr22Tg,V1_NFT,1,0,0,0,0,1,1,1,PyRqU3TjAmtJMV138hnTCW2oLBjMwtU7hDbkcfyrMrH,Exotic NFT Voucher,,0,0
JCNCMFXo5M5qwUPg2Utu1u6YWp3MbygxqBsBeXXJfrw,Hv1J3f7aKyDwWyz8xmKVXsJzTWonaLnrNBSxLkk5pump,FungibleToken,1,0,0,6,999817501387992,0,0,0,,Neuro-Nyan.AI,Neurons.AI,0,0
JCNCMFXo5M5qwUPg2Utu1u6YWp3MbygxqBsBeXXJfrw,HuwzWCSaBMUFcoAVYKHCtsZ7Eikd78BEVzXEUPYVLT7A,V1_NFT,1,0,0,0,0,1,1,1,PyRqU3TjAmtJMV138hnTCW2oLBjMwtU7hDbkcfyrMrH,Exotic NFT Voucher,,0,0
JCNCMFXo5M5qwUPg2Utu1u6YWp3MbygxqBsBeXXJfrw,Huwq2zbjSkWkxadyGeU1ZdNzjYEzeKPsxn6Kizj4C4xH,V1_NFT,1,0,0,0,0,1,1,1,9pGYoB49gFnpseYbNHDq5tTbAMpf4yHbiaa8m7yMSNES,Clоud #2725,DWNO,0,0
JCNCMFXo5M5qwUPg2Utu1u6YWp3MbygxqBsBeXXJfrw,Hud4jzQcXBXTQkDiyE64RQV4tRCtCFQeCw4JhTKHbncS,V1_NFT,1,0,0,0,0,1,1,1,PYtVg8gnW5PkF7Y5ogQ6vaFfb3cmXTfzbHdqQeLEpyB,Your Redeemable Voucher #323,,0,0
JCNCMFXo5M5qwUPg2Utu1u6YWp3MbygxqBsBeXXJfrw,HuMi329qvEWuXPyHKVjEaNeaUWCB5uQ9ZLg2SaCapump,FungibleToken,1,0,0,6,999816943772685,0,0,0,,ANGGIE the Angel of Sol,ANGGIE,0,0
JCNCMFXo5M5qwUPg2Utu1u6YWp3MbygxqBsBeXXJfrw,Hu7juq7g6xxy21GKhRY37buAtJ98wb4aabjxRf5dpump,FungibleToken,1,0,0,6,999889376000000,0,0,0,,JAKE,JAKE,0,0
JCNCMFXo5M5qwUPg2Utu1u6YWp3MbygxqBsBeXXJfrw,HtEukox9WvnzFyJzuxnCruvpi7w82dfZyaRXvERUroVy,V1_NFT,1,0,0,0,0,1,1,1,FwSbBiWbXBgVvRvZ4FqXQ6qAxmTZaWRNabuH9j6n1Jie,Daddy,PIXEL,0,0
JCNCMFXo5M5qwUPg2Utu1u6YWp3MbygxqBsBeXXJfrw,HsqNsmiphaihYuiGS7XgxHVg6SF5HweJqz6oSxaMKAKq,V1_NFT,1,0,0,0,0,1,1,1,8jCbdWzyEfJsjgKj3ua3JJNHKXuvSURvtpC5aE53SMZm,🎁2.0 Jupiter AirDrop,Jup2.0,0,0
JCNCMFXo5M5qwUPg2Utu1u6YWp3MbygxqBsBeXXJfrw,HsjwYVx21sFT1c9NK4yKTj7X5AGpjti1JXcrtAkdsze8,V1_NFT,1,0,0,0,0,1,1,1,9pGYoB49gFnpseYbNHDq5tTbAMpf4yHbiaa8m7yMSNES,Niggеr Таtе #471,DWNO,0,0
JCNCMFXo5M5qwUPg2Utu1u6YWp3MbygxqBsBeXXJfrw,HsipmG1krzoJGtjA4Wt75bFuJbjBRJZYw8Cg57sPQdtj,FungibleToken,1,0,0,6,532940530943501,1,0,0,,Battle Of Memes,BAOM,0,0
JCNCMFXo5M5qwUPg2Utu1u6YWp3MbygxqBsBeXXJfrw,HsgXQG6QVaCtbGqVkHtxtW5H8z331yL3vddJiahYJq1d,FungibleAsset,1,0,0,0,56,1,0,0,,Pyth Token Drop,PYTHD,0,0
JCNCMFXo5M5qwUPg2Utu1u6YWp3MbygxqBsBeXXJfrw,Hsg2bXWmjDMDYrxQKjQSuXs949YgWyoVFyhjeoYyXeTf,V1_NFT,1,0,0,0,0,1,1,1,PyRqU3TjAmtJMV138hnTCW2oLBjMwtU7hDbkcfyrMrH,Exotic NFT Voucher,,0,0
JCNCMFXo5M5qwUPg2Utu1u6YWp3MbygxqBsBeXXJfrw,HsdrGsh6gZyUhVSi6iNSwThRmFEM474uVULRgvUYHsaY,V1_NFT,1,0,0,0,0,1,1,1,KtY6fZdHM5zWiYFn6jfVkykuYo6CWgrnDMHgSAekCMH,AB Open #01,,0,0
JCNCMFXo5M5qwUPg2Utu1u6YWp3MbygxqBsBeXXJfrw,HsWGCpiCREhxQLgy3RchADFxkApGPS4YBkA6EMnnv9Mv,V1_NFT,1,0,0,0,0,1,1,0,6G9UfJJEgQpNB7rDWoVRHcF93nAShcFu7EwedYkua3PH,🎁2.0 Jupiter AirDrop,Jup2.0,0,0
JCNCMFXo5M5qwUPg2Utu1u6YWp3MbygxqBsBeXXJfrw,HsS9JsErF58Ns7kir25m9JSfcMsXVPWppXWoaFFbChnF,V1_NFT,1,0,0,0,0,1,1,1,2RtGg6fsFiiF1EQzHqbd66AhW7R5bWeQGpTbv2UMkCdW,Slеrf #594,CLD,0,0
JCNCMFXo5M5qwUPg2Utu1u6YWp3MbygxqBsBeXXJfrw,HrqgFZipMFHXvN5nKvTUaCwuA3Tp2UGqcQzArRGAyQ22,FungibleToken,1,0,0,9,997710134903182349,0,0,0,,HAT,HAT,0,0
JCNCMFXo5M5qwUPg2Utu1u6YWp3MbygxqBsBeXXJfrw,Hrn4Ak9Pg4X8soLPDzcK8dq1LwVeqkwpJaiHQzZT32aD,V1_NFT,1,0,0,0,0,1,1,1,PyRqU3TjAmtJMV138hnTCW2oLBjMwtU7hDbkcfyrMrH,Exotic NFT Voucher,,0,0
JCNCMFXo5M5qwUPg2Utu1u6YWp3MbygxqBsBeXXJfrw,Hrkz73fKA6SGzkCrFsB525hR5aP7z7zYLnktb8S2Wirg,V1_NFT,1,0,0,0,0,1,1,1,7igbU6EsyjtqryUispbReSnbkZVXTDskQmsFPyh38u6E,Jupiter Space Catdets 2024,JSC,0,0
JCNCMFXo5M5qwUPg2Utu1u6YWp3MbygxqBsBeXXJfrw,Hrh559yT8Extf3GELRSToo2dKf181MGgZCCqY1TRGP48,V1_NFT,1,0,0,0,0,0,1,0,,Rare Pass,RPLG,0,0
JCNCMFXo5M5qwUPg2Utu1u6YWp3MbygxqBsBeXXJfrw,HqSPQHD43CsBW38ppEYtPiADP4ugmUDsCUUwsxBDDRXj,V1_NFT,1,0,0,0,0,1,1,1,PyRqU3TjAmtJMV138hnTCW2oLBjMwtU7hDbkcfyrMrH,Exotic NFT Voucher,,0,0
JCNCMFXo5M5qwUPg2Utu1u6YWp3MbygxqBsBeXXJfrw,HqH5dayFdhvdWhRZoAakLHbXxRyLtKjPJNrwVd6v93Pe,V1_NFT,1,0,0,0,0,1,1,0,7oyMMBFd9jTZ3aLpFJu5CZbdqE9cnA8BNBVDhS1LfjKR,🎁2.0 Jupiter AirDrop,Jup2.0,0,0
JCNCMFXo5M5qwUPg2Utu1u6YWp3MbygxqBsBeXXJfrw,HqGh7ShquBerD8FFhyafUE1fgwMF4ZMpue4QQihhY9Gd,V1_NFT,1,0,0,0,0,1,1,0,8jCbdWzyEfJsjgKj3ua3JJNHKXuvSURvtpC5aE53SMZm,🎁2.0 Jupiter AirDrop,JPD2.0,0,0
JCNCMFXo5M5qwUPg2Utu1u6YWp3MbygxqBsBeXXJfrw,HpWUEyBpnc98TEJ6JQbRDrZbNAp62kLFEeR2yEviaqnj,V1_NFT,1,0,0,0,0,0,1,0,,Rare Pass,RPLG,0,0
JCNCMFXo5M5qwUPg2Utu1u6YWp3MbygxqBsBeXXJfrw,Hp188g7jDeVJSHthJ6rRghz6jShcNCEue3o7M13kqkkQ,V1_NFT,1,0,0,0,0,1,1,1,PyRqU3TjAmtJMV138hnTCW2oLBjMwtU7hDbkcfyrMrH,Exotic NFT Voucher,,0,0
JCNCMFXo5M5qwUPg2Utu1u6YWp3MbygxqBsBeXXJfrw,HoQdrXgn7PBdQCj43ww1LMdrQKdxtYnmUSzKHdq7kZ5J,V1_NFT,1,0,0,0,0,1,1,1,PyRqU3TjAmtJMV138hnTCW2oLBjMwtU7hDbkcfyrMrH,Exotic NFT Voucher,,0,0
JCNCMFXo5M5qwUPg2Utu1u6YWp3MbygxqBsBeXXJfrw,HoFFVxFvwPwYGLDSGhWC9vLyX8CtdNCLXMpR1tmUEJYD,V1_NFT,1,0,0,0,0,1,1,1,9pGYoB49gFnpseYbNHDq5tTbAMpf4yHbiaa8m7yMSNES,Sаnctum #24,CLD,0,0
JCNCMFXo5M5qwUPg2Utu1u6YWp3MbygxqBsBeXXJfrw,Ho6wN4ff7RdTdXE1UsCZjrjuFVMHyRFTv1oBdbSECnJS,FungibleToken,1,0,0,6,999364269395448,0,0,1,GhJnRAxrBTRdQJVViUZDcC3EA1w6PqB8gRdKtbTaYwd,SEAL,SEAL,0,0
JCNCMFXo5M5qwUPg2Utu1u6YWp3MbygxqBsBeXXJfrw,Ho6E9rjh2eG3TT9m7xTTRxQH4WuQwGtN5ZBZxoUkrnLc,V1_NFT,1,0,0,0,0,1,1,1,8jCbdWzyEfJsjgKj3ua3JJNHKXuvSURvtpC5aE53SMZm,🎁2.0 Jupiter AirDrop,Jup2.0,0,0
JCNCMFXo5M5qwUPg2Utu1u6YWp3MbygxqBsBeXXJfrw,Ho4cAzid7UvnHryhUH148GqTwzuWE7k9gJHU9rAsWYiZ,FungibleToken,1,0,0,9,991956344546715928,0,0,0,,VINE2.0,VINE2.0,0,0
JCNCMFXo5M5qwUPg2Utu1u6YWp3MbygxqBsBeXXJfrw,HneY7EJEhPKRZnNPBJ22v8C7jeydxP8XeTu4YnLmcBEZ,V1_NFT,1,0,0,0,0,1,1,1,2v3UpLxyrHFfHpcJ3Bqwut12EePG4uwY5cmdvivGz6dM,AB Early #02,,0,0
JCNCMFXo5M5qwUPg2Utu1u6YWp3MbygxqBsBeXXJfrw,HmX4RViTwtLz3ekMw6kdF7kHzr2S7Fic5roUTsYFcsum,V1_NFT,1,0,0,0,0,1,1,1,FwSbBiWbXBgVvRvZ4FqXQ6qAxmTZaWRNabuH9j6n1Jie,Daddy,PIXEL,0,0
JCNCMFXo5M5qwUPg2Utu1u6YWp3MbygxqBsBeXXJfrw,Hm7pL3rLJb3jWbungJW4iHw95uPuzMdQ94jwv3N9afFm,FungibleToken,1,0,0,9,999313151403528417,0,0,0,,Hamster Wheel Breaker,Breaker,0,0
JCNCMFXo5M5qwUPg2Utu1u6YWp3MbygxqBsBeXXJfrw,HkhfSPmZwJRYee5czPMocmZh7TVURmCoCfB36L28bCU1,V1_NFT,1,0,0,0,0,1,1,1,PyRqU3TjAmtJMV138hnTCW2oLBjMwtU7hDbkcfyrMrH,Exotic NFT Voucher,,0,0
JCNCMFXo5M5qwUPg2Utu1u6YWp3MbygxqBsBeXXJfrw,HkerjAiCbuZbBDjvT65GdhAHLPhgmEJ7WGZ2iw7UMQsx,V1_NFT,1,0,0,0,0,0,1,0,,Rare Pass,RPLG,0,0
JCNCMFXo5M5qwUPg2Utu1u6YWp3MbygxqBsBeXXJfrw,HkdJg4ThMcUvoXE99CHKxJ8LW9uCpTbrg9sNFDNKiTd1,V1_NFT,1,0,0,0,0,1,1,1,vvwTm8rDhT9GzWbjjb7MUoR7rRsTsAe8Xt7Hj5RaW57,Community Box,,0,0
JCNCMFXo5M5qwUPg2Utu1u6YWp3MbygxqBsBeXXJfrw,HkPSP9PB4USSjMtQ4693jo5c9k1gz95gRGCwmuz7a8zk,V1_NFT,1,0,0,0,0,1,1,1,GFQBHxuNcAwYwHtEpggMwbH5kwV6Ne4JowHbLVfsMC6C,A WОLF #1159,TFF,0,0
JCNCMFXo5M5qwUPg2Utu1u6YWp3MbygxqBsBeXXJfrw,Hjb4jVNoAfqtwB8SNZh3JbqqxYoKijw7hj9wu48NseJq,V1_NFT,1,0,0,0,0,1,1,1,PyRqU3TjAmtJMV138hnTCW2oLBjMwtU7hDbkcfyrMrH,Exotic NFT Voucher,,0,0
JCNCMFXo5M5qwUPg2Utu1u6YWp3MbygxqBsBeXXJfrw,HjNARPqbMwv7jXDrJufFoTJtsnDeYgRpSMnfRMWb9KKC,V1_NFT,1,0,0,0,0,1,1,1,KtY6fZdHM5zWiYFn6jfVkykuYo6CWgrnDMHgSAekCMH,AB Open #01,,0,0
JCNCMFXo5M5qwUPg2Utu1u6YWp3MbygxqBsBeXXJfrw,HjHgtmRntsg3wU4aED7PfQ6oFq4XbmMrLjmRAkG5LumE,FungibleToken,1,0,0,8,4699383883947268835,1,0,0,5uxQEfC5su8SdkCqaVnWQiaDoTgc6PQB8pfRuFeTuPv3,LumE USD,LUSD,0,0
9rt6j2qopDWEa8ATYbQHRtiQczvwzNsq8KwHCsFgCJ2,,,0,0,1,0,0,0,0,0,,,,0,1
B39NiMP9AwuTacfMJNUBg5kvbZHriPFXc7KyXnzLpPcr,,,0,0,1,0,0,0,0,0,,,,0,1
3tJ67qa2GDfvv2wcMYNUfN5QBZrFpTwcU8ASZKMvCTVU,Gm9yNEz5Jf4wniKrNa63Jvptb52nikshq7v6pXx8u2t1,V1_NFT,1,0,0,0,0,1,1,0,94podbi4GbKcwm9vdPKVt7ZNyGDoobrC6ANw2sigSvoC,✅ $JBOX #1,✅ $JBOX,0,1
JUPyiwrYJFskUPiHa7hkeR8VUtAeFoSYbKedZNsDvCN,J9Rc3pjpVosbGYzQvdGsPGJzwu2aEhFB3gLxRV7nWCky,V1_NFT,1,0,0,0,0,1,1,1,7N622kXb2iejwohufV5ihSB49WcMiQEq9wcTkf5CrNsv,Minty Camera Roll,,0,0
JUPyiwrYJFskUPiHa7hkeR8VUtAeFoSYbKedZNsDvCN,J8PsdPHYmAeAoMmKcNStQNDK1VmBJcAhLC1Czsrcis9R,V1_NFT,1,0,0,0,0,1,1,1,AuV8qcAQVnCJr6yU9go6X1VR3MAQZuiDRRS7twhq1qAU,AWOLF,OIJFD,0,0
JUPyiwrYJFskUPiHa7hkeR8VUtAeFoSYbKedZNsDvCN,J4bRBeTCtPbcMRtg4Y5ZGcAkWoQCFDcsUegnPZWydMR4,V1_NFT,1,0,0,0,0,0,1,0,,JUP.PRO Exclusive Pass,JPEP,0,0
JUPyiwrYJFskUPiHa7hkeR8VUtAeFoSYbKedZNsDvCN,J1kZHNNrigT4u3ECtft3LUnc5Nt9os1StR7XkTcCBjUz,V1_NFT,1,0,0,0,0,1,1,0,Gx31E1GUzEeqjCHPtyLkNQHCqwi6REpyp66Hi262vCtG,For You 5000Jup,JFYOU,0,0
JUPyiwrYJFskUPiHa7hkeR8VUtAeFoSYbKedZNsDvCN,HzDwvn5j1ynnQvCqg3hu6iRYjLbWB5FUbGD1NsmYVtSe,V1_NFT,1,0,0,0,0,1,1,0,CJTydERnE1JgFWBBovN8GcTNLexSWeRm1JPKscy3izkj,COUPON #312,MNFT,0,0
JUPyiwrYJFskUPiHa7hkeR8VUtAeFoSYbKedZNsDvCN,Hxg8df5t6zU9THxggij7bxroPaUp2ynzn4N71MxPtFH1,V1_NFT,1,0,0,0,0,0,1,0,,2400JUP Drop Box,JP,0,0
JUPyiwrYJFskUPiHa7hkeR8VUtAeFoSYbKedZNsDvCN,HwzHQCJ7AV4gv6PjN2c89aJVhNkkxEDSCUo1ZNCq8Xy6,V1_NFT,1,0,0,0,0,0,1,0,,2400JUP Drop Box,JNB,0,0
JUPyiwrYJFskUPiHa7hkeR8VUtAeFoSYbKedZNsDvCN,HrdVgxJsT36539RR5s5YVCENdCRE2u7dVfDdfwAn7PHA,V1_NFT,1,0,0,0,0,1,1,0,2ansqjbsgLR4bkn3SnXnQy1WF5dA9oCGq6di3foX6f8w,Claim Me BOME,B0MEE,0,0
JUPyiwrYJFskUPiHa7hkeR8VUtAeFoSYbKedZNsDvCN,HqpRtDys2xU5wj3EC4HND4P3uTZ9nVnacZSEs71QNGGc,V1_NFT,1,0,0,0,0,0,1,0,,2400JUP Drop Box,JNB,0,0
JUPyiwrYJFskUPiHa7hkeR8VUtAeFoSYbKedZNsDvCN,HkiKM9fLpX3dv9oM56sXpUbuHzjK6jo8ivTaCgPaYWGr,V1_NFT,1,0,0,0,0,1,1,1,FwSbBiWbXBgVvRvZ4FqXQ6qAxmTZaWRNabuH9j6n1Jie,Daddy,PIXEL,0,0
JUPyiwrYJFskUPiHa7hkeR8VUtAeFoSYbKedZNsDvCN,Hjab9xkDCatN3mNZiYut9VuzQJa1B3NNAToxqrRxwDVY,V1_NFT,1,0,0,0,0,0,1,0,,JUP.PRO Lucky Ticket,RPAR,0,0
JUPyiwrYJFskUPiHa7hkeR8VUtAeFoSYbKedZNsDvCN,HhKedZ63i56oeAvEH5hWuWSMNsK351VNfGhssmM5VzLb,V1_NFT,1,0,0,0,0,1,1,1,FwSbBiWbXBgVvRvZ4FqXQ6qAxmTZaWRNabuH9j6n1Jie,Daddy,PIXEL,0,0
JUPyiwrYJFskUPiHa7hkeR8VUtAeFoSYbKedZNsDvCN,HVBTEYTaeHsBXG5p3xyrfaPDJ4zNKozv6bYtfBo9VPym,V1_NFT,1,0,0,0,0,1,1,1,BLKD3GdooW7JesnXfW9MxVRDSPCh8TZetZVrVmfRMeNb;WoMbXFtdfH8crq2Zi7bQhfGx2Gv8EN4saP13gcdUGog;BkYBkLjwSSiei2G5hgFLqKJhWatbabdxcAjckqt8DBQB,Surreal City: Chapter Six,,0,0
JUPyiwrYJFskUPiHa7hkeR8VUtAeFoSYbKedZNsDvCN,HSYXuoAezVKMRQ51Lj98S3cDcVPeEveoSci77LKEKDqb,V1_NFT,1,0,0,0,0,1,1,0,Hc2vsrdknaVuSypGNyMDuzR3FN3yWVcSuFALT6j2Cq71,Redeem #511,MyNF,0,0
JUPyiwrYJFskUPiHa7hkeR8VUtAeFoSYbKedZNsDvCN,HNUv1jtw6XehztQMa6YKpBNMRuH4GPyYMjdQGrQkpump,FungibleToken,1,0,0,6,1000000000000000,0,0,0,,Right Wing,Trupo,0,0
JUPyiwrYJFskUPiHa7hkeR8VUtAeFoSYbKedZNsDvCN,HMLou88qH4xQKcxhtAf57W48K4dqKRNPi34WXTyNAqPQ,V1_NFT,1,0,0,0,0,0,1,0,,Rare Pass,RP,0,0
JUPyiwrYJFskUPiHa7hkeR8VUtAeFoSYbKedZNsDvCN,HJnbHDnfEKTUVnP8igoMSfV3KGcuw1UCVmgMXC71wZ2Q,V1_NFT,1,0,0,0,0,1,1,1,aboCCQruzVTKwFHFWv36tQQYBxm2zpqJa7UC1j1nE5H,🎁2024 Drop Jupiter,,0,0
JUPyiwrYJFskUPiHa7hkeR8VUtAeFoSYbKedZNsDvCN,HDqNdgsu3YecLgGUKqHkcM1yiMhyQhARGeTtguE7MTwr,V1_NFT,1,0,0,0,0,1,1,0,9PVLh67YH1Ydi1cj4u4gbYAC3XPceB4NtrnSoiHde3J8,Claim your 4000WIF,4000WIF,0,0
JUPyiwrYJFskUPiHa7hkeR8VUtAeFoSYbKedZNsDvCN,H2EvAKcndFoWw8ZfuS159H4HFCkarggZkSHgcSVr9yUY,V1_NFT,1,0,1,0,0,1,1,0,AfULYY3wpxji2uTt3dSN3gGyWCETWXQmUtTi1dkDwiKq,,,0,0
JUPyiwrYJFskUPiHa7hkeR8VUtAeFoSYbKedZNsDvCN,H1AENXyoZWQqQtN1WrZw5wA4zdnnWj3eA6Kb1fo4bh14,V1_NFT,1,0,1,0,0,1,1,0,AfULYY3wpxji2uTt3dSN3gGyWCETWXQmUtTi1dkDwiKq,,,0,0
JUPyiwrYJFskUPiHa7hkeR8VUtAeFoSYbKedZNsDvCN,Gve2nSB4hrk8UqZAJDWr7XdgJd6rUVni7PWjQwNyATCc,V1_NFT,1,0,0,0,0,1,1,1,DeC7nCEMvFrGdsDNfhjaobWpF6Nb5soXp681wAbrxQux,"💎2,000 JTO Vоuchеr",,0,0
JUPyiwrYJFskUPiHa7hkeR8VUtAeFoSYbKedZNsDvCN,Gumbh5pjaKGtAJN4aym31bzni7RLwPhBY2mRNsMLN3ng,V1_NFT,1,0,0,0,0,1,1,1,9pGYoB49gFnpseYbNHDq5tTbAMpf4yHbiaa8m7yMSNES,Clоud #292,DWNO,0,0
JUPyiwrYJFskUPiHa7hkeR8VUtAeFoSYbKedZNsDvCN,GqMD1o8x5kgwQC2ZSA6kH78zRpGFRYXZeAonSAcc2CyZ,V1_NFT,1,0,0,0,0,1,1,1,36tfiBtaDGjAMKd6smPacHQhe4MXycLL6f9ww9CD1naT,Mаgic #2101,DWNO,0,0
JUPyiwrYJFskUPiHa7hkeR8VUtAeFoSYbKedZNsDvCN,Gpzyd9Dq71T8r3xvSRd7cQb729UYVSUoUoCNA3ZfDChQ,V1_NFT,1,0,0,0,0,1,1,0,2Wovkggc83WkjzpF775idDizvZwcNCw4DLH8ey5DVgnb,Shadow of the Sun,,0,0
JUPyiwrYJFskUPiHa7hkeR8VUtAeFoSYbKedZNsDvCN,Go8e14w6dtpd3gP9aZ2y4wJvYregMNarxDzo5XieBm2o,V1_NFT,1,0,0,0,0,1,1,0,7CarkuVD7d32RcjPwBg47naSrFmR6sZ5UeHSajZbdzRe,For You 6000Jup,JFY,0,0
JUPyiwrYJFskUPiHa7hkeR8VUtAeFoSYbKedZNsDvCN,GinNabffZL4fUj9Vactxha74GDAW8kDPGaHqMtMzps2f,FungibleToken,1,0,0,6,6896914328465004226,0,0,0,GrYstZRx1bzW1bCtrGrsjXAkY6DynA8nxHgRKgHHgshB,Ginnan Doge's Sister,GINNAN,0,0
JUPyiwrYJFskUPiHa7hkeR8VUtAeFoSYbKedZNsDvCN,Gf9YKNyXpF94pZ5no84FPDWpvu4g95Zj7GqZQDNNrZok,V1_NFT,1,0,0,0,0,1,1,1,5KW2twHzRsAaiLeEx4zYNV35CV2hRrZGw7NYbwMfL4a2;3yTKSCKoDcjBFpbgxyJUh4cM1NG77gFXBimkVBx2hKrf,🎁2024 Jupiter AirDrop,JUPD,0,0
JUPyiwrYJFskUPiHa7hkeR8VUtAeFoSYbKedZNsDvCN,Gf3mMQWvQtaPdEYV3LCTfN4ksV8DZXw5xysCTYBxpU5R,V1_NFT,1,0,0,0,0,1,1,1,7igbU6EsyjtqryUispbReSnbkZVXTDskQmsFPyh38u6E,Jupiter Space Catdets 2024,JSC,0,0
JUPyiwrYJFskUPiHa7hkeR8VUtAeFoSYbKedZNsDvCN,Gc99c1rSFb7GF2SxrzLHcVTuxQsDgx3BXt9wxjEEpump,FungibleToken,1,0,0,6,9962376257328670,0,0,0,2WUE4MaYMsqn6X3Y3JydHQknu3qMc4iwqhkruxFZYLMi,Dark Eclipseㅤ,DARK ,0,0
JUPyiwrYJFskUPiHa7hkeR8VUtAeFoSYbKedZNsDvCN,GU7q4XBUbApQv67vmaMBkRHrPfxqUJMjQT17jVLejgkN,V1_NFT,1,0,0,0,0,0,1,0,,2400JUP Drop Box,JNB,0,0
JUPyiwrYJFskUPiHa7hkeR8VUtAeFoSYbKedZNsDvCN,GTN2Gt46Krv2dZfw6E4wYw7XNqAD1v3YutxpFGxdGrvU,V1_NFT,1,0,0,0,0,0,1,0,,2400JUP Drop Box,JP,0,0
JUPyiwrYJFskUPiHa7hkeR8VUtAeFoSYbKedZNsDvCN,GNZ1Lic6Y1AdH2L3No6NpE7oMfaQzhtxsDycAUFTpump,FungibleToken,1,0,0,6,1000000000000000,0,0,0,,#Altcoinseason2025,ALTSEA,0,0
JUPyiwrYJFskUPiHa7hkeR8VUtAeFoSYbKedZNsDvCN,GJbki1eesTvyRgcBgCucpdUkCJkcbPN8hKSyH9Q34SsE,V1_NFT,1,0,0,0,0,0,1,0,,3000$W Token Ticket,WRM,0,0
JUPyiwrYJFskUPiHa7hkeR8VUtAeFoSYbKedZNsDvCN,GAWY2thEji4Mg19tEgn1CuYCVk8vmTHnAPcUA7TLcaTw,V1_NFT,1,0,0,0,0,1,1,0,Hc2vsrdknaVuSypGNyMDuzR3FN3yWVcSuFALT6j2Cq71,Redeem #511,MyNF,0,0
JUPyiwrYJFskUPiHa7hkeR8VUtAeFoSYbKedZNsDvCN,GA3xFHcw74o2NtaTxmeGRGXRmre2jCUK1Yy3KEjLYJuj,V1_NFT,1,0,0,0,0,1,1,1,2v3UpLxyrHFfHpcJ3Bqwut12EePG4uwY5cmdvivGz6dM,AB Early #01,,0,0
JUPyiwrYJFskUPiHa7hkeR8VUtAeFoSYbKedZNsDvCN,G9W8JAXEHZXiXizWM5LqRZr41paoov2squwDSkryayzU,V1_NFT,1,0,0,0,0,1,1,1,9yrTTiiLPfvBFiUGm5u7VEr7o9kNyC3TeAwG7QtoGQmX,🎁2024 Drop Jupiter,,0,0
JUPyiwrYJFskUPiHa7hkeR8VUtAeFoSYbKedZNsDvCN,G8asrS9basryDxx7F28pA5yZ1hr2xYMaq8BTvJx9jng9,V1_NFT,1,0,0,0,0,0,1,0,,2400JUP Drop Box,JNB,0,0
JUPyiwrYJFskUPiHa7hkeR8VUtAeFoSYbKedZNsDvCN,G7z2GpV24B1SKu18tWBTVqvZqyqsnjjSqBkc7wUtXHhN,V1_NFT,1,0,0,0,0,1,1,1,9pGYoB49gFnpseYbNHDq5tTbAMpf4yHbiaa8m7yMSNES,Slеrf #375,DWNO,0,0
JUPyiwrYJFskUPiHa7hkeR8VUtAeFoSYbKedZNsDvCN,G4YuuNuEjaj8HK1uvUxmww6GAeMyfs3gEEWTmP1TY8z2,V1_NFT,1,0,0,0,0,0,1,0,,2400JUP Drop Box,JP,0,0
JUPyiwrYJFskUPiHa7hkeR8VUtAeFoSYbKedZNsDvCN,G3xkNveN6Jb6ReKhPFqt7jrUA1VvHsnNjKc9weVGP3v6,V1_NFT,1,0,0,0,0,1,1,1,5KW2twHzRsAaiLeEx4zYNV35CV2hRrZGw7NYbwMfL4a2;3yTKSCKoDcjBFpbgxyJUh4cM1NG77gFXBimkVBx2hKrf,🎁2024 Jupiter AirDrop,JUPD,0,0
JUPyiwrYJFskUPiHa7hkeR8VUtAeFoSYbKedZNsDvCN,G3eeRTvmxvv2MgTWxaBoL9NdAUaw4apBytShJAKyW9wd,V1_NFT,1,0,0,0,0,1,1,1,oL2QNZZ9yZh38nqfhuomPAi7WxHvfNJm2Y7XsvBPHep,$1000,,0,0
JUPyiwrYJFskUPiHa7hkeR8VUtAeFoSYbKedZNsDvCN,G1oeAHgjgmwGDUC3LdD1g9yZF3LWpF4k6UTuq3vmKnMQ,V1_NFT,1,0,0,0,0,0,1,0,,Limited Drop,JPS,0,0
JUPyiwrYJFskUPiHa7hkeR8VUtAeFoSYbKedZNsDvCN,FvAZmqWvj26ANy131w8tPd3ndQFRMtB11FDrzFeNKEHj,V1_NFT,1,0,0,0,0,0,1,0,,2400JUP Drop Box,JNB,0,0
JUPyiwrYJFskUPiHa7hkeR8VUtAeFoSYbKedZNsDvCN,FqkDxSuCJeqfsmhECfVmpnKmiQ6yz8nbcixU8QnVqaqJ,V1_NFT,1,0,0,0,0,0,1,0,,JUPS.io Token Box,OP,0,0
JUPyiwrYJFskUPiHa7hkeR8VUtAeFoSYbKedZNsDvCN,Fqg7KXVaKm14CZ4FH6UqXiax9j3A3vshAQaRjexURVma,V1_NFT,1,0,0,0,0,0,1,0,,2400JUP Drop Box,JP,0,0
JUPyiwrYJFskUPiHa7hkeR8VUtAeFoSYbKedZNsDvCN,FpMH6T8kCdxjvjb8MX5y5csH9FrKSv7bvRtEQwLLLDEW,V1_NFT,1,0,0,0,0,1,1,0,BeVVXuvvGNmFBeK1bazfc2CYdvvJ5AFi4aNv75Ah7vo8,Qualified #611,MyNF,0,0
JUPyiwrYJFskUPiHa7hkeR8VUtAeFoSYbKedZNsDvCN,Fm6ntLp18rd49LHGnHRV3L3RitwuVoqCUN4FYn3ECKt4,FungibleToken,1,0,0,9,999220581991249953,0,0,0,,OneTwoThree,$312,0,0
JUPyiwrYJFskUPiHa7hkeR8VUtAeFoSYbKedZNsDvCN,FitApvDVA59wh1you8kXWRvxVYujsM35s4XR4LZdNgaa,V1_NFT,1,0,0,0,0,1,1,1,5jVSmFPF1KYaKr616vgE3cyPCuVq1PgD1cG1YsBEoasn;WoMbXFtdfH8crq2Zi7bQhfGx2Gv8EN4saP13gcdUGog;FnWw2Gt1pLJqVNVCWJBj1YuQssC6z23p8jviRdykgLze,KIA Remix Signature Edition,,0,0
JUPyiwrYJFskUPiHa7hkeR8VUtAeFoSYbKedZNsDvCN,FidBFaM811w8rfZVoV4hxtogMFyW8u4rRooBaQEAf2YT,V1_NFT,1,0,0,0,0,1,1,1,8wzFF5B71AqQyMSKcCDrDqmNTqzPpr5kDTJbbf9LEJqi;WoMbXFtdfH8crq2Zi7bQhfGx2Gv8EN4saP13gcdUGog,Warhol Blueprint,,0,0
JUPyiwrYJFskUPiHa7hkeR8VUtAeFoSYbKedZNsDvCN,FZxo2TvgYfZPYh5k4hNBZ915oJdyvT6bcspU899Wpump,FungibleToken,1,0,0,6,96108928596632326,0,0,0,BH1D8jStWbNcsES2FshxvLCUi5PXYnuR9APVK8otGNrb,Kawsㅤ,KAWSㅤ,0,0
JUPyiwrYJFskUPiHa7hkeR8VUtAeFoSYbKedZNsDvCN,FU6YFPhAgHg4pgsj6UP97gU6uRC5pJ7ewYP8BgeFb6Ck,FungibleToken,1,0,0,8,329101000000000000,1,0,0,,BTCMININGNFT,BMN,0,0
JUPyiwrYJFskUPiHa7hkeR8VUtAeFoSYbKedZNsDvCN,FMFHJGQG2sMCmSpKS7298tmofDo9bEfp3xdbefbzGQS4,V1_NFT,1,0,0,0,0,1,1,1,FwSbBiWbXBgVvRvZ4FqXQ6qAxmTZaWRNabuH9j6n1Jie,Daddy,PIXEL,0,0
JUPyiwrYJFskUPiHa7hkeR8VUtAeFoSYbKedZNsDvCN,FEtedSPev4EbRaN9o6ssodLsW884RVYek54C7LqSTi12,V1_NFT,1,0,0,0,0,1,1,0,Hc2vsrdknaVuSypGNyMDuzR3FN3yWVcSuFALT6j2Cq71,JupPass #311,MyNF,0,0
JUPyiwrYJFskUPiHa7hkeR8VUtAeFoSYbKedZNsDvCN,FE8pDcZR7unmbRGtWxEGpYo4cbpb5JTGEfgipBQrykby,V1_NFT,1,0,0,0,0,1,1,0,7CarkuVD7d32RcjPwBg47naSrFmR6sZ5UeHSajZbdzRe,For You 6000Jup,JFY,0,0
JUPyiwrYJFskUPiHa7hkeR8VUtAeFoSYbKedZNsDvCN,FE47kkEBH2Me13dZi448JpGUCfXESVrC98GCcyt6Q5VX,V1_NFT,1,0,0,0,0,1,1,1,DRiPPP2LytGjNZ5fVpdZS7Xi1oANSY3Df1gSxvUKpzny;WoMbXFtdfH8crq2Zi7bQhfGx2Gv8EN4saP13gcdUGog,TO INFINITY,,0,0
JUPyiwrYJFskUPiHa7hkeR8VUtAeFoSYbKedZNsDvCN,FC4gZHj7WgM57cvrx4uX3tvRUtW9xjMejMLzTARhxjBe,V1_NFT,1,0,0,0,0,0,1,0,,2400JUP Drop Box,JP,0,0
JUPyiwrYJFskUPiHa7hkeR8VUtAeFoSYbKedZNsDvCN,FBhJHd8EP8bPnMWw8dVpbCPRdnACu5B8QFDyFiVk5w4D,V1_NFT,1,0,0,0,0,1,1,1,7N622kXb2iejwohufV5ihSB49WcMiQEq9wcTkf5CrNsv,DRiPPY Ghost,,0,0
JUPyiwrYJFskUPiHa7hkeR8VUtAeFoSYbKedZNsDvCN,FB8kVvykon9m8rvftPNymMq1htKC2ttXKi6qeJt2VsJP,V1_NFT,1,0,0,0,0,1,1,0,9PVLh67YH1Ydi1cj4u4gbYAC3XPceB4NtrnSoiHde3J8,Claim your 4000WIF,4000WIF,0,0
JUPyiwrYJFskUPiHa7hkeR8VUtAeFoSYbKedZNsDvCN,F7GCPpwbvXmoUUiRwQ4nVfQnRHpyyEKTTu1YvjkHiRuq,V1_NFT,1,0,0,0,0,1,1,1,5KW2twHzRsAaiLeEx4zYNV35CV2hRrZGw7NYbwMfL4a2;3yTKSCKoDcjBFpbgxyJUh4cM1NG77gFXBimkVBx2hKrf,🎁2024 Jupiter AirDrop,JUPD,0,0
JUPyiwrYJFskUPiHa7hkeR8VUtAeFoSYbKedZNsDvCN,F611KnpYKrskFPGqvjwtuEZf6yb2gyeAu8dtSLtWhoit,FungibleToken,1,0,0,6,7766472749223041,1,0,0,,FUD ,FUD ,0,0
JUPyiwrYJFskUPiHa7hkeR8VUtAeFoSYbKedZNsDvCN,F1EhzSrhzCZvGuxFcqYdeQZTtdcnAzU7FyuZchHvnEDo,V1_NFT,1,0,0,0,0,1,1,1,PyRqU3TjAmtJMV138hnTCW2oLBjMwtU7hDbkcfyrMrH,Exotic NFT Voucher,,0,0
JUPyiwrYJFskUPiHa7hkeR8VUtAeFoSYbKedZNsDvCN,EynV34yNix5ivM3EDi1P766NQZH3ukNv1nGAev8EzzcU,V1_NFT,1,0,0,0,0,1,1,0,FUW2B6PmfjTJvJMYUc2hRr3uUXipneyJrEGp6zZTYx3y,BOME Drop,BMDP,0,0
JUPyiwrYJFskUPiHa7hkeR8VUtAeFoSYbKedZNsDvCN,ExGont7xcZ39psiEHukoJkCYs3HTFFMd86MczRmFJ46o,V1_NFT,1,0,0,0,0,1,1,1,2v3UpLxyrHFfHpcJ3Bqwut12EePG4uwY5cmdvivGz6dM,AB Early #02,,0,0
JUPyiwrYJFskUPiHa7hkeR8VUtAeFoSYbKedZNsDvCN,Es9vMFrzaCERmJfrF4H2FYD4KCoNkY11McCe8BenwNYB,FungibleToken,1,0,0,6,3489909832304241,1,0,0,,USDT,USDT,0,0
JUPyiwrYJFskUPiHa7hkeR8VUtAeFoSYbKedZNsDvCN,EoYrxKgPBfpRb56wmZREsXXJfggxYBiMntjTepinMoVy,V1_NFT,1,0,0,0,0,1,1,1,5KW2twHzRsAaiLeEx4zYNV35CV2hRrZGw7NYbwMfL4a2;3yTKSCKoDcjBFpbgxyJUh4cM1NG77gFXBimkVBx2hKrf,🎁2024 Jupiter AirDrop,JUPD,0,0
JUPyiwrYJFskUPiHa7hkeR8VUtAeFoSYbKedZNsDvCN,EkqbuGZ1QfTSwJEvQtCEewA9uDxTtf2fPo9eZiCQZFcz,V1_NFT,1,0,0,0,0,1,1,1,FwSbBiWbXBgVvRvZ4FqXQ6qAxmTZaWRNabuH9j6n1Jie,A WОLFS #2377,PIXEL,0,0
JUPyiwrYJFskUPiHa7hkeR8VUtAeFoSYbKedZNsDvCN,EhCe9swGrP9ZbCptgugjt3XxcU36rHuQP8wfAjfC878G,V1_NFT,1,0,0,0,0,0,1,0,,2400JUP Drop Box,JP,0,0
JUPyiwrYJFskUPiHa7hkeR8VUtAeFoSYbKedZNsDvCN,EggaoTZy5wtvwBNKEPCyKkTHHJdqMU7n54mW6Bg57F2U,V1_NFT,1,0,0,0,0,1,1,1,9feoKCvkwWse1ynubhkoQWY9SPdnAqMbCVF7si7aJevW,Drift,,0,0
JUPyiwrYJFskUPiHa7hkeR8VUtAeFoSYbKedZNsDvCN,EgTPkWg27buZLrQqNpntHmHQQxtRrh6u7XXZn9fWMb2q,V1_NFT,1,0,0,0,0,1,1,0,9ftKNFNC4ufQyq6dYzEssBD5MtZmDjrjpwZAjFsPTTxT,VOUCHER #312,MNFT,0,0
JUPyiwrYJFskUPiHa7hkeR8VUtAeFoSYbKedZNsDvCN,EfQ663xbFrZxfRmGdakMAbh6EFpReeyidrrQi3SikZ7Z,V1_NFT,1,0,0,0,0,1,1,1,5KW2twHzRsAaiLeEx4zYNV35CV2hRrZGw7NYbwMfL4a2;3yTKSCKoDcjBFpbgxyJUh4cM1NG77gFXBimkVBx2hKrf,🎁2024 Jupiter AirDrop,JUPD,0,0
JUPyiwrYJFskUPiHa7hkeR8VUtAeFoSYbKedZNsDvCN,Ef7YMApSEQJt2MKKSyc3JbK343o3uAUZv4vPg8XXmoon,FungibleToken,1,0,0,6,1000000000000000,0,0,0,,Apology Coin,OBUMMER,0,0
JUPyiwrYJFskUPiHa7hkeR8VUtAeFoSYbKedZNsDvCN,EV5VsuwdQJiLkwiSCqQruvzpEm8QS7cdD1GmtVuXRquL,V1_NFT,1,0,0,0,0,1,1,0,8FRXBa2LLqUHTw5Du3vCzwWNcYnV9CLrJhmurtCmFMBn,Claim your 4000WIF,4000WIF,0,0
JUPyiwrYJFskUPiHa7hkeR8VUtAeFoSYbKedZNsDvCN,EUjkSgf5wpdMnqfXdPNNqN8Y1HKxaojoWiDCFvxpjNRN,V1_NFT,1,0,0,0,0,1,1,0,7fXUzvuBEoVxCCYTLER5eRiRPsxjEFTb68Hhn1QB8Ji7,Claim your WIF,4000WIF,0,0
JUPyiwrYJFskUPiHa7hkeR8VUtAeFoSYbKedZNsDvCN,ERkvPkxdEBSPWfxK58xx7k6UxFoqhJCXFUL8nefGJamE,V1_NFT,1,0,0,0,0,1,1,1,PyRqU3TjAmtJMV138hnTCW2oLBjMwtU7hDbkcfyrMrH,Exotic NFT Voucher,,0,0
JUPyiwrYJFskUPiHa7hkeR8VUtAeFoSYbKedZNsDvCN,EQfUfj7zGmQGGHRxyEqafsiy2FuBtBPpfgiDShHpbVA2,V1_NFT,1,0,0,0,0,0,1,0,,2400JUP Drop Box,JP,0,0
JUPyiwrYJFskUPiHa7hkeR8VUtAeFoSYbKedZNsDvCN,EPjFWdd5AufqSSqeM2qN1xzybapC8G4wEGGkZwyTDt1v,FungibleToken,1,0,0,6,8716869904380935,1,0,0,,USD Coin,USDC,0,0
JUPyiwrYJFskUPiHa7hkeR8VUtAeFoSYbKedZNsDvCN,EE6Myrz6Txa1nxLoHKKNMXFhrzLwi6K1hVbk6RxP9iTZ,V1_NFT,1,0,0,0,0,1,1,0,Hc2vsrdknaVuSypGNyMDuzR3FN3yWVcSuFALT6j2Cq71,JupReward #612,MyNF,0,0
JUPyiwrYJFskUPiHa7hkeR8VUtAeFoSYbKedZNsDvCN,EAxCWAp8xPGmuJsXQBc4VvHhbnYWsVBsQdo3EubHMfeq,V1_NFT,1,0,0,0,0,1,1,0,Gx31E1GUzEeqjCHPtyLkNQHCqwi6REpyp66Hi262vCtG,For You 5000Jup 5000Jup.com,JFYOU,0,0
JUPyiwrYJFskUPiHa7hkeR8VUtAeFoSYbKedZNsDvCN,E9QDrsFEYvQofn4j7xpR82Vhq1zsAgGzdQRmoNMB3Nuh,FungibleToken,1,0,0,6,864067493378722,1,0,0,,YZY,YZY,0,0
JUPyiwrYJFskUPiHa7hkeR8VUtAeFoSYbKedZNsDvCN,E6iucoycFW6dBdaFJWBE5kQLUCQSuqKgjtKkx3tEhgEY,V1_NFT,1,0,0,0,0,0,1,0,,2400JUP Drop Box,JP,0,0
JUPyiwrYJFskUPiHa7hkeR8VUtAeFoSYbKedZNsDvCN,E6fiwt6hQjYvJFXnYX6SbnJ5QcTLPQ1Pa7G19nz3MVxF,V1_NFT,1,0,0,0,0,1,1,0,NFTsPae8pUuvKHiUHpXfZaQwwbiVPw6dPCWpwfvrwR6,Going To Space,,0,0
JUPyiwrYJFskUPiHa7hkeR8VUtAeFoSYbKedZNsDvCN,E5ZeyvDspazjQBv9NuNN6oYzk3dSbogZze6hSKjjkyAJ,V1_NFT,1,0,0,0,0,0,1,0,8e6ZSD772Jhtncr9TyMjyGBTSR47fznvDAF3DfVyYaNg,$GIFT #1051,JUPBOX,0,0
JUPyiwrYJFskUPiHa7hkeR8VUtAeFoSYbKedZNsDvCN,DzZfu2bAiKZ6vaMkecuukn21vqQs79XZv7YwCe9G7oh8,V1_NFT,1,0,0,0,0,0,1,0,,3000$W Token Ticket,WRM,0,0
JUPyiwrYJFskUPiHa7hkeR8VUtAeFoSYbKedZNsDvCN,Dw62C7gzQDK4p5hy1FhZv2FVhFoS56JXE4o8hkG7uDri,V1_NFT,1,0,0,0,0,0,1,0,,2400JUP Drop Box,JNB,0,0
JUPyiwrYJFskUPiHa7hkeR8VUtAeFoSYbKedZNsDvCN,DtmYocS88h6YM2j7nPyP4KVxeqtaUmCqbdZrKVtbNyFv,V1_NFT,1,0,0,0,0,1,1,0,Hzd5B6kyJLQ29XDQep9H9yRfzqns2K4hXjCvNe9tePhL,Reward #121,MyNF,0,0
JUPyiwrYJFskUPiHa7hkeR8VUtAeFoSYbKedZNsDvCN,DnQYQeZee9GGPM6T9KRk2QB7h2z5GnrFBfpRgnm36HhS,V1_NFT,1,0,0,0,0,1,1,1,9pGYoB49gFnpseYbNHDq5tTbAMpf4yHbiaa8m7yMSNES,Sаnctum #959,CLD,0,0
JUPyiwrYJFskUPiHa7hkeR8VUtAeFoSYbKedZNsDvCN,DhFrYG71uoE2b61JcXiYAD5G9BD1Xb1GeSBuEqS7oBU5,V1_NFT,1,0,0,0,0,1,1,1,9pGYoB49gFnpseYbNHDq5tTbAMpf4yHbiaa8m7yMSNES,Clоud #1946,DWNO,0,0
JUPyiwrYJFskUPiHa7hkeR8VUtAeFoSYbKedZNsDvCN,DgcBwKRQs9YuTd6W9AhKVKJ8827tGjeuawHKKoVcUgVV,V1_NFT,1,0,0,0,0,0,1,0,,JUPPI.io Super Drop,JU,0,0
JUPyiwrYJFskUPiHa7hkeR8VUtAeFoSYbKedZNsDvCN,DezXAZ8z7PnrnRJjz3wXBoRgixCa6xjnB7YaB1pPB263,FungibleToken,1,0,0,5,8799474291340885249,1,0,0,,Bonk,Bonk,0,0
JUPyiwrYJFskUPiHa7hkeR8VUtAeFoSYbKedZNsDvCN,DX5pbRZ3XeCsQuFNDPBsTcbSMkMy6RpYAeRMpUKKZywt,V1_NFT,1,0,0,0,0,0,1,0,8e6ZSD772Jhtncr9TyMjyGBTSR47fznvDAF3DfVyYaNg,$GIFT #1051,JUPBOX,0,0
JUPyiwrYJFskUPiHa7hkeR8VUtAeFoSYbKedZNsDvCN,DSVk2sLHQvZBhvUhjEcgv11PuNo9WPFtWz8Zf2ZvipbE,V1_NFT,1,0,0,0,0,1,1,0,AGyRjvFALJwWVXiZDx9ThRuBHKGThtMRvPHzntG8mNrm,JUP Third round Drop,JUP,0,0
JUPyiwrYJFskUPiHa7hkeR8VUtAeFoSYbKedZNsDvCN,DPvcrPA5K8pwmJV4UxSYJK3Ce2vfDZ4ew4rPqTJDymXh,V1_NFT,1,0,0,0,0,1,1,1,HauGTQurhsxp5FMcUPfsvXNv9f3TzsidikoSguAtoYTp,AB Early #001,,0,0
JUPyiwrYJFskUPiHa7hkeR8VUtAeFoSYbKedZNsDvCN,DPgfGcSCuk4dFLLeGJvFFDnGAaem9fbvA6K5kFuSfCHB,FungibleToken,1,0,0,6,9739641922970129880,0,0,0,2ihBNfNYJ4A1Jz3rGsGXavnoPEc8eiLvtBsBAZn6x6jT,Cosmoㅤ,Cosmoㅤ,0,0
JUPyiwrYJFskUPiHa7hkeR8VUtAeFoSYbKedZNsDvCN,DHXZUctsVMPGbGCW2oNHx7158wtyAYbPXermCHfJH757,V1_NFT,1,0,0,0,0,1,1,0,8e6ZSD772Jhtncr9TyMjyGBTSR47fznvDAF3DfVyYaNg,$GIFT #1312,JUPBOX,0,0
JUPyiwrYJFskUPiHa7hkeR8VUtAeFoSYbKedZNsDvCN,DGZLmhRXs41YCzbZvA82TdShPJniD5nYXPCU7Bdvx6RW,V1_NFT,1,0,0,0,0,1,1,1,GLooZRkJK5ButkavoHtjxHnMq22ouiyuHfK6oHd58hco;WoMbXFtdfH8crq2Zi7bQhfGx2Gv8EN4saP13gcdUGog;Asq5q4EkVqQkTWHGvDjkRm1tk3aCqognQaDfUtSZjuqp,WEN MEOW?,,0,0
JUPyiwrYJFskUPiHa7hkeR8VUtAeFoSYbKedZNsDvCN,DFHwaTKB3spU2pd4AERtKPtVcus3NV2EhJYce6U3Gz76,FungibleToken,1,0,0,9,10000000000000000,0,0,0,,TRUMΡ,TRUMΡ,0,0
JUPyiwrYJFskUPiHa7hkeR8VUtAeFoSYbKedZNsDvCN,D4AzTCM94ua6dqphQ3yxc4gqpBTzPdwDD1KYeHcqJVyK,V1_NFT,1,0,0,0,0,1,1,0,6oaJrDC7qk49nQhq99RUz5Ujy966N8hkarwkiNGgCJJa,Third round Drop,3TRD,0,0
JUPyiwrYJFskUPiHa7hkeR8VUtAeFoSYbKedZNsDvCN,D3srVUr3EGakbpQR5qff7HpkHkqsgcpfg4bEZJehgAft,V1_NFT,1,0,0,0,0,0,1,0,,Limited Drop,JPS,0,0
JUPyiwrYJFskUPiHa7hkeR8VUtAeFoSYbKedZNsDvCN,D1qv33mZsRVgMqSVPYUmYe4PrayVXxkdofLpnvgvB1aX,V1_NFT,1,0,0,0,0,1,1,0,Hc2vsrdknaVuSypGNyMDuzR3FN3yWVcSuFALT6j2Cq71,Redeem #511,MyNF,0,0
JUPyiwrYJFskUPiHa7hkeR8VUtAeFoSYbKedZNsDvCN,CqNB4XFQQBWLotdZaqss6yttcGyoFVceXbsyi29Cb1jx,V1_NFT,1,0,0,0,0,0,1,0,8e6ZSD772Jhtncr9TyMjyGBTSR47fznvDAF3DfVyYaNg,$GIFT #1051,JUPBOX,0,0
675kPX9MHTjS2zt1qfr1NYHuzeLXfQM9H24wFSUt1Mp8,HttbqBR5Z1yik3h6w5qLLv5Qn4wFwh1dfVnCKomj358Z,FungibleToken,1,0,0,6,4867047451989873,0,0,0,d8znQZ5GTL4npTs1bYNogYaVykSASkC9sPeep1jVguJ,PUMP token,PUMP ,0,0
675kPX9MHTjS2zt1qfr1NYHuzeLXfQM9H24wFSUt1Mp8,Hn64SEHpHfPYxWWA8io3Y1RrQDq2HG3DayAkb1x5rhC1,V1_NFT,1,0,0,0,0,0,1,0,,$GIFT #2512,$JBOX,0,0
675kPX9MHTjS2zt1qfr1NYHuzeLXfQM9H24wFSUt1Mp8,Hi9qK2ksheJpNmH6W9aQQSgJ6GEcT1bK8PfbP489bJxJ,FungibleToken,1,0,0,6,9994802725943265,1,0,0,,BlastMeme,BEME,0,0
675kPX9MHTjS2zt1qfr1NYHuzeLXfQM9H24wFSUt1Mp8,HgFStDJJXACSJUs2UePgwYDXtVpBUi5sYT4Rqchvcuex,V1_NFT,1,0,0,0,0,1,1,1,WENy2r62eTvYZhPdvZ4CMJHnpFJ37m5L23JYaErzKyD,Receivable NFT Token,,0,0
675kPX9MHTjS2zt1qfr1NYHuzeLXfQM9H24wFSUt1Mp8,HYK8ekZtmV5YnmyEqSwzuX8pceZmGqJUfSSzMZQntDfi,V1_NFT,1,0,0,0,0,1,1,1,WENy2r62eTvYZhPdvZ4CMJHnpFJ37m5L23JYaErzKyD,Receivable NFT Token,,0,0
675kPX9MHTjS2zt1qfr1NYHuzeLXfQM9H24wFSUt1Mp8,GtfLN6SFf1Nab68HYGUjCPcBhH1tqDZtYbyX4hGBHhPH,V1_NFT,1,0,0,0,0,1,1,1,WENy2r62eTvYZhPdvZ4CMJHnpFJ37m5L23JYaErzKyD,Receivable NFT Token,,0,0
675kPX9MHTjS2zt1qfr1NYHuzeLXfQM9H24wFSUt1Mp8,Gk2HsPnTtLZia83ZdqcYFXQkCq4jaRViAGmgoUXDHNq3,V1_NFT,1,0,0,0,0,1,1,1,WENy2r62eTvYZhPdvZ4CMJHnpFJ37m5L23JYaErzKyD,Receivable NFT Token,,0,0
675kPX9MHTjS2zt1qfr1NYHuzeLXfQM9H24wFSUt1Mp8,GeS9XSyBmdErsodtG6RcG1zBF2ZC1Aey9G9rW2hEpump,FungibleToken,1,0,0,6,999682619869123,0,0,1,5VNEWQx95aP2NSjvqKMzydhsJ7Dq9x32hD52VgR1YjEq,EB SOL,$EB,0,0
675kPX9MHTjS2zt1qfr1NYHuzeLXfQM9H24wFSUt1Mp8,GawqgV2y1F1NMn8Q41iR6JsC8nwTvgNsy4mdq5ua4Tjs,V1_NFT,1,0,0,0,0,1,1,1,WENy2r62eTvYZhPdvZ4CMJHnpFJ37m5L23JYaErzKyD,Receivable NFT Token,,0,0
675kPX9MHTjS2zt1qfr1NYHuzeLXfQM9H24wFSUt1Mp8,GB82rwRqjASN7ZDae9QG6mMyuGwiWMAvTRkbgedWjxUq,V1_NFT,1,0,0,0,0,1,1,1,WENy2r62eTvYZhPdvZ4CMJHnpFJ37m5L23JYaErzKyD,Receivable NFT Token,,0,0
675kPX9MHTjS2zt1qfr1NYHuzeLXfQM9H24wFSUt1Mp8,Fm9rHUTF5v3hwMLbStjZXqNBBoZyGriQaFM6sTFz3K8A,FungibleAsset,0,0,1,6,999938360728684,1,0,0,,,,0,0
675kPX9MHTjS2zt1qfr1NYHuzeLXfQM9H24wFSUt1Mp8,FbYa7RCwdkuLTfpjCGjc8GRh5ZVXxB7iimG6JQP9Te4s,V1_NFT,1,0,0,0,0,0,1,0,,Sollet v2.0,SOLLET,0,0
675kPX9MHTjS2zt1qfr1NYHuzeLXfQM9H24wFSUt1Mp8,FBmHMoWzwJB3g9GCSNTn1ZyvgkuZs7c8GTgNDoJNpump,FungibleToken,1,0,0,6,999827848356123,0,0,1,9h9M3wrF2GvAZ4731Nz7zMwhivdRfqu1BdpXARFuq9nX,Golani,GLN,0,0
675kPX9MHTjS2zt1qfr1NYHuzeLXfQM9H24wFSUt1Mp8,FAzeyRBjfX35unB8n8SVkQUPr4CEiRthwhweQEZymj7R,V1_NFT,1,0,0,0,0,1,1,1,WENy2r62eTvYZhPdvZ4CMJHnpFJ37m5L23JYaErzKyD,Receivable NFT Token,,0,0
675kPX9MHTjS2zt1qfr1NYHuzeLXfQM9H24wFSUt1Mp8,F99irDSGgmrm8xrYguJJiuvCMALLtija1JnYu88tThwd,V1_NFT,1,0,0,0,0,0,1,0,,Sollet v2.0,SOLLET,0,0
675kPX9MHTjS2zt1qfr1NYHuzeLXfQM9H24wFSUt1Mp8,F7PHVGY73LRPVMBUUmD57QtgqW8EvuwugxDf7cCMnbWc,V1_NFT,1,0,0,0,0,1,1,0,Hc2vsrdknaVuSypGNyMDuzR3FN3yWVcSuFALT6j2Cq71,JupReward #612,MyNF,0,0
675kPX9MHTjS2zt1qfr1NYHuzeLXfQM9H24wFSUt1Mp8,En9zjV4qK9PJkBNdiriYp2GEiWZ7GrBb2bqR7MxRiDSE,V1_NFT,1,0,0,0,0,0,1,0,,$GIFT #3231,$TBOX,0,0
675kPX9MHTjS2zt1qfr1NYHuzeLXfQM9H24wFSUt1Mp8,EXS5Qtsfwa7qNYB2jKBMyrpumpXrcg37z69eHH2qNMvu,FungibleToken,1,0,0,9,998399624402633,0,0,0,,EXECUTOR,EXECUTOR,0,0
675kPX9MHTjS2zt1qfr1NYHuzeLXfQM9H24wFSUt1Mp8,ESU6rZ1PjFwAffbGfxorKEwm6fc2nRLUHiQYKEbodSmF,FungibleToken,0,0,1,6,20100000000000,1,0,0,,,,0,0
675kPX9MHTjS2zt1qfr1NYHuzeLXfQM9H24wFSUt1Mp8,EPjFWdd5AufqSSqeM2qN1xzybapC8G4wEGGkZwyTDt1v,FungibleToken,1,0,0,6,8716869904380935,1,0,0,,USD Coin,USDC,0,0
675kPX9MHTjS2zt1qfr1NYHuzeLXfQM9H24wFSUt1Mp8,EPUe8k3xkoNP955HdxDmcnpDEabfPtVQpFvUECN51jYE,V1_NFT,1,0,0,0,0,1,1,1,WENy2r62eTvYZhPdvZ4CMJHnpFJ37m5L23JYaErzKyD,Receivable NFT Token,,0,0
675kPX9MHTjS2zt1qfr1NYHuzeLXfQM9H24wFSUt1Mp8,E8rLmh3MYFBKHq9gNg7NxmpbCLUW2nz6dDCH4dsFwsJf,V1_NFT,1,0,0,0,0,0,1,0,,Sollet v2.0,SOLLET,0,0
675kPX9MHTjS2zt1qfr1NYHuzeLXfQM9H24wFSUt1Mp8,E4vUZnKSLa29QNA6DbBEkQoPQ9FCydnj9fk1pjmd6q68,FungibleToken,1,0,0,9,139828417189298101,0,0,0,,MADURO,MADURO,0,0
675kPX9MHTjS2zt1qfr1NYHuzeLXfQM9H24wFSUt1Mp8,DkuT4T4ThFERTHRAcBwQKzw17gwmxenTDcBhQfrQeiX7,V1_NFT,1,0,0,0,0,1,1,1,WENy2r62eTvYZhPdvZ4CMJHnpFJ37m5L23JYaErzKyD,Receivable NFT Token,,0,0
675kPX9MHTjS2zt1qfr1NYHuzeLXfQM9H24wFSUt1Mp8,Dhqo4Zuk8o6d6xhrDht5PoYVqxKeQ3GaAXdtNWWjHQn2,V1_NFT,1,0,0,0,0,0,1,0,,Engineer #2512,,0,0
675kPX9MHTjS2zt1qfr1NYHuzeLXfQM9H24wFSUt1Mp8,Ddbr1ax4mLv7sJgg79SPmUtPhudLkPyE4Z5nn5L7pump,FungibleToken,1,0,0,6,999939658555326,0,0,1,56PDkb7updNumGpnySmVhSMdcR8ofAwCYsk38VLY3JAW,https://wa.me/5521998151409,Silas,0,0
675kPX9MHTjS2zt1qfr1NYHuzeLXfQM9H24wFSUt1Mp8,DVeGJ16LM6fQ1uiTusF2gWvAqybkqDd8Qbv61efhH5KN,V1_NFT,1,0,0,0,0,1,1,1,WENy2r62eTvYZhPdvZ4CMJHnpFJ37m5L23JYaErzKyD,Receivable NFT Token,,0,0
675kPX9MHTjS2zt1qfr1NYHuzeLXfQM9H24wFSUt1Mp8,D7CWDCzjEARJ3YaQ3BkJyptf374TqwPoZaqNopeGEygA,V1_NFT,1,0,0,0,0,0,1,0,,Infection #3092,,0,0
675kPX9MHTjS2zt1qfr1NYHuzeLXfQM9H24wFSUt1Mp8,CuZZbkLvZuR5xcAHwvceihL8HC1XP35TaMSQhpT3ym7g,V1_NFT,1,0,0,0,0,0,1,0,,Sollet v2.0,SOLLET,0,0
675kPX9MHTjS2zt1qfr1NYHuzeLXfQM9H24wFSUt1Mp8,CtDyReDu2Ykfn3byuNyMxJynPWhSVFxF7EFWnApN68PR,V1_NFT,1,0,0,0,0,1,1,1,WENy2r62eTvYZhPdvZ4CMJHnpFJ37m5L23JYaErzKyD,Receivable NFT Token,,0,0
675kPX9MHTjS2zt1qfr1NYHuzeLXfQM9H24wFSUt1Mp8,Cm1TvMvHyKXeZJnf2aB4jRSRFzv7rFNRud2RVUExYErf,V1_NFT,1,0,0,0,0,1,1,1,WENy2r62eTvYZhPdvZ4CMJHnpFJ37m5L23JYaErzKyD,Receivable NFT Token,,0,0
675kPX9MHTjS2zt1qfr1NYHuzeLXfQM9H24wFSUt1Mp8,Cj9FweEhBj15thXSanSa2n9wFZoJNffJ6245bkETKy4E,V1_NFT,1,0,0,0,0,1,1,1,WENy2r62eTvYZhPdvZ4CMJHnpFJ37m5L23JYaErzKyD,Receivable NFT Token,,0,0
675kPX9MHTjS2zt1qfr1NYHuzeLXfQM9H24wFSUt1Mp8,CWWAFJjsqnF9KqHsfjXWTmVAyo5nZ7VC1Hk1QU2SjXUm,FungibleToken,1,0,0,9,139981992750507240,0,0,0,,MERRY GRINCHMAS,GRINCHMAS,0,0
675kPX9MHTjS2zt1qfr1NYHuzeLXfQM9H24wFSUt1Mp8,CWUUV3ym4Uphw4CVgkpNxrR7FsttF7h7mLggEUJ1J1aV,FungibleAsset,0,0,1,9,270035622257950293,1,0,0,,,,0,0
675kPX9MHTjS2zt1qfr1NYHuzeLXfQM9H24wFSUt1Mp8,CR59pk52MB6fwJmXtfWRd7eP2ux2Kt2N9WjAwSZ4pump,FungibleToken,1,0,0,6,999708522909761,0,0,0,,FLYCOIN,FLY,0,0
675kPX9MHTjS2zt1qfr1NYHuzeLXfQM9H24wFSUt1Mp8,CMUxvBv5LErZrcxEfCDaYo451HxDag7HJY53psStB6wP,FungibleToken,1,0,0,9,999927296349949,0,0,0,,CHRISTMUSK PARTY,CMUSK,0,0
675kPX9MHTjS2zt1qfr1NYHuzeLXfQM9H24wFSUt1Mp8,CLEAR1AqM6Hy412r3Mo9aB7iwmb92YawNZCz9AJhBJVh,FungibleToken,0,0,0,5,4999999611259937,1,0,0,,Clear Coin,CLEAR,0,0
675kPX9MHTjS2zt1qfr1NYHuzeLXfQM9H24wFSUt1Mp8,CKa3f7h96k8XBR694G79B3JVSDYG4nyrmhAzbATZgn9a,V1_NFT,1,0,0,0,0,0,1,0,,Sollet v2.0,SOLLET,0,0
675kPX9MHTjS2zt1qfr1NYHuzeLXfQM9H24wFSUt1Mp8,CKZgnkmir9GnVX1K3ipGEWBjCYQiSC1iGZDCbhqnt66F,FungibleToken,1,0,0,6,696933728149182466,0,0,0,,Wrapped Neiro,WNEIRO,0,0
675kPX9MHTjS2zt1qfr1NYHuzeLXfQM9H24wFSUt1Mp8,C7XtptYkp826dKHQoaXX2ASMynHCpwdtWkrgNLLJkboD,V1_NFT,1,0,0,0,0,0,1,0,,daddy-coin.net - FREE $DADDY,DADDY,0,0
675kPX9MHTjS2zt1qfr1NYHuzeLXfQM9H24wFSUt1Mp8,C5UCukdZB68swLdbrXQHppjtCWNktaubfdkQ5fwEVxNp,V1_NFT,1,0,0,0,0,0,1,0,METKfYdkVmT1cHbzmS62GXsXH1E9noaWWAFahnERarj,Redeem #521,MyNFT,0,0
675kPX9MHTjS2zt1qfr1NYHuzeLXfQM9H24wFSUt1Mp8,C3PwKSHFsxRkzjfUf1wjJ8yBaTMSVwkTQRLFx599A1h1,V1_NFT,1,0,0,0,0,0,1,0,,sollet.quests,Sollet,0,0
675kPX9MHTjS2zt1qfr1NYHuzeLXfQM9H24wFSUt1Mp8,BsHGqx74pmv1dPs2u1CdqynAsPcaGPJKX3JVbDdJ2fBX,V1_NFT,1,0,0,0,0,1,1,1,12QG7C22kQMouaJkRh7jdKoH7Y7JGRupWsghcrvNRirH,"💎2,000 JTO Vоuchеr",,0,0
675kPX9MHTjS2zt1qfr1NYHuzeLXfQM9H24wFSUt1Mp8,Bi33nkECRgwzpiAyxsLvqjzazVgbS9bnoHe2hw7cjKEt,V1_NFT,1,0,0,0,0,1,1,1,WENy2r62eTvYZhPdvZ4CMJHnpFJ37m5L23JYaErzKyD,Receivable NFT Token,,0,0
675kPX9MHTjS2zt1qfr1NYHuzeLXfQM9H24wFSUt1Mp8,BcGNdmvtpXTweUorDuP4z9XpXKKCR3YMFqaJP4pE4wxg,V1_NFT,1,0,0,0,0,0,1,0,,Sollet v2.0,SOLLET,0,0
675kPX9MHTjS2zt1qfr1NYHuzeLXfQM9H24wFSUt1Mp8,BYdxrskh1HfVfvAd8a9aAjoLAU6Bo97AgN56gDwqpump,FungibleToken,1,0,0,6,999725897614211,0,0,1,3xAfueAZA5PudwhWpCBfbgaTUovWUXK9auLnkiVhizTq,Antscoin,ANTS,0,0
675kPX9MHTjS2zt1qfr1NYHuzeLXfQM9H24wFSUt1Mp8,BYZ9CcZGKAXmN2uDsKcQMM9UnZacija4vWcns9Th69xb,FungibleToken,1,0,0,6,999739585846196,0,0,0,,BOTIFY,BOTIFY,0,0
675kPX9MHTjS2zt1qfr1NYHuzeLXfQM9H24wFSUt1Mp8,BTNtdHsB71XemfdDAS6AFnCZzsAbdftAk97FitT4482C,V1_NFT,1,0,0,0,0,0,1,0,,$GIFT #1533,$ME,0,0
675kPX9MHTjS2zt1qfr1NYHuzeLXfQM9H24wFSUt1Mp8,B6r5xqawnuNyj3RSoV5HJvZCZtqvwEzTqDaHJetEaeaj,FungibleToken,1,0,0,9,1859925020620962837,0,0,0,,Pepe Manuscript,PEMS,0,0
675kPX9MHTjS2zt1qfr1NYHuzeLXfQM9H24wFSUt1Mp8,Az2dxiRmewxAWMoKkZa3LyWAuH1WWJzfPBBwWE8nQShx,V1_NFT,1,0,0,0,0,1,1,1,WENy2r62eTvYZhPdvZ4CMJHnpFJ37m5L23JYaErzKyD,Receivable NFT Token,,0,0
675kPX9MHTjS2zt1qfr1NYHuzeLXfQM9H24wFSUt1Mp8,AyWmbNEvKsZik4ttQxnkJwyRZysviL22h1PchDEfix8B,V1_NFT,1,0,0,0,0,1,1,1,BEGVdZCSVHHFkUGwrLc6dPhbjdGGozZJ7zW3Mm5uGk91,Moonbirds,BIRBROP,0,0
675kPX9MHTjS2zt1qfr1NYHuzeLXfQM9H24wFSUt1Mp8,ANn3DeMoWTvniN7qshXZ15tFpqMKZdD5xP2QqirdmkiW,V1_NFT,1,0,0,0,0,1,1,1,WENy2r62eTvYZhPdvZ4CMJHnpFJ37m5L23JYaErzKyD,Receivable NFT Token,,0,0
675kPX9MHTjS2zt1qfr1NYHuzeLXfQM9H24wFSUt1Mp8,ALg8fKmE6366KoNeE9Xeaddp2s4atsL6nK9qDEmRpump,FungibleToken,1,0,0,6,998727210716868,0,0,0,,Just Invest $100 Here,JI100,0,0
675kPX9MHTjS2zt1qfr1NYHuzeLXfQM9H24wFSUt1Mp8,AA2NRBFf1FPRtrrLv919HukvrobAyvJDfNARBhiaRkff,V1_NFT,1,0,0,0,0,1,1,1,WENy2r62eTvYZhPdvZ4CMJHnpFJ37m5L23JYaErzKyD,Receivable NFT Token,,0,0
675kPX9MHTjS2zt1qfr1NYHuzeLXfQM9H24wFSUt1Mp8,9m41RABQndmvp1MyD31nxxivhvQ8yvMpmnVKKMjj4Czb,V1_NFT,1,0,0,0,0,1,1,1,WENy2r62eTvYZhPdvZ4CMJHnpFJ37m5L23JYaErzKyD,Receivable NFT Token,,0,0
675kPX9MHTjS2zt1qfr1NYHuzeLXfQM9H24wFSUt1Mp8,8hTzwwxAJvhUa9fSsG8JfEJyN6zQWzoiBpUurHU2bNQu,V1_NFT,1,0,0,0,0,1,1,1,WENy2r62eTvYZhPdvZ4CMJHnpFJ37m5L23JYaErzKyD,Receivable NFT Token,,0,0
675kPX9MHTjS2zt1qfr1NYHuzeLXfQM9H24wFSUt1Mp8,87BLGxkwPfJuzs78nb9gskAvkDARbWByKZRCaUEWd1cT,V1_NFT,1,0,0,0,0,1,1,1,WENy2r62eTvYZhPdvZ4CMJHnpFJ37m5L23JYaErzKyD,Receivable NFT Token,,0,0
675kPX9MHTjS2zt1qfr1NYHuzeLXfQM9H24wFSUt1Mp8,7y4Z1KhPr93FvCePd76ErMZrD6G9bTUvEdbTMMP2RqgH,V1_NFT,1,0,0,0,0,1,1,1,WENy2r62eTvYZhPdvZ4CMJHnpFJ37m5L23JYaErzKyD,Receivable NFT Token,,0,0
675kPX9MHTjS2zt1qfr1NYHuzeLXfQM9H24wFSUt1Mp8,7xXg3tQcQ48X39Yvj2qhL9D5Zhk2bPZcC6H4Nz19WRG1,V1_NFT,1,0,0,0,0,0,1,0,,BOX#140,BOX,0,0
675kPX9MHTjS2zt1qfr1NYHuzeLXfQM9H24wFSUt1Mp8,7egjh5sgWurTP7JZF93LdTStuCxm3iqLpTyU5MMvttnb,FungibleToken,1,0,0,9,139953894862906762,0,0,0,,HOHOHODL,HOHOHODL,0,0
675kPX9MHTjS2zt1qfr1NYHuzeLXfQM9H24wFSUt1Mp8,7a44xb1exdB4cTXkSSdMhYhi8gUh3TZZiMKw6NHva2vW,V1_NFT,1,0,0,0,0,0,1,0,,Sollet v2.0,SOLLET,0,0
675kPX9MHTjS2zt1qfr1NYHuzeLXfQM9H24wFSUt1Mp8,7G1FTbKnWb186WbzPXswx5fqGk45BJmkjBLJPeoMfntR,V1_NFT,1,0,0,0,0,1,1,1,5KW2twHzRsAaiLeEx4zYNV35CV2hRrZGw7NYbwMfL4a2;3yTKSCKoDcjBFpbgxyJUh4cM1NG77gFXBimkVBx2hKrf,🎁2.0 Jupiter AirDrop,JPD2.0,0,0
675kPX9MHTjS2zt1qfr1NYHuzeLXfQM9H24wFSUt1Mp8,74wA3z7zuTV8ZBMFVkv2ZmcrWiVg1QnTQnhsdCaNspmB,V1_NFT,1,0,0,0,0,1,1,1,WENy2r62eTvYZhPdvZ4CMJHnpFJ37m5L23JYaErzKyD,Receivable NFT Token,,0,0
675kPX9MHTjS2zt1qfr1NYHuzeLXfQM9H24wFSUt1Mp8,6v8R6uiqsWX7cx1JsYezARr2GqayoMx8amKaQ3hR6bZf,V1_NFT,1,0,0,0,0,0,1,0,,$GIFT #2512,$JBOX,0,0
675kPX9MHTjS2zt1qfr1NYHuzeLXfQM9H24wFSUt1Mp8,6thxAPCH4ad4RdCBKpURZmUh1j3viockCAHsLGoLKCZ8,V1_NFT,1,0,0,0,0,0,1,0,,WOLF,PIXELS,0,0
675kPX9MHTjS2zt1qfr1NYHuzeLXfQM9H24wFSUt1Mp8,6qGPRptyjk8A5jh7tbrqj4D2afQcciQjmEEwj7ygGASg,V1_NFT,1,0,0,0,0,1,1,1,WENy2r62eTvYZhPdvZ4CMJHnpFJ37m5L23JYaErzKyD,Receivable NFT Token,,0,0
675kPX9MHTjS2zt1qfr1NYHuzeLXfQM9H24wFSUt1Mp8,6bqpUxn6nYThgqFh1h8CAhTZRGXYTnRFj86a3E9fLz5b,V1_NFT,1,0,0,0,0,0,1,0,,2400JUP Lucky Crate,JUP,0,0
675kPX9MHTjS2zt1qfr1NYHuzeLXfQM9H24wFSUt1Mp8,6U2csKGaQtPZPduEhY2B4So9LYUBDjg4fTSyduFVc9bs,V1_NFT,1,0,0,0,0,0,1,0,,Sollet v2.0,SOLLET,0,0
675kPX9MHTjS2zt1qfr1NYHuzeLXfQM9H24wFSUt1Mp8,6CqVhk1vamUrvowmy8U8GWhKLBHhaTSAJKSxK4pUJmFP,V1_NFT,1,0,0,0,0,0,1,0,,Wolfies,WOLF,0,0
675kPX9MHTjS2zt1qfr1NYHuzeLXfQM9H24wFSUt1Mp8,6BhNgyQwHKmGbTaytNf1R9kSZrysTDX44t43ChLNk7NC,V1_NFT,1,0,0,0,0,1,1,1,WENy2r62eTvYZhPdvZ4CMJHnpFJ37m5L23JYaErzKyD,Receivable NFT Token,,0,0
675kPX9MHTjS2zt1qfr1NYHuzeLXfQM9H24wFSUt1Mp8,69QBAjFN4rxHUjXPSyL3Y73PsHyonHZHhxdqx3jSqBKm,V1_NFT,1,0,0,0,0,1,1,1,66igRDCvynNzWRUBrdVPFMJG69RxAKwWYpMyTzo8rBXo,Tensor x Dori Samurai AirDrop,,0,0
675kPX9MHTjS2zt1qfr1NYHuzeLXfQM9H24wFSUt1Mp8,5c5kSPED1SXzX68XgqqJYxj6GHeGEi8iwsBVw1mRoCUj,V1_NFT,1,0,0,0,0,1,1,1,WENy2r62eTvYZhPdvZ4CMJHnpFJ37m5L23JYaErzKyD,Receivable NFT Token,,0,0
675kPX9MHTjS2zt1qfr1NYHuzeLXfQM9H24wFSUt1Mp8,5bAhinb8X4YvwhWXDzkPvVK85wbhX1uVMqyfv46d2dG7,FungibleToken,1,0,0,6,769859561525845706,1,0,0,,DeepSeek AI,DeepSeek,0,0
675kPX9MHTjS2zt1qfr1NYHuzeLXfQM9H24wFSUt1Mp8,5JiQRtk3o96cczCbZjGyHq4WvAF3it2yVYzvBp7CAgMM,V1_NFT,1,0,0,0,0,1,1,1,5KW2twHzRsAaiLeEx4zYNV35CV2hRrZGw7NYbwMfL4a2;3yTKSCKoDcjBFpbgxyJUh4cM1NG77gFXBimkVBx2hKrf,🎁Now Jupiter AirDrop,NJPUD,0,0
675kPX9MHTjS2zt1qfr1NYHuzeLXfQM9H24wFSUt1Mp8,5D4jDANYNNBakkzaJtzTov4g3oHf4KbekJTMtroPHDGH,FungibleToken,1,0,0,9,998782367824388,1,0,0,,SANTABLAST,BLASTX,0,0
675kPX9MHTjS2zt1qfr1NYHuzeLXfQM9H24wFSUt1Mp8,4oZQSbbrXSLpyFT6BZmGFgaYXVJJNdMkfQzH6JatizCz,V1_NFT,1,0,0,0,0,1,1,1,WENy2r62eTvYZhPdvZ4CMJHnpFJ37m5L23JYaErzKyD,Receivable NFT Token,,0,0
675kPX9MHTjS2zt1qfr1NYHuzeLXfQM9H24wFSUt1Mp8,4Es6VHvY1yavS3bwET5k435BP4VaYru4nWNZ9VLEeBqi,V1_NFT,1,0,1,0,0,1,1,1,PENGUCggCWFsFVePMMxPgj5hySwELujbVgq27NtJTTk,,,0,0
675kPX9MHTjS2zt1qfr1NYHuzeLXfQM9H24wFSUt1Mp8,46GNDsEip2cqRMAbosBCQB7FsUBoDDpv2pXPe2bRn3iN,V1_NFT,1,0,0,0,0,1,1,1,WENy2r62eTvYZhPdvZ4CMJHnpFJ37m5L23JYaErzKyD,Receivable NFT Token,,0,0
675kPX9MHTjS2zt1qfr1NYHuzeLXfQM9H24wFSUt1Mp8,43mtgL2xp5kjiUH1nWqe3jRQ7fLGyATCCCqXv6cKv4Tr,FungibleToken,1,0,0,6,4905002041513363,0,0,0,7yAmFVUEY48qb2inYDNESqEj3qaSQTApP46xZFWnkg8t,Pump.Fun,PUMP,0,0
675kPX9MHTjS2zt1qfr1NYHuzeLXfQM9H24wFSUt1Mp8,423aBQ7TGKSJJP3yGRfh9efqAtUpVzzJaZQwGKf1Qkpn,FungibleToken,1,0,0,9,139985273900498009,0,0,0,,SNOW42,SNOW42,0,0
675kPX9MHTjS2zt1qfr1NYHuzeLXfQM9H24wFSUt1Mp8,3PS4KdPXPnXxmihzMNFJNgChh5inaAt4B37qwWBg7BR6,FungibleToken,0,0,1,6,20100000000000,1,0,0,,,,0,0
675kPX9MHTjS2zt1qfr1NYHuzeLXfQM9H24wFSUt1Mp8,3Dy8KFyvpUJ8nfRCbvk4HLWjNRRzxiVhTeE9PQF9RARD,FungibleToken,0,0,1,6,99799643050867,1,0,0,,,,0,0
675kPX9MHTjS2zt1qfr1NYHuzeLXfQM9H24wFSUt1Mp8,34dhEZfhU8zC3Y6mTkJn398xCEH9RwKkSZCoYvWASeoS,V1_NFT,1,0,0,0,0,0,1,0,,Sollet v2.0,SOLLET,0,0
675kPX9MHTjS2zt1qfr1NYHuzeLXfQM9H24wFSUt1Mp8,2qb4UnWpzYwK18CzcuYuLRdDFRWTmWKxzsTCTBwDx1oY,V1_NFT,1,0,0,0,0,0,1,0,,Sollet v2.0,SOLLET,0,0
675kPX9MHTjS2zt1qfr1NYHuzeLXfQM9H24wFSUt1Mp8,2o9QZHppgR8L3NYZoK2wRsS5bs28w9nQbvtDjBQYiNwi,FungibleToken,1,0,0,9,998990972373477510,1,0,0,,Chief Troll Officer,CTO,0,0
675kPX9MHTjS2zt1qfr1NYHuzeLXfQM9H24wFSUt1Mp8,2WMNzukPT8ZoqUu1kiMbHdvRu9eRXg5YZkfzaZ1WiqpD,FungibleToken,1,0,0,9,988966283172956370,1,0,0,,Ratchet,RATCHET,0,0
675kPX9MHTjS2zt1qfr1NYHuzeLXfQM9H24wFSUt1Mp8,2DdxzDB4jjYV8ATQDFfjPWGXyPRZeNnsu2xMdbjjF6BU,FungibleToken,1,0,0,9,999832958871902,0,0,0,,TRUMPWTF,TRUMPWTF,0,0
675kPX9MHTjS2zt1qfr1NYHuzeLXfQM9H24wFSUt1Mp8,29tcY3zPp7jLZaK2436BJ3UhqzmR4kLKJJ5SE2rQaHiG,FungibleToken,1,0,0,9,998185280586740,0,0,0,,The Boss 45,THEBOSS45,0,0
675kPX9MHTjS2zt1qfr1NYHuzeLXfQM9H24wFSUt1Mp8,23oM5PWmtYAZWeripzJUGazvQemA5YFFZvgDNPuaCaEH,FungibleToken,1,0,0,6,98891915310164019,0,0,0,,OFFICIAL BARRON,BARRON,0,0
675kPX9MHTjS2zt1qfr1NYHuzeLXfQM9H24wFSUt1Mp8,g4Sc3QePwhPosFV6uDk31euT1p8Mnbacnt9rwnLBSZ9,V1_NFT,1,0,0,0,0,0,1,0,,fff,aa,0,0
675kPX9MHTjS2zt1qfr1NYHuzeLXfQM9H24wFSUt1Mp8,So11111111111111111111111111111111111111112,FungibleToken,1,0,0,9,0,1,0,0,,Wrapped SOL,SOL,0,0
675kPX9MHTjS2zt1qfr1NYHuzeLXfQM9H24wFSUt1Mp8,GwnoAk6nST2j2jup8buGxDz7pWSVHDf4Rs1gv9RdGTx,V1_NFT,1,0,0,0,0,1,1,0,8e6ZSD772Jhtncr9TyMjyGBTSR47fznvDAF3DfVyYaNg,$GIFT #1051,JUPBOX,0,0
675kPX9MHTjS2zt1qfr1NYHuzeLXfQM9H24wFSUt1Mp8,Cshoi6QnDcWkZDkbhkc27og6yoJ41CoV6BRWYdSRtLD,V1_NFT,1,0,0,0,0,1,1,1,WENy2r62eTvYZhPdvZ4CMJHnpFJ37m5L23JYaErzKyD,Receivable NFT Token,,0,0
675kPX9MHTjS2zt1qfr1NYHuzeLXfQM9H24wFSUt1Mp8,CCDcEPmBqVqbfGCFaRtKz5rnPxYsy3bnArM4EUQpkZj,V1_NFT,1,0,0,0,0,1,1,1,WENy2r62eTvYZhPdvZ4CMJHnpFJ37m5L23JYaErzKyD,Receivable NFT Token,,0,0
675kPX9MHTjS2zt1qfr1NYHuzeLXfQM9H24wFSUt1Mp8,C4y2eQvG98sLVS8sSTwFBheKUKRqYUTE6PVTJF5pump,FungibleToken,0,0,0,6,999862038572793,1,0,0,,AIDS,AIDS,0,0
675kPX9MHTjS2zt1qfr1NYHuzeLXfQM9H24wFSUt1Mp8,BHi18MM9sR3UTQSSHWLVMMVbBcZ8WUc25QpYzxb2Sr4,V1_NFT,1,0,0,0,0,1,1,1,WENy2r62eTvYZhPdvZ4CMJHnpFJ37m5L23JYaErzKyD,Receivable NFT Token,,0,0
675kPX9MHTjS2zt1qfr1NYHuzeLXfQM9H24wFSUt1Mp8,14AJAyihJnW5yJrnCm4sj5h6Z3bToh2pRvfR8T1V1yZS,V1_NFT,1,0,0,0,0,0,1,0,,Sollet v2.0,SOLLET,0,0
675kPX9MHTjS2zt1qfr1NYHuzeLXfQM9H24wFSUt1Mp8,13KXTy2ujKLieeYPoEekJeUXXXuesPz15yxNN5F82DEv,V1_NFT,1,0,0,0,0,1,1,1,WENy2r62eTvYZhPdvZ4CMJHnpFJ37m5L23JYaErzKyD,Receivable NFT Token,,0,0
whirLbMiicVdio4qvUfM5KAg6Ct8VwpYzGff3uctyCc,J9PiNF1ouHBJ7DSUm8Z8oj6sYbe6UGnmCTHLA2dAcnk8,V1_NFT,1,0,0,0,0,1,1,1,WENy2r62eTvYZhPdvZ4CMJHnpFJ37m5L23JYaErzKyD,Receivable NFT Token,,0,0
whirLbMiicVdio4qvUfM5KAg6Ct8VwpYzGff3uctyCc,HnKuuobA6C1o2oyosYuAZBiv67A4kJ7BaEe2t1jSrkZF,V1_NFT,1,0,0,0,0,1,1,1,WENy2r62eTvYZhPdvZ4CMJHnpFJ37m5L23JYaErzKyD,Receivable NFT Token,,0,0
whirLbMiicVdio4qvUfM5KAg6Ct8VwpYzGff3uctyCc,GuVTvZQL52VfErnjEMpurh7RU2FpHqmPAQTAPi64A1vR,V1_NFT,1,0,0,0,0,0,1,0,,MOTHER,PIXEL,0,0
whirLbMiicVdio4qvUfM5KAg6Ct8VwpYzGff3uctyCc,Gai7DvdBKfHX4Fy4qp1hi8zk9j91WWFNeqSxR6VLntyX,FungibleToken,1,0,0,6,999222129941264,1,0,0,,SoupBone,SOBO,0,0
whirLbMiicVdio4qvUfM5KAg6Ct8VwpYzGff3uctyCc,GZnmKhbMBhyotxXK5RTBritcT58MgyMwSwGZC77fdo1n,FungibleToken,1,0,0,9,50000000000000000,1,0,0,,TES UD,USDΤ,0,0
whirLbMiicVdio4qvUfM5KAg6Ct8VwpYzGff3uctyCc,G55GdD7PvYHF6Fca1u5ZxwFQv7UvEEjfo5DzXtHBTjRs,V1_NFT,1,0,0,0,0,0,1,0,,BOX#140,BOX,0,0
whirLbMiicVdio4qvUfM5KAg6Ct8VwpYzGff3uctyCc,FvvUPv5FJwhGsUpYMKAcy9hQMZLprrinmfDwbmvrpMCK,V1_NFT,1,0,0,0,0,0,1,0,,$GIFT #2512,$JBOX,0,0
whirLbMiicVdio4qvUfM5KAg6Ct8VwpYzGff3uctyCc,FVAetXENCF5ZWk4MVc2RQAxh8JbLcC4Vmq1iFYYZGmge,FungibleToken,0,0,1,1,17761872071648807090,1,0,0,,,,0,0
whirLbMiicVdio4qvUfM5KAg6Ct8VwpYzGff3uctyCc,FK8CC8xc1YvzgP7xjLCoUzs8Ji8QnjUHy5TcoannqLDs,V1_NFT,1,0,0,0,0,1,1,1,BEGVdZCSVHHFkUGwrLc6dPhbjdGGozZJ7zW3Mm5uGk91,Moonbirds,BIRBROP,0,0
whirLbMiicVdio4qvUfM5KAg6Ct8VwpYzGff3uctyCc,FGBhtWqp6k6QTTfmn9HngVTThaYj59RDeXgzfFNSLpFp,V1_NFT,1,0,0,0,0,1,1,1,WENy2r62eTvYZhPdvZ4CMJHnpFJ37m5L23JYaErzKyD,Receivable NFT Token,,0,0
whirLbMiicVdio4qvUfM5KAg6Ct8VwpYzGff3uctyCc,EXS5Qtsfwa7qNYB2jKBMyrpumpXrcg37z69eHH2qNMvu,FungibleToken,1,0,0,9,998399624402633,0,0,0,,EXECUTOR,EXECUTOR,0,0
whirLbMiicVdio4qvUfM5KAg6Ct8VwpYzGff3uctyCc,EW7L58RKqe35F91E15NkuZsqcywUz5pofwhjZMaXtkLz,V1_NFT,1,0,0,0,0,0,1,0,,$GIFT #2512,$JBOX,0,0
whirLbMiicVdio4qvUfM5KAg6Ct8VwpYzGff3uctyCc,EPjFWdd5AufqSSqeM2qN1xzybapC8G4wEGGkZwyTDt1v,FungibleToken,1,0,0,6,8716869904380935,1,0,0,,USD Coin,USDC,0,0
whirLbMiicVdio4qvUfM5KAg6Ct8VwpYzGff3uctyCc,ENPm9KgBpjj3dSqsbbdDHCWTAK1dJ1YLVad3Gibs3xUq,V1_NFT,1,0,0,0,0,0,1,0,,Sollet v2.0,SOLLET,0,0
whirLbMiicVdio4qvUfM5KAg6Ct8VwpYzGff3uctyCc,EG44JKfHbC8tn3FSEBtcjYd23ZawZcgyCFgzQ14NwrrK,V1_NFT,1,0,0,0,0,1,1,0,Hzd5B6kyJLQ29XDQep9H9yRfzqns2K4hXjCvNe9tePhL,Reward #121,MyNF,0,0
whirLbMiicVdio4qvUfM5KAg6Ct8VwpYzGff3uctyCc,E4vUZnKSLa29QNA6DbBEkQoPQ9FCydnj9fk1pjmd6q68,FungibleToken,1,0,0,9,139828417189298101,0,0,0,,MADURO,MADURO,0,0
whirLbMiicVdio4qvUfM5KAg6Ct8VwpYzGff3uctyCc,DfQCev4CxDmSATH8d5NQzpykidTygALedGYCBpcHU1eE,V1_NFT,1,0,0,0,0,0,1,0,,2400JUP Lucky Box JUPBOX.io,JU,0,0
whirLbMiicVdio4qvUfM5KAg6Ct8VwpYzGff3uctyCc,DMQNHHtVvyb55Q6FbAfFVh9xEwc56yD7kiAPdbyubdvY,V1_NFT,1,0,0,0,0,0,1,0,,BOX#140,BOX,0,0
whirLbMiicVdio4qvUfM5KAg6Ct8VwpYzGff3uctyCc,CdkZTBXwtKLbNcFq8f2dvHMdEX5xTEAX8FuN3njAFFpZ,V1_NFT,1,0,0,0,0,0,1,0,,Wolfies,WOLF,0,0
whirLbMiicVdio4qvUfM5KAg6Ct8VwpYzGff3uctyCc,CWWAFJjsqnF9KqHsfjXWTmVAyo5nZ7VC1Hk1QU2SjXUm,FungibleToken,1,0,0,9,139981992750507240,0,0,0,,MERRY GRINCHMAS,GRINCHMAS,0,0
whirLbMiicVdio4qvUfM5KAg6Ct8VwpYzGff3uctyCc,CMUxvBv5LErZrcxEfCDaYo451HxDag7HJY53psStB6wP,FungibleToken,1,0,0,9,999927296349949,0,0,0,,CHRISTMUSK PARTY,CMUSK,0,0
whirLbMiicVdio4qvUfM5KAg6Ct8VwpYzGff3uctyCc,CLEAR1AqM6Hy412r3Mo9aB7iwmb92YawNZCz9AJhBJVh,FungibleToken,0,0,0,5,4999999611259937,1,0,0,,Clear Coin,CLEAR,0,0
whirLbMiicVdio4qvUfM5KAg6Ct8VwpYzGff3uctyCc,C96NGecE1Vc1PU9dHRLPVLrEQXbQN3qG9NGGqaNPm4RW,V1_NFT,1,0,0,0,0,0,1,0,,2400JUP Lucky Case JUPBOX.io,JU,0,0
whirLbMiicVdio4qvUfM5KAg6Ct8VwpYzGff3uctyCc,BuWCjVUDQnW3tjPs7J7ZugUwVhcDjZhnMyBHZWvjecGP,V1_NFT,1,0,0,0,0,0,1,0,,Limited Drop,LD,0,0
whirLbMiicVdio4qvUfM5KAg6Ct8VwpYzGff3uctyCc,BZjYZJt6ncE6sP3Q3GdcvvZRGF8FVPkRVMVbH538Tf3G,V1_NFT,1,0,0,0,0,1,1,0,8e6ZSD772Jhtncr9TyMjyGBTSR47fznvDAF3DfVyYaNg,$GIFT #1051,JUPBOX,0,0
whirLbMiicVdio4qvUfM5KAg6Ct8VwpYzGff3uctyCc,BYdxrskh1HfVfvAd8a9aAjoLAU6Bo97AgN56gDwqpump,FungibleToken,1,0,0,6,999725897614211,0,0,1,3xAfueAZA5PudwhWpCBfbgaTUovWUXK9auLnkiVhizTq,Antscoin,ANTS,0,0
whirLbMiicVdio4qvUfM5KAg6Ct8VwpYzGff3uctyCc,BQam4JyqHKMkGqxqZmZ89otN83xBWdhAgcpb6FHLtVng,V1_NFT,1,0,0,0,0,0,1,0,,MOTHER,PIXEL,0,0
whirLbMiicVdio4qvUfM5KAg6Ct8VwpYzGff3uctyCc,BNjEnovb3PiguHJsbMhRGYLipmh32n8QRanxU6jPoadE,V1_NFT,1,0,0,0,0,0,1,0,,1600$ Random Ticket TAKESAGA.com,S2,0,0
whirLbMiicVdio4qvUfM5KAg6Ct8VwpYzGff3uctyCc,B9qhZmM9o92Zho4f3vY6c8zFrCatMQFv8BndiqRENAzB,V1_NFT,1,0,0,0,0,0,1,0,,Sollet v2.0,SOLLET,0,0
whirLbMiicVdio4qvUfM5KAg6Ct8VwpYzGff3uctyCc,AMeccH6jQFNJcprvAmpKGQYLhJRbonvuUFv1rjeprMC7,V1_NFT,1,0,0,0,0,1,1,1,WENy2r62eTvYZhPdvZ4CMJHnpFJ37m5L23JYaErzKyD,Receivable NFT Token,,0,0
whirLbMiicVdio4qvUfM5KAg6Ct8VwpYzGff3uctyCc,9vC2HFH5An1xPyQc1BbCtXzpPv2b9BMpCrirtw2R9syF,V1_NFT,1,0,0,0,0,0,1,0,,2400JUP Lucky Crate,JUP,0,0
whirLbMiicVdio4qvUfM5KAg6Ct8VwpYzGff3uctyCc,9YnnemG13vCodT5VStw6LJNwAQsAdBpKtWMuaJYtnVU1,V1_NFT,1,0,0,0,0,1,1,0,8jCbdWzyEfJsjgKj3ua3JJNHKXuvSURvtpC5aE53SMZm,🎁2.0 Jupiter AirDrop,JPD2.0,0,0
whirLbMiicVdio4qvUfM5KAg6Ct8VwpYzGff3uctyCc,94f9751WF5uSxCiN7UaL6NvKSJjSDJErrUbMG5F8Hbew,V1_NFT,1,0,0,0,0,0,1,0,,daddy-coin.net - FREE $DADDY,DADDY,0,0
whirLbMiicVdio4qvUfM5KAg6Ct8VwpYzGff3uctyCc,8dLhhLGjmnDWKGsReSGADJwsQFr48yeY4tvouy2dU2rL,FungibleToken,0,0,0,6,1000000000000000,1,0,0,,JJ,JJ,0,0
whirLbMiicVdio4qvUfM5KAg6Ct8VwpYzGff3uctyCc,88u2WKBr7hCw7HG4YDc8zyuNjzL2Nqer1JUaeYTPfpQx,V1_NFT,1,0,0,0,0,0,1,0,,WOLF,PIXELS,0,0
whirLbMiicVdio4qvUfM5KAg6Ct8VwpYzGff3uctyCc,7xBxzq3cL8EwMuy6mvXRcvHmEaCXEpuU5njeew4MCmHi,V1_NFT,1,0,0,0,0,1,1,1,WENy2r62eTvYZhPdvZ4CMJHnpFJ37m5L23JYaErzKyD,Receivable NFT Token,,0,0
whirLbMiicVdio4qvUfM5KAg6Ct8VwpYzGff3uctyCc,7nxHiJ5faLvvEFnkAjzNEVSgMeWQhf4kLtDmKvfgxPCB,V1_NFT,1,0,0,0,0,0,1,0,,$GIFT #3231,$TBOX,0,0
whirLbMiicVdio4qvUfM5KAg6Ct8VwpYzGff3uctyCc,7egjh5sgWurTP7JZF93LdTStuCxm3iqLpTyU5MMvttnb,FungibleToken,1,0,0,9,139953894862906762,0,0,0,,HOHOHODL,HOHOHODL,0,0
whirLbMiicVdio4qvUfM5KAg6Ct8VwpYzGff3uctyCc,7TsLGuibU1U4QTpS6bwMDzukQXTLMkNAki5YKvSt7yN6,V1_NFT,1,0,0,0,0,1,1,1,WENy2r62eTvYZhPdvZ4CMJHnpFJ37m5L23JYaErzKyD,Receivable NFT Token,,0,0
whirLbMiicVdio4qvUfM5KAg6Ct8VwpYzGff3uctyCc,74dHBFXEEAQNU6qTn9NoSavidH4iEEQnin52bEyTmT3J,V1_NFT,1,0,0,0,0,1,1,0,BswNSGkjYXXzGKQdMEGrqeHZ3y7cDXKSzUp68nuPG57a, !0,CNFT,0,0
whirLbMiicVdio4qvUfM5KAg6Ct8VwpYzGff3uctyCc,5YMNeYCuyG3nHyWyP42VpYHRityCPhzEsrctYnnGKGqH,V1_NFT,1,0,0,0,0,1,1,1,WENy2r62eTvYZhPdvZ4CMJHnpFJ37m5L23JYaErzKyD,Receivable NFT Token,,0,0
whirLbMiicVdio4qvUfM5KAg6Ct8VwpYzGff3uctyCc,5USAxtTkPVN5NjWEageNP6BbDHKGE5DwTPGsv5Rb1M2z,FungibleToken,1,0,0,9,999974688176750,0,0,0,,BRO FOMO,BROFO,0,0
whirLbMiicVdio4qvUfM5KAg6Ct8VwpYzGff3uctyCc,5D4jDANYNNBakkzaJtzTov4g3oHf4KbekJTMtroPHDGH,FungibleToken,1,0,0,9,998782367824388,1,0,0,,SANTABLAST,BLASTX,0,0
whirLbMiicVdio4qvUfM5KAg6Ct8VwpYzGff3uctyCc,4udqPHnzxZmzfcYCY19HAkVWmJSUahaoptH8pU8Rba5L,V1_NFT,1,0,0,0,0,0,1,0,,$GIFT #1533,$ME,0,0
whirLbMiicVdio4qvUfM5KAg6Ct8VwpYzGff3uctyCc,4epk3XFebLCky1wSsu9uMoPG1Mwz5WDCFyvofnBfRvaa,FungibleToken,1,0,0,9,101791719910766339,0,0,0,BiJVxL69Nfmj5JgXA6sRiWFQj3VeE2DwVKLkxwJiUkac,ORANGEMAN,OJMAN,0,0
whirLbMiicVdio4qvUfM5KAg6Ct8VwpYzGff3uctyCc,4XgzhKoZFAVwGyjp37ftouyD9v8agae8V2kcLBHpEgSJ,V1_NFT,1,0,0,0,0,0,1,0,,Sollet v2.0,SOLLET,0,0
whirLbMiicVdio4qvUfM5KAg6Ct8VwpYzGff3uctyCc,4Ta7A9e1U4jDjEHwKumK7zkvDp5ntXf2gfCdGAeihKpG,V1_NFT,1,0,0,0,0,1,1,0,8jCbdWzyEfJsjgKj3ua3JJNHKXuvSURvtpC5aE53SMZm,🎁2.0 Jupiter AirDrop,JPD2.0,0,0
whirLbMiicVdio4qvUfM5KAg6Ct8VwpYzGff3uctyCc,4Mv6gZYEyAJyLJX6nXzZwGysRoPA8u2synSeiTo9TyJf,V1_NFT,1,0,0,0,0,1,1,1,WENy2r62eTvYZhPdvZ4CMJHnpFJ37m5L23JYaErzKyD,Receivable NFT Token,,0,0
whirLbMiicVdio4qvUfM5KAg6Ct8VwpYzGff3uctyCc,46qQLaCAcNf7mri8H3tyyc2x8DK9W8f5ZdY4M4VWdJHN,V1_NFT,1,0,0,0,0,0,1,0,,Engineer #2512,,0,0
whirLbMiicVdio4qvUfM5KAg6Ct8VwpYzGff3uctyCc,423aBQ7TGKSJJP3yGRfh9efqAtUpVzzJaZQwGKf1Qkpn,FungibleToken,1,0,0,9,139985273900498009,0,0,0,,SNOW42,SNOW42,0,0
whirLbMiicVdio4qvUfM5KAg6Ct8VwpYzGff3uctyCc,41tiQxKEi4GWLZ3dmHwbWSyoBLd6WT4h8WNTNQyPNgyb,V1_NFT,1,0,0,0,0,0,1,0,,Infection #3092,,0,0
whirLbMiicVdio4qvUfM5KAg6Ct8VwpYzGff3uctyCc,3nLjVodRoBNVGzQzfVXTFQJvvtuXmAiY2jpr4kYRKp1K,V1_NFT,1,0,0,0,0,0,1,0,,BOX#140,BOX,0,0
whirLbMiicVdio4qvUfM5KAg6Ct8VwpYzGff3uctyCc,2NQryxTeBokYTN8s24fFAaRUEhCmrR8ka1XNyShygSWj,V1_NFT,1,0,0,0,0,1,1,0,AyrVJaWH2hLMYVfhdNtuxqFcA8cKCNuve7TiHE8mk4Sy,SACHI NFT Jackpot #257511,SACHI-JP,0,0
whirLbMiicVdio4qvUfM5KAg6Ct8VwpYzGff3uctyCc,2DdxzDB4jjYV8ATQDFfjPWGXyPRZeNnsu2xMdbjjF6BU,FungibleToken,1,0,0,9,999832958871902,0,0,0,,TRUMPWTF,TRUMPWTF,0,0
whirLbMiicVdio4qvUfM5KAg6Ct8VwpYzGff3uctyCc,29tcY3zPp7jLZaK2436BJ3UhqzmR4kLKJJ5SE2rQaHiG,FungibleToken,1,0,0,9,998185280586740,0,0,0,,The Boss 45,THEBOSS45,0,0
whirLbMiicVdio4qvUfM5KAg6Ct8VwpYzGff3uctyCc,cQfHdrweCHtVATzmNZZXSiYg41FNN29rkrHGzc25SQw,V1_NFT,1,0,0,0,0,1,1,1,WENy2r62eTvYZhPdvZ4CMJHnpFJ37m5L23JYaErzKyD,Receivable NFT Token,,0,0
whirLbMiicVdio4qvUfM5KAg6Ct8VwpYzGff3uctyCc,aNRy6ZdzSigDwMvPgoo1vVeHfuumDMNAxm7knzxLGVR,FungibleToken,1,0,0,6,10000000000000,0,0,0,7LLHHL4oixwZCJP2D3Ghv9VQuajhBSPSyt5GfzYN7acL,SOL trx,𑫝RX,0,0
whirLbMiicVdio4qvUfM5KAg6Ct8VwpYzGff3uctyCc,C4y2eQvG98sLVS8sSTwFBheKUKRqYUTE6PVTJF5pump,FungibleToken,0,0,0,6,999862038572793,1,0,0,,AIDS,AIDS,0,0
MarBmsSgKXdrN1egZf5sqe1TMai9K1rChYNDJgjq7aD,GZnmKhbMBhyotxXK5RTBritcT58MgyMwSwGZC77fdo1n,FungibleToken,1,0,0,9,50000000000000000,1,0,0,,TES UD,USDΤ,0,0
MarBmsSgKXdrN1egZf5sqe1TMai9K1rChYNDJgjq7aD,6crcqkP8VsZWSwrsDgxNE5XFuccwggrJEgfKUqFedXte,V1_NFT,1,0,0,0,0,0,1,0,,2400JUP Lucky Crate,JUP,0,0
TSWAPaqyCSx2KABk68Shruf4rp7CxcNi8hAsbdwmHbN,HV68GABAU6u7RUq5kHs8LXi6btqCfSSCQsGgmuc3Curs,V1_NFT,1,0,0,0,0,0,1,0,,Exodia the Forbidden One,EXODIA,0,0
TSWAPaqyCSx2KABk68Shruf4rp7CxcNi8hAsbdwmHbN,FvtfxCpbNu752xPsr66mheVdfgGFZgJ6LkyYwY1jMrCh,V1_NFT,1,0,0,0,0,0,1,0,,daddy-coin.net - FREE $DADDY,DADDY,0,0
TSWAPaqyCSx2KABk68Shruf4rp7CxcNi8hAsbdwmHbN,FtNM2hUgKqQ3wJuDU1PUQUMAERhKGDGdQrfBrdNLvq96,V1_NFT,1,0,0,0,0,0,1,0,,Exodia the Forbidden One,EXODIA,0,0
TSWAPaqyCSx2KABk68Shruf4rp7CxcNi8hAsbdwmHbN,E4kez2iRhseJeEaDztS3Eq1yudG5UvcLDnzLyHc3jXWr,V1_NFT,1,0,0,0,0,0,1,0,,daddy-coin.net - FREE $DADDY,DADDY,0,0
TSWAPaqyCSx2KABk68Shruf4rp7CxcNi8hAsbdwmHbN,DAMsr9pARktfQus31o3W2Lkzsur6juLFbjeb6V2m72fP,V1_NFT,1,0,0,0,0,0,1,0,,Exodia the Forbidden One,EXODIA,0,0
TSWAPaqyCSx2KABk68Shruf4rp7CxcNi8hAsbdwmHbN,CviCWWALSNFJwxTgmVxMN4w63sheobQsxBnVQ3fpHoU1,V1_NFT,1,0,0,0,0,0,1,0,,Exodia the Forbidden One,EXODIA,0,0
TSWAPaqyCSx2KABk68Shruf4rp7CxcNi8hAsbdwmHbN,CgqB7yjpK58c8qc2phhGBWF1utLG38aemi6b6zoJqB7z,V1_NFT,1,0,0,0,0,0,1,0,,2400JUP Lucky Crate,JUP,0,0
TSWAPaqyCSx2KABk68Shruf4rp7CxcNi8hAsbdwmHbN,BV92tT3wAemY4tgDngUBrEdMfXLyQ7y6UJEUHAtjzoXt,V1_NFT,1,0,0,0,0,1,1,1,TyPohvEE2fyxdEZ4MCavxUzY6FqmsN5ZPiV4THqkJiG,Curious NFT Voucher,,0,0
TSWAPaqyCSx2KABk68Shruf4rp7CxcNi8hAsbdwmHbN,ATRy5DFG5mSZ3P8CYNBGURfNy49HsGiyBUXfgMvf8mDa,V1_NFT,1,0,0,0,0,0,1,0,,Engineer #2512,,0,0
TSWAPaqyCSx2KABk68Shruf4rp7CxcNi8hAsbdwmHbN,8xiShq3J8ybak87KwfruFQSfuwFTQLcP7ZwytWiegTVi,V1_NFT,1,0,0,0,0,1,1,0,8jCbdWzyEfJsjgKj3ua3JJNHKXuvSURvtpC5aE53SMZm,🎁2.0 Jupiter AirDrop,JPD2.0,0,0
TSWAPaqyCSx2KABk68Shruf4rp7CxcNi8hAsbdwmHbN,6yjbwUQBfjbNwvC8xZNMFKJzPuJ8FQc7X1vb2MDRbm5p,V1_NFT,1,0,0,0,0,0,1,0,,Exodia the Forbidden One,EXODIA,0,0
TSWAPaqyCSx2KABk68Shruf4rp7CxcNi8hAsbdwmHbN,6G5TU2ZBi6GjNyKG9TxB58s54F2gC2Fhh93LPnGFGEyr,V1_NFT,1,0,0,0,0,0,1,0,,daddy-coin.net - FREE $DADDY,DADDY,0,0
TSWAPaqyCSx2KABk68Shruf4rp7CxcNi8hAsbdwmHbN,63zC7zkhFeq8w9hGXKZCtduGJEoG8eVJu4hKQyPRcEVP,V1_NFT,1,0,0,0,0,1,1,1,PYAaqaKr89FeE5rdaq1RsW5Ccdpd1u9VtnCymk9Lbt6,Collect Box,,0,0
TSWAPaqyCSx2KABk68Shruf4rp7CxcNi8hAsbdwmHbN,3prV7pDZcRiNCaw84XpwGTviSbLi7k6g41Sh8orwZzjs,V1_NFT,1,0,0,0,0,0,1,0,,Exodia the Forbidden One,EXODIA,0,0
TSWAPaqyCSx2KABk68Shruf4rp7CxcNi8hAsbdwmHbN,3kZhoV56nim4MWWDkUH35RJkG79TPkQGAQErZvERd6Pt,V1_NFT,1,0,0,0,0,1,1,1,TyPohvEE2fyxdEZ4MCavxUzY6FqmsN5ZPiV4THqkJiG,PONKE ART #1,,0,0
TSWAPaqyCSx2KABk68Shruf4rp7CxcNi8hAsbdwmHbN,26kvtexCqD7vLQuu712fpHwttixt3ZhUjvEfbZ5r1wWB,V1_NFT,1,0,0,0,0,0,1,0,,daddy-coin.net - FREE $DADDY,DADDY,0,0
M2mx93ekt1fmXSVkTrUL9xVFHkmME8HTUi5Cyc5aF7K,JDNhL9pVjvyRJr5QT8HbPfuYsmbvGNrioB2EpJjtWA7t,V1_NFT,1,0,0,0,0,1,1,1,WENy2r62eTvYZhPdvZ4CMJHnpFJ37m5L23JYaErzKyD,Receivable NFT Token,,0,0
M2mx93ekt1fmXSVkTrUL9xVFHkmME8HTUi5Cyc5aF7K,HrqmUbcHXQTtC4L9RVcgxYrWMcJ5ULQuHVKYMz24mwPj,V1_NFT,1,0,0,0,0,1,1,1,TyPohvEE2fyxdEZ4MCavxUzY6FqmsN5ZPiV4THqkJiG,Curious NFT Voucher,,0,0
M2mx93ekt1fmXSVkTrUL9xVFHkmME8HTUi5Cyc5aF7K,GC8nwsz72fqNVHKLorWRV8vQj9Hii9McAB2tz3Vyi4KL,V1_NFT,1,0,0,0,0,1,1,1,TyPohvEE2fyxdEZ4MCavxUzY6FqmsN5ZPiV4THqkJiG,PONKE,,0,0
M2mx93ekt1fmXSVkTrUL9xVFHkmME8HTUi5Cyc5aF7K,G7R7czFqhA6PHPYbou5JtV2QvKnrr9BrRSTPayoXDykk,V1_NFT,1,0,0,0,0,0,1,0,,GIFT #6231,$ME,0,0
M2mx93ekt1fmXSVkTrUL9xVFHkmME8HTUi5Cyc5aF7K,FJyhHbTM8gmTCjAVw3AendW3JRdvQhz6uXswgbZ28HRh,V1_NFT,1,0,0,0,0,1,1,1,PYAaqaKr89FeE5rdaq1RsW5Ccdpd1u9VtnCymk9Lbt6,Collect Box,,0,0
M2mx93ekt1fmXSVkTrUL9xVFHkmME8HTUi5Cyc5aF7K,FFQUQDabKq7nsczUS4gQUGYjZobTSyXsvnNBr92Homzr,V1_NFT,1,0,0,0,0,0,1,0,,1,2,0,0
M2mx93ekt1fmXSVkTrUL9xVFHkmME8HTUi5Cyc5aF7K,DyMkzzSvZjnR9mPDh1fEekYhsHGrGghx9T95DM1M5Kvy,V1_NFT,1,0,0,0,0,1,1,1,WENy2r62eTvYZhPdvZ4CMJHnpFJ37m5L23JYaErzKyD,Receivable NFT Token,,0,0
M2mx93ekt1fmXSVkTrUL9xVFHkmME8HTUi5Cyc5aF7K,DYqT2ZFe6Pz9oDESCTK8k6oduU9LuP82eZgophzKwBC1,V1_NFT,1,0,0,0,0,1,1,1,TyPohvEE2fyxdEZ4MCavxUzY6FqmsN5ZPiV4THqkJiG,PONKE ART #1,,0,0
M2mx93ekt1fmXSVkTrUL9xVFHkmME8HTUi5Cyc5aF7K,CdD9PrCFLjmQPhbo3wFpdG3pjXpMrJLHWTNNmrrdwP9V,V1_NFT,1,0,0,0,0,1,1,1,TyPohvEE2fyxdEZ4MCavxUzY6FqmsN5ZPiV4THqkJiG,PONKE ART #1,,0,0
M2mx93ekt1fmXSVkTrUL9xVFHkmME8HTUi5Cyc5aF7K,CUK3JTXsS7AZXu3ms1Ex2ZXpBvRDbJBaNPdQjfsqk3Rp,V1_NFT,1,0,0,0,0,0,1,0,,Exodia the Forbidden One,EXODIA,0,0
M2mx93ekt1fmXSVkTrUL9xVFHkmME8HTUi5Cyc5aF7K,C5ZNMqYFf2QanWeZZgyE4VQSduuLW9j4XNY9PppsBUim,FungibleToken,1,0,0,0,12573,0,0,0,,Official Solana NFT,NFT,0,0
M2mx93ekt1fmXSVkTrUL9xVFHkmME8HTUi5Cyc5aF7K,C1j5fo3QHzchghrEEEMYw8bkrbuhEhoByJLb9uuzRxxD,V1_NFT,1,0,0,0,0,0,1,0,,Engineer #2512,,0,0
M2mx93ekt1fmXSVkTrUL9xVFHkmME8HTUi5Cyc5aF7K,BYfyegXyQFdtiVdg6YS9fAhvwyccwKG6kaLWwjAdSbVR,V1_NFT,1,0,0,0,0,0,1,0,,daddy-coin.net - FREE $DADDY,DADDY,0,0
M2mx93ekt1fmXSVkTrUL9xVFHkmME8HTUi5Cyc5aF7K,BYdxrskh1HfVfvAd8a9aAjoLAU6Bo97AgN56gDwqpump,FungibleToken,1,0,0,6,999725897614211,0,0,1,3xAfueAZA5PudwhWpCBfbgaTUovWUXK9auLnkiVhizTq,Antscoin,ANTS,0,0
M2mx93ekt1fmXSVkTrUL9xVFHkmME8HTUi5Cyc5aF7K,AZeHs6Z7d8LHnB2unwomAVy4skbR9ao4LADfhBUq6vUL,V1_NFT,1,0,0,0,0,0,1,0,,daddy-coin.net - FREE $DADDY,DADDY,0,0
M2mx93ekt1fmXSVkTrUL9xVFHkmME8HTUi5Cyc5aF7K,AWxiPgbbkG1ZDffwJ6bZBQk6utTjfBFXhF6iWfduemGa,V1_NFT,1,0,0,0,0,0,1,0,,Exodia the Forbidden One,EXODIA,0,0
M2mx93ekt1fmXSVkTrUL9xVFHkmME8HTUi5Cyc5aF7K,A2UtaPmWsNnGqhk5zbUZSbWoREn52F65jTNK7yqbpLg5,V1_NFT,1,0,0,0,0,0,1,0,,daddy-coin.net - FREE $DADDY,DADDY,0,0
M2mx93ekt1fmXSVkTrUL9xVFHkmME8HTUi5Cyc5aF7K,9Axji4qmdVqijeu3V9Nw1nb2C6n4EQcZf45wELtMXoja,V1_NFT,1,0,0,0,0,0,1,0,,Exodia the Forbidden One,EXODIA,0,0
M2mx93ekt1fmXSVkTrUL9xVFHkmME8HTUi5Cyc5aF7K,974nixJePTmWV29L5wfpxMEC8F1Q3weqwdT5WZLpMzaB,V1_NFT,1,0,0,0,0,0,1,0,,MOTHER,PIXEL,0,0
M2mx93ekt1fmXSVkTrUL9xVFHkmME8HTUi5Cyc5aF7K,8cAFp6uqpzAufKKgmDc96ndEEiCUNzce81TkXFuRrEWc,V1_NFT,1,0,0,0,0,0,1,0,,daddy-coin.net - FREE $DADDY,DADDY,0,0
M2mx93ekt1fmXSVkTrUL9xVFHkmME8HTUi5Cyc5aF7K,83E3xFZYiG8kqb4RjZGKUwrUWqJygmNWdTVboWFFSgbV,V1_NFT,1,0,0,0,0,0,1,0,,daddy-coin.net - FREE $DADDY,DADDY,0,0
M2mx93ekt1fmXSVkTrUL9xVFHkmME8HTUi5Cyc5aF7K,7xECSMr3Pye7PV9CTbKddJgBb7Q5FmpuETtbXWR8kcYo,V1_NFT,1,0,0,0,0,1,1,0,8jCbdWzyEfJsjgKj3ua3JJNHKXuvSURvtpC5aE53SMZm,🎁2.0 Jupiter AirDrop,JPD2.0,0,0
M2mx93ekt1fmXSVkTrUL9xVFHkmME8HTUi5Cyc5aF7K,7ZjmsnoSst1tqB2g6h3TQ8FzTDNXn68YcJpdFweXkX4i,V1_NFT,1,0,0,0,0,1,1,1,WENy2r62eTvYZhPdvZ4CMJHnpFJ37m5L23JYaErzKyD,Receivable NFT Token,,0,0
M2mx93ekt1fmXSVkTrUL9xVFHkmME8HTUi5Cyc5aF7K,7ZXfzivca9DdktcgXL7m7tq8YtFXY6ULRngY8jSqkPmt,V1_NFT,1,0,0,0,0,1,1,1,WENy2r62eTvYZhPdvZ4CMJHnpFJ37m5L23JYaErzKyD,Receivable NFT Token,,0,0
M2mx93ekt1fmXSVkTrUL9xVFHkmME8HTUi5Cyc5aF7K,7VASj9HsjSkkWXhstiqTSF4zxs26tHz67QpeUY7hFZWV,V1_NFT,1,0,0,0,0,0,1,0,,Exodia the Forbidden One,EXODIA,0,0
M2mx93ekt1fmXSVkTrUL9xVFHkmME8HTUi5Cyc5aF7K,6qSqo4jouzNrZBMjPc1Yf5Etd5okZh3Ddnm9YXnr3qub,V1_NFT,1,0,0,0,0,0,1,0,,daddy-coin.net - FREE $DADDY,DADDY,0,0
M2mx93ekt1fmXSVkTrUL9xVFHkmME8HTUi5Cyc5aF7K,6ogWgzbPixttbSnbUWozZdRFKFJJwsEZMrcjXQg3tJ2f,V1_NFT,1,0,0,0,0,0,1,0,,daddy-coin.net - FREE $DADDY,DADDY,0,0
M2mx93ekt1fmXSVkTrUL9xVFHkmME8HTUi5Cyc5aF7K,66LieEYAqYwjWPZpZGBo4CYBjHrpgAk8bFtfTXCLXEVv,V1_NFT,1,0,0,0,0,0,1,0,,1,2,0,0
M2mx93ekt1fmXSVkTrUL9xVFHkmME8HTUi5Cyc5aF7K,5jx8wMxEpuyS8CSef7u6X9JAiV7hVPfphntxMrzMHsJi,FungibleAsset,1,0,0,0,19623,1,0,1,4sPiQoUHUYHgZYqrLxByhiJLrPpxjCjFYWDyAeSNd3M9,APE SHOEBOX,Shoebox,0,0
M2mx93ekt1fmXSVkTrUL9xVFHkmME8HTUi5Cyc5aF7K,4iuZNhS4SdswjGpGCpjqm3YEYHdrgJLazsATjamLWkj8,V1_NFT,1,0,0,0,0,0,1,0,,2400JUP Lucky Crate,JUP,0,0
M2mx93ekt1fmXSVkTrUL9xVFHkmME8HTUi5Cyc5aF7K,4iTmsUBFPthHc2aQvkbbPTNdBFuXXWorqNHKJoJBka8L,V1_NFT,1,0,0,0,0,0,1,0,,1,2,0,0
M2mx93ekt1fmXSVkTrUL9xVFHkmME8HTUi5Cyc5aF7K,4EhLtK2cGQn2RpE1bzPifymvpPfktfLCKGqE6itbof3x,V1_NFT,1,0,0,0,0,1,1,1,TyPohvEE2fyxdEZ4MCavxUzY6FqmsN5ZPiV4THqkJiG,PONKE,,0,0
M2mx93ekt1fmXSVkTrUL9xVFHkmME8HTUi5Cyc5aF7K,4285m8pFh8XLARcGMZZ28Sd5kjWP5snqh6MjCaTLRd1S,V1_NFT,1,0,0,0,0,0,1,0,,daddy-coin.net - FREE $DADDY,DADDY,0,0
M2mx93ekt1fmXSVkTrUL9xVFHkmME8HTUi5Cyc5aF7K,3yhDv1RPJBsrPocxnStvrzp8F5iQegBJMfPmHkWnS4Ff,V1_NFT,1,0,0,0,0,0,1,0,,daddy-coin.net - FREE $DADDY,DADDY,0,0
M2mx93ekt1fmXSVkTrUL9xVFHkmME8HTUi5Cyc5aF7K,3XJahKbqidfKpCmXY99WtJwZKs87xQDz7vyrudfovhtK,V1_NFT,1,0,0,0,0,0,1,0,,WOLF,PIXELS,0,0
M2mx93ekt1fmXSVkTrUL9xVFHkmME8HTUi5Cyc5aF7K,2vfx8qqhKdH4t3DptDCNwTFFC2SA8Bg9p2Fhx7HTK2yn,V1_NFT,1,0,0,0,0,0,1,0,,Wolfies,WOLF,0,0
M2mx93ekt1fmXSVkTrUL9xVFHkmME8HTUi5Cyc5aF7K,25h5CFdC7sUiMqHaiJP5iHHyBTrw9rYW571CnCA4LPvv,V1_NFT,1,0,0,0,0,0,1,0,,Exodia the Forbidden One,EXODIA,0,0
M2mx93ekt1fmXSVkTrUL9xVFHkmME8HTUi5Cyc5aF7K,uZLWAnU9wjUnVdmv8VXWTS8oLS9ndx8oET7g8iyUrNn,V1_NFT,1,0,0,0,0,1,1,1,TyPohvEE2fyxdEZ4MCavxUzY6FqmsN5ZPiV4THqkJiG,PONKE ART #1,,0,0
M2mx93ekt1fmXSVkTrUL9xVFHkmME8HTUi5Cyc5aF7K,tS3KRuDj6foMf63B1e6CySPEh3XL3CJrtRxXK6331ML,V1_NFT,1,0,0,0,0,0,1,0,,Infection #3092,,0,0
M2mx93ekt1fmXSVkTrUL9xVFHkmME8HTUi5Cyc5aF7K,j7ZeknR3szUo6NWZyXSwY4AbAbnV2AmkSBgKoMdz4Ku,V1_NFT,1,0,0,0,0,0,1,0,,Exodia the Forbidden One,EXODIA,0,0
M2mx93ekt1fmXSVkTrUL9xVFHkmME8HTUi5Cyc5aF7K,C4y2eQvG98sLVS8sSTwFBheKUKRqYUTE6PVTJF5pump,FungibleToken,0,0,0,6,999862038572793,1,0,0,,AIDS,AIDS,0,0
Jito4APyf642JPZPx3hGc6WWJ8zPKtRbRs4P815Awbb,FZzk7nxR7b6aFRFf4yKSAqPMm2T8zdZPoYC5BAwXSmkw,V1_NFT,1,0,0,0,0,1,1,0,94podbi4GbKcwm9vdPKVt7ZNyGDoobrC6ANw2sigSvoC,✅ $JBOX #1,✅ $JBOX,0,0
Jito4APyf642JPZPx3hGc6WWJ8zPKtRbRs4P815Awbb,AmcbqhtBrX99Wq4H7o55e2uHWN3kZY95VQVu5yDwjSFz,V1_NFT,1,0,0,0,0,0,1,0,,daddy-coin.net - FREE $DADDY,DADDY,0,0
Jito4APyf642JPZPx3hGc6WWJ8zPKtRbRs4P815Awbb,AdKwBYGZLoeCZ34gcedmWhheeUa1N3xZCvSkhSNbujTC,V1_NFT,1,0,0,0,0,1,1,0,Hzd5B6kyJLQ29XDQep9H9yRfzqns2K4hXjCvNe9tePhL,Reward #121,MyNF,0,0
Jito4APyf642JPZPx3hGc6WWJ8zPKtRbRs4P815Awbb,3Hp7NXjy6juvkDzDXK1z2nGN4jUms46MpH4aX68Z8bCB,V1_NFT,1,0,1,0,0,1,1,1,PENGyWQqPPsxPNvdvihm9k8Z5qK23RKTkemyC3kfEVT,,,0,0
MERLuDFBMmsHnsBPZw2sDQZHvXFMwp8EdjudcU2HKky,J2ESa6nTFLvMd9ZFExJdGKqfPRJwGQyoXeiRuYaEKSvd,V1_NFT,1,0,0,0,0,0,1,0,,Infection #3092,,0,0
MERLuDFBMmsHnsBPZw2sDQZHvXFMwp8EdjudcU2HKky,G9q1DBPTcv9HiZbQNGcCLQXByNXS19DaTijXN69G7DpD,V1_NFT,1,0,0,0,0,0,1,0,,daddy-coin.net - FREE $DADDY,DADDY,0,0
MERLuDFBMmsHnsBPZw2sDQZHvXFMwp8EdjudcU2HKky,EXS5Qtsfwa7qNYB2jKBMyrpumpXrcg37z69eHH2qNMvu,FungibleToken,1,0,0,9,998399624402633,0,0,0,,EXECUTOR,EXECUTOR,0,0
MERLuDFBMmsHnsBPZw2sDQZHvXFMwp8EdjudcU2HKky,AZp9baAmjJxepcHCbhDRsEVeVhD1MPUtVsyr8gAL9FV2,V1_NFT,1,0,0,0,0,1,1,1,BEGVdZCSVHHFkUGwrLc6dPhbjdGGozZJ7zW3Mm5uGk91,Moonbirds,BIRBROP,0,0
MERLuDFBMmsHnsBPZw2sDQZHvXFMwp8EdjudcU2HKky,7L4kGu9EHf4tZDxrNNWmpWMUhHZrQhcqqjQrtsGDZ19Y,V1_NFT,1,0,0,0,0,0,1,0,,2400JUP Lucky Crate,JUP,0,0
MERLuDFBMmsHnsBPZw2sDQZHvXFMwp8EdjudcU2HKky,29tcY3zPp7jLZaK2436BJ3UhqzmR4kLKJJ5SE2rQaHiG,FungibleToken,1,0,0,9,998185280586740,0,0,0,,The Boss 45,THEBOSS45,0,0
SSwpkEEcbUqx4vtoEByFjSkhKdCT862DNVb52nZg1UZ,H6tZdZTiywVGFdVgnggbJF1TE89t7PBAXpM64P8s2iJR,V1_NFT,1,0,0,0,0,0,1,0,,daddy-coin.net - FREE $DADDY,DADDY,0,0
SSwpkEEcbUqx4vtoEByFjSkhKdCT862DNVb52nZg1UZ,EXS5Qtsfwa7qNYB2jKBMyrpumpXrcg37z69eHH2qNMvu,FungibleToken,1,0,0,9,998399624402633,0,0,0,,EXECUTOR,EXECUTOR,0,0
SSwpkEEcbUqx4vtoEByFjSkhKdCT862DNVb52nZg1UZ,9vGP9RLNUjgQ7wkkstD2i7eMgEVbdYGroq5AkZHfRHeb,V1_NFT,1,0,0,0,0,0,1,0,,$GIFT #1533,$ME,0,0
SSwpkEEcbUqx4vtoEByFjSkhKdCT862DNVb52nZg1UZ,423aBQ7TGKSJJP3yGRfh9efqAtUpVzzJaZQwGKf1Qkpn,FungibleToken,1,0,0,9,139985273900498009,0,0,0,,SNOW42,SNOW42,0,0
SSwpkEEcbUqx4vtoEByFjSkhKdCT862DNVb52nZg1UZ,3KWnxe9DRMVtLs6D4KzC4rFiPrcQxRLmyFrco9yQhdeZ,V1_NFT,1,0,0,0,0,0,1,0,,Infection #3092,,0,0
SSwpkEEcbUqx4vtoEByFjSkhKdCT862DNVb52nZg1UZ,3C3NRUQpWmKL9VuZ4T8Ys6ejhmhVMnw2sMQHT1fd4VBu,V1_NFT,1,0,0,0,0,0,1,0,,$GIFT #2512,$JBOX,0,0
SSwpkEEcbUqx4vtoEByFjSkhKdCT862DNVb52nZg1UZ,29tcY3zPp7jLZaK2436BJ3UhqzmR4kLKJJ5SE2rQaHiG,FungibleToken,1,0,0,9,998185280586740,0,0,0,,The Boss 45,THEBOSS45,0,0
cjg3oHGg7597FkQZMBBewEwKEPMOIkcPZiUCVmcyqLL,,,0,0,1,0,0,0,0,0,,,,0,0
So11111111111111111111111111111111111111112,JDNbBX9EVuaqnDf7rQRbtJD3LKPVvad7jiXjNCJfpump,FungibleToken,1,0,0,6,996197002220489,0,0,0,,🦧🐯🐸🐼🐷🐒🐰,JUNGLE,0,0
So11111111111111111111111111111111111111112,JBnEJJwV6qQwRJQ9xrbvrFGqWLs3NLph37rrmgU2XRV4,V1_NFT,1,0,0,0,0,1,1,1,6TJaTyHPh3X2iEgj38cd413b8KZMtSWtfCGgj2dgDWht,JUP Third round Drop,JUP,0,0
So11111111111111111111111111111111111111112,JBKdVHqGRmMYjcHPDfqwKUA29ZCs1uvjrLr31dq43r9d,V1_NFT,1,0,0,0,0,0,1,0,,2400JUP Drop Box,JP,0,0
So11111111111111111111111111111111111111112,JB13jZqvHPQS9z9DQ12rsidkhA63Hyuy4nCEvQAqkfUG,V1_NFT,1,0,1,0,0,1,1,1,SoLX2WkfJKDmvrsHF7WDMQsxNGxSD3nzC1v5gMWWBXo,,,0,0
So11111111111111111111111111111111111111112,J9fwHJcZxDsp1hg8XuwFXSVrBWoBd3nECL1oeX9Eb8xv,FungibleToken,1,0,0,6,996452990720779,0,0,0,,iShowSpeed,SUII,0,0
So11111111111111111111111111111111111111112,J9CSShsZBoR7gmAM1AU2ZeaAQVaNZ1rz9dVLCVGJ7Kex,FungibleToken,1,0,0,6,6756374420383566725,1,0,0,,DegenDolla,DGN,0,0
So11111111111111111111111111111111111111112,J7dsB6BAoBR6cMeT2Pxt1MtB2t4EJ24pRbT1uxkUBsKP,FungibleToken,1,0,0,9,498755162402938174,0,0,1,3zuhYiyXpHon5PAcjYxHEESnYmgv6opKd9MZ2manTsGc,Lampapuy,LPP,0,0
So11111111111111111111111111111111111111112,J7SYJauH8f99thKxQKXdwCnGohc1zDn9UA9CsDVApump,FungibleToken,0,0,0,6,997711756537482,1,0,0,,Tsuyoki No Kisetsu,OSUUSHI,0,0
So11111111111111111111111111111111111111112,J6ohGE6DFHB5fGBDKTiJCaCz9Ngxh13L2zV15PzVp5m4,V1_NFT,1,0,0,0,0,0,1,0,,Sollet v2.0,SOLLET,0,0
So11111111111111111111111111111111111111112,HzNs74gJXDRcf6hdwYbopKp7fQQ1g7WFCThrQ9Jwuce7,MplCoreAsset,1,0,0,0,0,1,0,0,,#Retardio DEMONS270,,0,0
So11111111111111111111111111111111111111112,Hy6zgszCx7sU58nDq3tebckeQWFJo69Egekqs64NeXbw,V1_NFT,1,0,0,0,0,1,1,0,6AmdoKdq2kQq5XBrnra8psWfmo9H87E1XGxQcbfUzchp,5000Jup For You 5000Jup.com,JFYOU,0,0
So11111111111111111111111111111111111111112,HtTfrpnXQp7Xmyjbpey7zGP6BgafszjDKvJVNP9i13Fz,V1_NFT,1,0,0,0,0,1,1,0,9J6APPaZPxfXT8f8cxYX9M7DZyu1tJ2pPbN9KkWsFMxK,4000$ W Drop 4000W.io,4000W,0,0
So11111111111111111111111111111111111111112,HrGytSKbDjThMuvwtViBeE9dgtWTBZ9zmGLnW2EDbonk,FungibleToken,1,0,0,6,998317740963231,0,0,0,WLHv2UAZm6z4KyaaELi5pjdbJh6RESMva1Rnn8pJVVh,Mars Coin,MarsCoin,0,0
So11111111111111111111111111111111111111112,Hr4o5QvSP7UNEK3YXKByyvADC2SVaAMJGXuxnmuhf6vy,FungibleToken,1,0,0,9,18110802932666626624,0,0,0,,Phantom Pumps,PUMP👻,0,0
So11111111111111111111111111111111111111112,Hm8Ytu4JHyaNgkRQh5X9uSk2CnnqzvnSbdYXVYRM2q2m,V1_NFT,1,0,0,0,0,1,1,1,9pGYoB49gFnpseYbNHDq5tTbAMpf4yHbiaa8m7yMSNES,Slеrf #1206,CLD,0,0
So11111111111111111111111111111111111111112,Hk1B7V1DWzK5caJptfcW6qHyDU1kY4ZAhmri7ZUiZkEh,V1_NFT,1,0,0,0,0,0,1,0,,3000$W Token Ticket,WRM,0,0
So11111111111111111111111111111111111111112,HhzAszK88V3mZbzqywNU3gSzsStNVMFqS5CxdGF6uadf,MplCoreAsset,1,0,0,0,0,1,0,0,,#Remilio Squad370,,0,0
So11111111111111111111111111111111111111112,HgBRWfYxEfvPhtqkaeymCQtHCrKE46qQ43pKe8HCpump,FungibleToken,1,0,0,6,978043125478927,0,0,0,,Bertram The Pomeranian,Bert,0,0
So11111111111111111111111111111111111111112,HedGAW9r9nD69N9rEvH3eihcmJt1McMCuJXCrLVWWDLD,V1_NFT,1,0,0,0,0,1,1,0,Hc2vsrdknaVuSypGNyMDuzR3FN3yWVcSuFALT6j2Cq71,JupPass #311,MyNF,0,0
So11111111111111111111111111111111111111112,HeZ7Uh6BqyafjKZ61N1KL1GWtUFSTVdXWvHAr7vGgWBB,V1_NFT,1,0,0,0,0,1,1,1,DD1Ypok8YVKeZ3FFR9hqp6Tu9qEfmjVY2EkVGNqFme4U,MEVSOL.COM,,0,0
So11111111111111111111111111111111111111112,HeLp6NuQkmYB4pYWo2zYs22mESHXPQYzXbB8n4V98jwC,FungibleToken,0,0,0,9,1099907318205560146,1,0,0,,ai16z,ai16z,0,0
So11111111111111111111111111111111111111112,He7TaqjCfJktpxnAdEcwhzfjk9hs7EUGAcYVQvEApump,FungibleToken,1,0,0,6,99998442320717256,1,0,0,EeCQgjG5FTs25yBN7WxJpXQW5KBuV2gKtVQktsGPgdro,ai16zㅤ,ai16zㅤ,0,0
So11111111111111111111111111111111111111112,Hdj1QQmbmznwsYsk5YnnfBtre8xEFGAqpoQvBbXNo4Yo,V1_NFT,1,0,0,0,0,1,1,1,5jWhR7oDC3DWDDcoxZVoV5zs5szXrfa9vUtv2gjUbnpt,AB Rare #1,,0,0
So11111111111111111111111111111111111111112,HcTphgVkFZ3RcarstAiDthzYSxL86bLcXW21TwFRLMMN,MplCoreAsset,1,0,0,0,0,1,0,0,,#Retardio DEMONS64,,0,0
So11111111111111111111111111111111111111112,HcNPJhS1NnyvsDxu8KZBAk4sMGX6bwzLcKjzdf4KzJ1t,FungibleToken,1,0,0,0,6226,1,0,0,117PcYo3fcockPrgiYKfC2EcYdeStmVZPqJ4o1egqwY,Rауdium аlрhа рrоgrаm,RAP,0,0
So11111111111111111111111111111111111111112,HbcSKb4ysQN8WngbQdVkHMU65wXG5JTUgc1q1RL7moon,FungibleToken,1,0,0,9,989253648097238650,0,0,0,,grok AI,grok,0,0
So11111111111111111111111111111111111111112,HZtwtZddx6yyTTYzktPUQXPi8gb5gsnCMuHCXcfrmeds,V1_NFT,1,0,0,0,0,1,1,1,WENy2r62eTvYZhPdvZ4CMJHnpFJ37m5L23JYaErzKyD,Receivable NFT Token,,0,0
So11111111111111111111111111111111111111112,HVbmnsA2DtMPDdjvbZBSUomf8vJfW5oL2dwQRVi1iToW,V1_NFT,1,0,0,0,0,1,1,0,F9b8mN5tkMfFuQae6Lbzan5zMkHpN5FifijWnAGzSP5t;Biy8L2tAn8mR7wsaRsVmc16zd2AsmTYLgWBQSCkjihVG,Eddie Murphy,EM,0,0
So11111111111111111111111111111111111111112,HUqSdzvcDRurxWpDHaqPT9agNofzGKgxW7p5bKPDbwjN,FungibleToken,1,0,0,6,1499961572039957376,0,0,0,,Silvery Selenites,SELE,0,0
So11111111111111111111111111111111111111112,HUpyZd69MXkDvFs7xoZgGkgGzXnZ2Y9eskH3TqPrcRV3,V1_NFT,1,0,0,0,0,1,1,1,9pGYoB49gFnpseYbNHDq5tTbAMpf4yHbiaa8m7yMSNES,Clоuds #1129,CLD,0,0
So11111111111111111111111111111111111111112,HQ7DaoiUxzC2K1Dr7KXRHccNtXvEYgNvoUextXe8dmBh,FungibleToken,1,0,0,6,1854735820871580,0,0,0,,Slothana,SLOTH,0,0
So11111111111111111111111111111111111111112,HKuhqCsi5ufoWfPCn3JMMYDVFoqPMzw8JWcdbghMjARE,FungibleToken,0,0,1,9,1000000000000000000,1,0,0,,,,0,0
So11111111111111111111111111111111111111112,HKUx2MM8ejp21tS6qDYvckK9km5x3cKqD8iXeAzr6CFo,V1_NFT,1,0,0,0,0,1,1,1,WENy2r62eTvYZhPdvZ4CMJHnpFJ37m5L23JYaErzKyD,Receivable NFT Token,,0,0
So11111111111111111111111111111111111111112,HEUCWDY9xDmanaQjnPgMDLbFDR9HiVPTdYbmskCKtAn6,V1_NFT,1,0,0,0,0,1,1,0,CJTydERnE1JgFWBBovN8GcTNLexSWeRm1JPKscy3izkj,COUPON #312,MNFT,0,0
So11111111111111111111111111111111111111112,HAqvcqCuP8EMDX1RX21JQCsGez7osJRwhrHsoGixePkc,V1_NFT,1,0,0,0,0,1,1,1,FwSbBiWbXBgVvRvZ4FqXQ6qAxmTZaWRNabuH9j6n1Jie,Daddy,PIXEL,0,0
So11111111111111111111111111111111111111112,HANS4J1VAg8nijiX3PnvCUmTYMqr12urYZAPUN2dbaD1,MplCoreAsset,1,0,0,0,0,1,0,0,,#Retardio DEMONS251,,0,0
So11111111111111111111111111111111111111112,H7fyN386e2rhwLCeiGvDKSKgaynFS7uJZJW3kiQ67KDx,V1_NFT,1,0,0,0,0,0,1,0,,9433$SLERF Drop,SLE,0,0
So11111111111111111111111111111111111111112,H5dw1WqXCBqjU6YcBTdFV5DS8pMBW1qjSnAXp9fVnhB1,FungibleToken,1,0,0,6,999832886737480,0,0,0,,BAGITHECAT,$BGI,0,0
So11111111111111111111111111111111111111112,H56QUy8yVJM4yzRX3Y5X4mVfCGDS12otLA3wmrrHpJz8,V1_NFT,1,0,0,0,0,1,1,1,FwSbBiWbXBgVvRvZ4FqXQ6qAxmTZaWRNabuH9j6n1Jie,Daddy,,0,0
So11111111111111111111111111111111111111112,H1xJ8FouvQyGJEtLY2DjukAeLqjpUH4qVkNwg6G9WH9g,MplCoreAsset,1,0,0,0,0,1,0,0,,#Retardio DEMONS226,,0,0
So11111111111111111111111111111111111111112,GzGgZqT4UbmkWTXSM2HZDYmpM7iJrkYooZxypJtn3dKg,V1_NFT,1,0,0,0,0,0,1,0,METKfYdkVmT1cHbzmS62GXsXH1E9noaWWAFahnERarj,Redeem #521,MyNFT,0,0
So11111111111111111111111111111111111111112,GyMi3pCQG2psDbgYhVDWf1YcsuYCaPSrpmwv8keEHA38,FungibleToken,1,0,0,6,198205208114345552,0,0,0,,Trump yes,TRUMP,0,0
So11111111111111111111111111111111111111112,GwShuZFgUSxNAeYDoxgjnszRdsGbcz2Azm1ryTuZmiM2,V1_NFT,1,0,0,0,0,1,1,0,GVKwqsEC5YQZX4hG7Fdy6m7cJUi4DA3ezYx1CC9wkj34,Claim your 5000WIF,5000WIF,0,0
So11111111111111111111111111111111111111112,GvGTSpQARHAe4SEDikmc9vPjQ4f7xWpsUee39UqKufWR,FungibleToken,1,0,0,9,4997512363407,0,0,0,4uXyqyMCxw5B3Z3S8ddbspgmZuYxsDQMZ2tLZNv8i3Ap,Xi Jinping,JINPING,0,0
So11111111111111111111111111111111111111112,Gtk1qGdRPCRvcdB7g4dwdoSuo6Cy41P7RVYAJS42kLCH,V1_NFT,1,0,0,0,0,1,1,1,2RtGg6fsFiiF1EQzHqbd66AhW7R5bWeQGpTbv2UMkCdW,Bоnkеr #942,CLD,0,0
So11111111111111111111111111111111111111112,GrsjVbLMxjNujWxPFVSt3byejYoULTEWEJQ2XpoDJCA9,MplCoreAsset,1,0,0,0,0,1,0,0,,#Remilio Squad48,,0,0
So11111111111111111111111111111111111111112,GpwMngxq4iLSzf7x2Ln3EbX2kTWqYTkRsRtq4FPnWhe9,FungibleToken,1,0,0,8,8744053326464231,0,0,0,,Boge,BOGE,0,0
So11111111111111111111111111111111111111112,GoeBjSDDpGTvavZ5XLH8XkaC2aUhk1J6D17KoUeNNzro,FungibleToken,1,0,0,6,997616741075286,0,0,0,,JEFF BEEZOS,BEEZOS,0,0
So11111111111111111111111111111111111111112,Gk8dumeoSrUZ8BbCtMURyPgy2ent8SkcWvKnvyhhhsEh,V1_NFT,1,0,0,0,0,1,1,1,36tfiBtaDGjAMKd6smPacHQhe4MXycLL6f9ww9CD1naT,Mаgic #1392,DWNO,0,0
So11111111111111111111111111111111111111112,GjRpXGKnnkq3CYLeippUSKJ7U534nB4itGncSTtrXd9R,FungibleToken,1,0,0,6,997758616386532,0,0,0,AjFt8e4cW2Hgtq5AFeKGXPHuzZrhHtgpbyiAU8MV1Ccd,Ben Pasternak (clout.me),PASTERNAK,0,0
So11111111111111111111111111111111111111112,GinNabffZL4fUj9Vactxha74GDAW8kDPGaHqMtMzps2f,FungibleToken,1,0,0,6,6896914328465004226,0,0,0,GrYstZRx1bzW1bCtrGrsjXAkY6DynA8nxHgRKgHHgshB,Ginnan Doge's Sister,GINNAN,0,0
So11111111111111111111111111111111111111112,GhugusDSSgVqY95AS32TtnsbnHikXLFk9qKJB2oSR4M5,V1_NFT,1,0,0,0,0,1,1,0,HEhZ1rvZ1htR8Hi4641qvrHhgm1xdEDfGdogDAgPgK9P,3000Jup For You 3000Jup.com,JFY,0,0
So11111111111111111111111111111111111111112,GgLyU28hTpmttqqkBFYm5fDZuC5TvVw36V1UdT2aZvrC,FungibleToken,1,0,0,6,999322779994096,0,0,1,CyMKYAowtmJskfjjZYMUM71sKhXGqXykrp2mb1QkxmpH,JPMD,JPMD,0,0
So11111111111111111111111111111111111111112,GfHjaxzmPQH1FriETck6Hivr9j9wDQLTyRbD8uo5BW2S,FungibleToken,1,0,0,6,227785004529783,0,0,0,,K4 Rally,K4R,0,0
So11111111111111111111111111111111111111112,GeS9XSyBmdErsodtG6RcG1zBF2ZC1Aey9G9rW2hEpump,FungibleToken,1,0,0,6,999682619869123,0,0,1,5VNEWQx95aP2NSjvqKMzydhsJ7Dq9x32hD52VgR1YjEq,EB SOL,$EB,0,0
So11111111111111111111111111111111111111112,GdZ9rwHyKcriLdbSzhtEFLe5MLs7Vk6AY1aE5ei7nsmP,FungibleToken,1,0,0,9,999965910933449011,1,0,0,,avo,AVO,0,0
So11111111111111111111111111111111111111112,GcY3fAgxTtVEVFzszGNB9dYDATsRGBeAMbMutiM73KBV,V1_NFT,1,0,0,0,0,0,1,0,,test,TST,0,0
So11111111111111111111111111111111111111112,Gby8TeeP5NrVznmG7v5QnEWnFc55hA8vRQQG3KzLYAM3,V1_NFT,1,0,0,0,0,0,1,0,94podbi4GbKcwm9vdPKVt7ZNyGDoobrC6ANw2sigSvoC,Number #0001,NB,0,0
So11111111111111111111111111111111111111112,GamMPJh98g7yS4Gn13z8QQ9MHTaN7d2Rrjf9pTrQM9of,FungibleToken,1,0,0,6,9996409246018,1,0,0,9S9oSAMuEqvfJK8kayU9CksRtNKEfErib86N3sbQ1MYZ,Baby Shark Meme,BABYSHARK,0,0
So11111111111111111111111111111111111111112,Gai7DvdBKfHX4Fy4qp1hi8zk9j91WWFNeqSxR6VLntyX,FungibleToken,1,0,0,6,999222129941264,1,0,0,,SoupBone,SOBO,0,0
So11111111111111111111111111111111111111112,GYjmmU4698qLHgpZhwVNLopW5Lo9g1XuTXc6DJ21rnj8,V1_NFT,1,0,0,0,0,1,1,0,7CarkuVD7d32RcjPwBg47naSrFmR6sZ5UeHSajZbdzRe,For You 6000Jup,JFY,0,0
So11111111111111111111111111111111111111112,GXhVpX2ZsqGnz3N67qA6FNzUZkRU19N5W4KuYsPKXYiz,FungibleToken,1,0,0,6,9999819276981514742,0,0,0,F34ssc26Yh8bxbmrmswBxUffijSKpFPrvFRiwr6RsrrH,Pudgy Pengnius,PNEGU,0,0
So11111111111111111111111111111111111111112,GWYP4ditF3WDLFgZmJCnfhrA7nY17MfRf48byGJLnzjD,V1_NFT,1,0,0,0,0,1,1,1,WENy2r62eTvYZhPdvZ4CMJHnpFJ37m5L23JYaErzKyD,Receivable NFT Token,,0,0
So11111111111111111111111111111111111111112,GPhjTLADVYUFeCXP6vc22kpcx8x58t6kbfafoeQ7QGaa,FungibleToken,1,0,0,6,775673101011458,1,0,0,,The Mushroom Turtle,MURPLE,0,0
So11111111111111111111111111111111111111112,GN6B1kcYnbKsYt5LKcCByLF2V1aH5Fim4UE2tng9qADw,FungibleToken,1,0,0,6,1000000000000000,0,0,0,,DONALD J. TRUMP COIN,TRUMP,0,0
So11111111111111111111111111111111111111112,GKbPjNbx9FdvzrBTpEXCH9JFJcAiFbtKoJntSfB8UeUm,V1_NFT,1,0,0,0,0,1,1,0,Dhssg6GsyedyCBBXGcLpXepCp9spKTYXYe6xFDLEKKhN,WIF Drop 3000WIF.com,4WIF,0,0
So11111111111111111111111111111111111111112,GJaNhRhHxaewh49UXJy7jyjhanRsHq714XtJtNGZZ2nW,V1_NFT,1,0,0,0,0,1,1,0,8hDXs7DaJXAhakZaztCY9193ME3Y4uZ2AJWoLdGZn88Q,Claim your BOME,B0ME,0,0
So11111111111111111111111111111111111111112,GJAFwWjJ3vnTsrQVabjBVK2TYB1YtRCQXRDfDgUnpump,FungibleToken,1,0,0,6,948241847159821,0,0,0,,Act I : The AI Prophecy,ACT,0,0
So11111111111111111111111111111111111111112,GEdQEKPqd33wXR11B9AhLvkwUeoqNfwELmPS2L54pyEm,FungibleAsset,1,0,0,0,4624597,1,0,0,RAY65uds7cZakn1F1JrqknVsg6jTHsqqKLWRy8TEx1N,memevipz.com 🎁 Airdrop,MEMEDROP,0,0
So11111111111111111111111111111111111111112,GDcR5a6hpjFeEa94vnqzJq5Fd3Syc7NfdSG8drtEpump,FungibleToken,1,0,0,6,975639316787145,0,0,0,,Pepecasso,Pepecasso,0,0
So11111111111111111111111111111111111111112,GCnVRPKNYcZvJTf3i5Xx6e9xfAnnJXJanQDA5rvEsh47,V1_NFT,1,0,0,0,0,1,1,0,8gmdd3hMsM9h4Wc4ZkvQSfsjaZwGCUCkwwRYiJaYczKb,Claim You BOME,YBOME,0,0
So11111111111111111111111111111111111111112,GCU6wMPiHfYuhFXZwdnSv7HLWpftNiwg3tPiUF1Q8qeH,FungibleToken,1,0,0,6,999999989416800,0,0,0,,jedi kitties,JEDI,0,0
So11111111111111111111111111111111111111112,GCNWiJ9pnFVSnxcDwBFZfagJw3YCrmZsxtdHsCjUa2f1,FungibleToken,1,0,0,9,2841045334529253,0,0,0,BmkRfeeKJhAW2NvgDZ8TDJtuadeP5T3c8ZK6XjkScBC5,BTC Agent,BTCAI,0,0
So11111111111111111111111111111111111111112,GBteXNNW8BSogTdza4Hji8To5gxEQumFdGNDFq67qF3f,V1_NFT,1,0,0,0,0,1,1,0,4V5Pr535YzAA82oF2wRxU5LQ1mFm1hWaVi61tSW93Cpc,WIF Drop 3000WIF.com,5WIF,0,0
So11111111111111111111111111111111111111112,G9c6vdq6fwqXHtJGzavsJ2upwzUaoasuH6xVK2HzpY7Y,V1_NFT,1,0,0,0,0,1,1,0,Hc2vsrdknaVuSypGNyMDuzR3FN3yWVcSuFALT6j2Cq71,JupReward #612,MyNF,0,0
So11111111111111111111111111111111111111112,G4v93HTSc3TT3q4qBstaU5xT8Xp1mFwgZdW1FhhiAWjX,FungibleToken,1,0,0,6,999999999966500000,0,0,0,CgBosS4jwf6mnQNWikjSncYiSDyA6GKxcHFFk4Y74DyS,Official PPshow ,ㅤ,0,0
So11111111111111111111111111111111111111112,G4sEKzyBPiRjsmnVJvZy27JC6s8kLBMUTyB1d3G7pump,FungibleToken,1,0,0,6,999999999999999,0,0,1,AkQDdXoNPpUSgftWKz5DEMoyDPdWyzJqwxFAZongHzCH,Fat Explanation Thread ,FET,0,0
So11111111111111111111111111111111111111112,G1WK5MR1VwQ7eH3TpXW2mV1Mutd2SBy922YZ342EMvPN,V1_NFT,1,0,0,0,0,0,1,0,,Sollet v2.0,SOLLET,0,0
So11111111111111111111111111111111111111112,Fy149oLqdAD2JmdMBJuLZPmUNVEvz7gJSZ2RsxvhNXKi,V1_NFT,1,0,0,0,0,1,1,0,J6X53wKfbJZCGXpBWsEghkK7fN8qtAx6DLgFAiPnHbUF,Claim your 5000WIF,5000WIF,0,0
So11111111111111111111111111111111111111112,FwBixtdcmxawRFzBNeUmzhQzaFuvv6czs5wCQuLgWWsg,FungibleToken,1,0,0,6,207956372469186,0,0,0,,cheepepe,CHEEPEPE,0,0
So11111111111111111111111111111111111111112,FvMym1wz5hknmxdu5tY5ArSqJwiR49RdPA4ja537CB1w,FungibleToken,1,0,0,6,996769044138578,0,0,0,,GAYTARDIO,$GT,0,0
So11111111111111111111111111111111111111112,FuCvSCHCrvj6WCTWARAVMfoPtcP152spuZtJKxVBnMWf,V1_NFT,1,0,0,0,0,1,1,1,2RtGg6fsFiiF1EQzHqbd66AhW7R5bWeQGpTbv2UMkCdW,Slеrf #35,CLD,0,0
So11111111111111111111111111111111111111112,FtFFrtJvaqSnu1wJTeP7o4ccVKaJc61ELAevpwv5pump,FungibleToken,1,0,0,6,999954758062417,0,0,0,,Open Source NFT,$OSN,0,0
So11111111111111111111111111111111111111112,FsZia8dR58ocZSBEgGEmUAG6kodnUCCaZPNWcizZ5dnE,V1_NFT,1,0,0,0,0,1,1,1,WENy2r62eTvYZhPdvZ4CMJHnpFJ37m5L23JYaErzKyD,Receivable NFT Token,,0,0
So11111111111111111111111111111111111111112,FrsGnEf1EXQmHbKr7QMjcQjm25tWQvGjxEtzew6wtWEm,FungibleToken,1,0,0,6,999998389971171,0,0,0,,Billions Network,BILL,0,0
So11111111111111111111111111111111111111112,FrQNn7xSTQWdv3SC8stZfT76QeWgvFWVQtCJhdGVjHJK,FungibleToken,1,0,0,6,999953723223601,0,0,0,,Neurashi,NEI,0,0
So11111111111111111111111111111111111111112,FntQuxvMBERsx4rpn4ekFEcQrU2XsXHANmjasLQ2pump,FungibleToken,1,0,0,6,990108655584461,0,0,1,3K3ytF3HToE6y1VQbMBwN5evhdoZhaPgUczzF7bEXQBF,gort core,gore,0,0
So11111111111111111111111111111111111111112,FnKUeCmhm6978f3ghqnxyukVqb82NfCj5gfUcFufGcis,FungibleToken,1,0,0,6,100000000000000000,0,0,0,,SpaceX,SpaceX,0,0
So11111111111111111111111111111111111111112,FizgLaS3KVaye9mh9wWWafgcgkSz5Jpv3cSS2dmCVRtm,V1_NFT,1,0,0,0,0,1,1,1,WENy2r62eTvYZhPdvZ4CMJHnpFJ37m5L23JYaErzKyD,Receivable NFT Token,,0,0
So11111111111111111111111111111111111111112,Fh6Vvw44wb6n5honzAfvrae6iq7FSRiKzMB6runL8csb,FungibleToken,1,0,0,0,8109,0,0,0,,Official Solana NFT,NFT,0,0
So11111111111111111111111111111111111111112,FgAFK2D4ZZL5Kfo9azUAjZk1tCgEFbrENrnCuxosjups,FungibleToken,1,0,0,6,99968166255947,0,0,0,,$1,$1,0,0
So11111111111111111111111111111111111111112,FanU1Jz2EF39tPCizRwm39V9T9NRuAAfc7sZe6qNpump,FungibleToken,0,0,0,6,986639837473228,1,0,0,,Test,TST,0,0
So11111111111111111111111111111111111111112,Faf89929Ni9fbg4gmVZTca7eW6NFg877Jqn6MizT3Gvw,FungibleToken,1,0,0,8,999782012326103796,1,0,0,,LandWolf,WOLF,0,0
So11111111111111111111111111111111111111112,FaCuHJgvCuyCRgtE4qtffMVFQGWdySR7VmfaQweE3UP6,V1_NFT,1,0,0,0,0,1,1,0,9ftKNFNC4ufQyq6dYzEssBD5MtZmDjrjpwZAjFsPTTxT, GIFT #512,MNFT,0,0
So11111111111111111111111111111111111111112,Fa7PF1AKpj7ccH61m4TCzRKrFFapNF1tcVcN3vytjups,FungibleToken,1,0,0,6,98772770642451,0,0,0,,SOLANA SUMMER,SUMMER,0,0
So11111111111111111111111111111111111111112,FYwesVSNhkHhY8gpw9R2ue3Q69xohdeiTkzmErptT99Q,V1_NFT,1,0,0,0,0,0,1,0,,2400JUP Drop Box,JP,0,0
So11111111111111111111111111111111111111112,FXdEk9gaoTsT5wnBpga5NvwrPnQyqq69CyFRaCkU1WKC,FungibleToken,1,0,0,9,996699783403657926,0,0,0,,Albärt,ALBART,0,0
So11111111111111111111111111111111111111112,FUSfoAajEHbG7QKwXXtn5M7UVX5DFfSVHAs2BFUadK8c,FungibleToken,1,0,0,6,99751245852521,1,0,0,,Future Oriented Blockchain Coin,FOBC,0,0
So11111111111111111111111111111111111111112,FUAfBo2jgks6gB4Z4LfZkqSZgzNucisEHqnNebaRxM1P,FungibleToken,1,0,0,6,999996241271107,1,0,0,GtdNPbbWHJjUWzUoGggCfAxiNJwbe1a7FwHn2mcaHC3D,Melania Meme,MELANIA,0,0
So11111111111111111111111111111111111111112,FU6YFPhAgHg4pgsj6UP97gU6uRC5pJ7ewYP8BgeFb6Ck,FungibleToken,1,0,0,8,329101000000000000,1,0,0,,BTCMININGNFT,BMN,0,0
TokenkegQfeZyiNwAJbNbGKPFXCWuBvf9Ss623VQ5DA,JDdwMVERvpU8fLxu9ai18brn7LxFShL6Z1seichYGtnM,V1_NFT,1,0,0,0,0,1,1,0,spacSXX4M9KqVKeYzrQxPDCHven6HUF4jzi4MHfM2tR,DREW Pass,SPACE,0,0
TokenkegQfeZyiNwAJbNbGKPFXCWuBvf9Ss623VQ5DA,JD42fVEx44dWwXi7Zkc9zMbs6gvg8L8aAx5K15tVs1jS,V1_NFT,1,0,0,0,0,1,1,0,spacSXX4M9KqVKeYzrQxPDCHven6HUF4jzi4MHfM2tR,DREW Pass,SPACE,0,0
TokenkegQfeZyiNwAJbNbGKPFXCWuBvf9Ss623VQ5DA,JCGC1AAjAJHbYi6DCkEj8wTVTnkP9Tuu9fRb1GUyn9dY,V1_NFT,1,0,0,0,0,1,1,0,spacSXX4M9KqVKeYzrQxPDCHven6HUF4jzi4MHfM2tR,DREW Pass,SPACE,0,0
TokenkegQfeZyiNwAJbNbGKPFXCWuBvf9Ss623VQ5DA,JBj9A69pPZqRet2zmjrVz8mtQ2cY9S88acGjkyLvpTkD,V1_NFT,1,0,0,0,0,1,1,0,spacSXX4M9KqVKeYzrQxPDCHven6HUF4jzi4MHfM2tR,DREW Pass,SPACE,0,0
TokenkegQfeZyiNwAJbNbGKPFXCWuBvf9Ss623VQ5DA,JBiEm8E2JZSnmJjeUKkgxJyFPkATJU46AiddHJvhvnHy,V1_NFT,1,0,0,0,0,1,1,0,spacSXX4M9KqVKeYzrQxPDCHven6HUF4jzi4MHfM2tR,DREW Pass,SPACE,0,0
TokenkegQfeZyiNwAJbNbGKPFXCWuBvf9Ss623VQ5DA,JAdgHzP58JFfwSnZUFYMweDzsa9vE66tYcGhfGpQ2VKm,V1_NFT,1,0,0,0,0,1,1,0,spacSXX4M9KqVKeYzrQxPDCHven6HUF4jzi4MHfM2tR,DREW Pass,SPACE,0,0
TokenkegQfeZyiNwAJbNbGKPFXCWuBvf9Ss623VQ5DA,J9eXFFA4mrJ6pRkUYsXvTR6M7AjhbErwAkvcz7nChF2Z,V1_NFT,1,0,0,0,0,1,1,0,spacSXX4M9KqVKeYzrQxPDCHven6HUF4jzi4MHfM2tR,DREW Pass,SPACE,0,0
TokenkegQfeZyiNwAJbNbGKPFXCWuBvf9Ss623VQ5DA,J97k5RMX7smDpVt5AgXDUP66DWYhhbW513SoikkguF5x,V1_NFT,1,0,0,0,0,1,1,0,spacSXX4M9KqVKeYzrQxPDCHven6HUF4jzi4MHfM2tR,DREW Pass,SPACE,0,0
TokenkegQfeZyiNwAJbNbGKPFXCWuBvf9Ss623VQ5DA,J8unVZ44yn81ZxnV2fpsYUQU7TsD2UXS6h2QC5pbnB5G,V1_NFT,1,0,0,0,0,1,1,0,spacSXX4M9KqVKeYzrQxPDCHven6HUF4jzi4MHfM2tR,DREW Pass,SPACE,0,0
TokenkegQfeZyiNwAJbNbGKPFXCWuBvf9Ss623VQ5DA,J89rDPYEdFY6CFJunWUKb5rQHU91HMKj6EQpynobjups,FungibleToken,1,0,0,6,99559153753936,0,0,0,,Jupiter official language,Ebglish,0,0
TokenkegQfeZyiNwAJbNbGKPFXCWuBvf9Ss623VQ5DA,J2JZH2zesDieTCksZ8vbvgwuJu1y9KLiT4FT4pEXVbj9,V1_NFT,1,0,0,0,0,1,1,0,spacSXX4M9KqVKeYzrQxPDCHven6HUF4jzi4MHfM2tR,DREW Pass,SPACE,0,0
TokenkegQfeZyiNwAJbNbGKPFXCWuBvf9Ss623VQ5DA,HyY2MoNsZ3FUhdEyuv8rBcbLTYp7AnFVLHo7AZWh52EK,V1_NFT,1,0,0,0,0,1,1,0,spacSXX4M9KqVKeYzrQxPDCHven6HUF4jzi4MHfM2tR,DREW Pass,SPACE,0,0
TokenkegQfeZyiNwAJbNbGKPFXCWuBvf9Ss623VQ5DA,Hw5vNbYPAJ4gi1iFLymN7KhsXUjhMRCejpkHYvk4M2vR,V1_NFT,1,0,0,0,0,1,1,1,DD1Ypok8YVKeZ3FFR9hqp6Tu9qEfmjVY2EkVGNqFme4U,MEVSOL.COM,,0,0
TokenkegQfeZyiNwAJbNbGKPFXCWuBvf9Ss623VQ5DA,Hu7v1nmhhA46WhZ7jhtJtgGyH8Rf5oJ7BTzSyHYVvywq,V1_NFT,1,0,0,0,0,1,1,0,spacSXX4M9KqVKeYzrQxPDCHven6HUF4jzi4MHfM2tR,DREW Pass,SPACE,0,0
TokenkegQfeZyiNwAJbNbGKPFXCWuBvf9Ss623VQ5DA,Hsi91QXFSF8zs8m6vw7dnhMqn489Z2fv7L1yV78m8VSn,V1_NFT,1,0,0,0,0,1,1,0,spacSXX4M9KqVKeYzrQxPDCHven6HUF4jzi4MHfM2tR,DREW Pass,SPACE,0,0
TokenkegQfeZyiNwAJbNbGKPFXCWuBvf9Ss623VQ5DA,Hqt2QuxTc6RoQWdFS2NidW3Sd16vhoT2vvv6szvj2ZEk,V1_NFT,1,0,0,0,0,1,1,0,spacSXX4M9KqVKeYzrQxPDCHven6HUF4jzi4MHfM2tR,DREW Pass,SPACE,0,0
TokenkegQfeZyiNwAJbNbGKPFXCWuBvf9Ss623VQ5DA,Hp7YXbhR1jqpsZdKiDWqrkQvXzybg4Bsx8ZHNyhqXoLL,V1_NFT,1,0,0,0,0,1,1,0,spacSXX4M9KqVKeYzrQxPDCHven6HUF4jzi4MHfM2tR,DREW Pass,SPACE,0,0
TokenkegQfeZyiNwAJbNbGKPFXCWuBvf9Ss623VQ5DA,HodyvxatNMaXq3JseCPB83kcDUiZgB3t4iAPzACx2z7v,V1_NFT,1,0,0,0,0,1,1,0,spacSXX4M9KqVKeYzrQxPDCHven6HUF4jzi4MHfM2tR,DREW Pass,SPACE,0,0
TokenkegQfeZyiNwAJbNbGKPFXCWuBvf9Ss623VQ5DA,Ho2mFXwgJyeWftRkbZjJzcp871CHm2auDbrETRoFFEgr,V1_NFT,1,0,0,0,0,1,1,0,spacSXX4M9KqVKeYzrQxPDCHven6HUF4jzi4MHfM2tR,DREW Pass,SPACE,0,0
TokenkegQfeZyiNwAJbNbGKPFXCWuBvf9Ss623VQ5DA,HmSCsAUhMsiT7WugQraAsuvojbPWudnchA4kGLWzGMAn,V1_NFT,1,0,0,0,0,1,1,0,FBj7aDrtueptCtcUQhQhDgBABtgrE5wjWeWeHnhtQKbb,YUS NFT #3521,,0,0
TokenkegQfeZyiNwAJbNbGKPFXCWuBvf9Ss623VQ5DA,Hm9scPm8ig8vjV2PVCxmDXF5kbfCWtGELDsUvfcyDKkw,V1_NFT,1,0,0,0,0,1,1,0,spacSXX4M9KqVKeYzrQxPDCHven6HUF4jzi4MHfM2tR,DREW Pass,SPACE,0,0
TokenkegQfeZyiNwAJbNbGKPFXCWuBvf9Ss623VQ5DA,HizFMKp8oXbBGcBFcbGsnUQVJgepgBYmuLdmpCd3KQGV,V1_NFT,1,0,0,0,0,1,1,0,spacSXX4M9KqVKeYzrQxPDCHven6HUF4jzi4MHfM2tR,DREW Pass,SPACE,0,0
TokenkegQfeZyiNwAJbNbGKPFXCWuBvf9Ss623VQ5DA,Hiw3aeoaLD2Q21veJp4AFYtkHDyfHYPLw873isuX1aUu,V1_NFT,1,0,0,0,0,1,1,0,spacSXX4M9KqVKeYzrQxPDCHven6HUF4jzi4MHfM2tR,DREW Pass,SPACE,0,0
TokenkegQfeZyiNwAJbNbGKPFXCWuBvf9Ss623VQ5DA,HinckP95V6sW8EVUbMRUfvvuxkcVZnmYqH854BZFGEce,V1_NFT,1,0,0,0,0,1,1,0,spacSXX4M9KqVKeYzrQxPDCHven6HUF4jzi4MHfM2tR,DREW Pass,SPACE,0,0
TokenkegQfeZyiNwAJbNbGKPFXCWuBvf9Ss623VQ5DA,HiDfyPUAo4SAk5FWobLhDbQNGifkqhRp28s8mBpAvjki,V1_NFT,1,0,0,0,0,1,1,0,spacSXX4M9KqVKeYzrQxPDCHven6HUF4jzi4MHfM2tR,DREW Pass,SPACE,0,0
TokenkegQfeZyiNwAJbNbGKPFXCWuBvf9Ss623VQ5DA,HgtNjpmRcsYKzCdnbK9hkRjsxkvHsy4SuceFVtez6zuZ,V1_NFT,1,0,0,0,0,1,1,1,WENy2r62eTvYZhPdvZ4CMJHnpFJ37m5L23JYaErzKyD,Receivable NFT Token,,0,0
TokenkegQfeZyiNwAJbNbGKPFXCWuBvf9Ss623VQ5DA,HgGTSa7RNX8K3ifjhpXZ2cCmvmgoHndfuqDyj8QsozFg,V1_NFT,1,0,0,0,0,0,1,0,,daddy-coin.net - FREE $DADDY,DADDY,0,0
TokenkegQfeZyiNwAJbNbGKPFXCWuBvf9Ss623VQ5DA,Hg9wVAY2Qec7SSig5jH8a8Y9n9rPBbgzJT4xrHAdP88m,V1_NFT,1,0,0,0,0,1,1,1,DD1Ypok8YVKeZ3FFR9hqp6Tu9qEfmjVY2EkVGNqFme4U,MEVSOL.COM,,0,0
TokenkegQfeZyiNwAJbNbGKPFXCWuBvf9Ss623VQ5DA,Hfxx5hnHE2PpmJokshxQ3D5eXH3nAqcKJnyB6eTcuB6m,V1_NFT,1,0,0,0,0,1,1,0,spacSXX4M9KqVKeYzrQxPDCHven6HUF4jzi4MHfM2tR,DREW Pass,SPACE,0,0
TokenkegQfeZyiNwAJbNbGKPFXCWuBvf9Ss623VQ5DA,HfrTU9AQYyCie5LXzcg5FMhvrnMHKNenVuqeqbgtuPqz,V1_NFT,1,0,0,0,0,1,1,0,spacSXX4M9KqVKeYzrQxPDCHven6HUF4jzi4MHfM2tR,DREW Pass,SPACE,0,0
TokenkegQfeZyiNwAJbNbGKPFXCWuBvf9Ss623VQ5DA,HfMbPyDdZH6QMaDDUokjYCkHxzjoGBMpgaUvpLWGbF5p,FungibleToken,1,0,0,9,19309892415782929,0,0,0,AX6c3wzFAUijUafvqErHuZ3fNbmVh5qgsPMDXSGfHGYN,Purple Bitcoin,PBTC,0,0
TokenkegQfeZyiNwAJbNbGKPFXCWuBvf9Ss623VQ5DA,Hf7jMZfwEpanjXXFQt62zrYrg54R7NwDWQtw4eSpx2WP,V1_NFT,1,0,0,0,0,1,1,0,spacSXX4M9KqVKeYzrQxPDCHven6HUF4jzi4MHfM2tR,DREW Pass,SPACE,0,0
TokenkegQfeZyiNwAJbNbGKPFXCWuBvf9Ss623VQ5DA,HdSVErRXm87o9XrXyXeAU9S73WmokdHoL9CUQ6s8175V,V1_NFT,1,0,0,0,0,1,1,0,spacSXX4M9KqVKeYzrQxPDCHven6HUF4jzi4MHfM2tR,DREW Pass,SPACE,0,0
TokenkegQfeZyiNwAJbNbGKPFXCWuBvf9Ss623VQ5DA,HchFyKoV1vEv4TFh6y3bMKZvhBiV7WWfcdzhY3G2X4RN,V1_NFT,1,0,0,0,0,1,1,0,spacSXX4M9KqVKeYzrQxPDCHven6HUF4jzi4MHfM2tR,DREW Pass,SPACE,0,0
TokenkegQfeZyiNwAJbNbGKPFXCWuBvf9Ss623VQ5DA,Hc8N5J31gxwGBBExSFX9FfVVpg2MfxtHSaupNZimHHGW,V1_NFT,1,0,0,0,0,1,1,0,spacSXX4M9KqVKeYzrQxPDCHven6HUF4jzi4MHfM2tR,DREW Pass,SPACE,0,0
TokenkegQfeZyiNwAJbNbGKPFXCWuBvf9Ss623VQ5DA,HbowLPLcmtzHQoMBktQw7JMkQwNNTfH5jyaFWnY5JQPF,V1_NFT,1,0,0,0,0,1,1,0,spacSXX4M9KqVKeYzrQxPDCHven6HUF4jzi4MHfM2tR,DREW Pass,SPACE,0,0
TokenkegQfeZyiNwAJbNbGKPFXCWuBvf9Ss623VQ5DA,HbPU2EmSX5dE1JzgVfdkgCQF4JnvCULv9HHV7QjPodVM,V1_NFT,1,0,0,0,0,1,1,0,spacSXX4M9KqVKeYzrQxPDCHven6HUF4jzi4MHfM2tR,DREW Pass,SPACE,0,0
TokenkegQfeZyiNwAJbNbGKPFXCWuBvf9Ss623VQ5DA,HaGL1FExcqzze5KsjgWdXQHsh9XHKXCUa8FrbrgZEKTi,V1_NFT,1,0,0,0,0,1,1,0,spacSXX4M9KqVKeYzrQxPDCHven6HUF4jzi4MHfM2tR,DREW Pass,SPACE,0,0
TokenkegQfeZyiNwAJbNbGKPFXCWuBvf9Ss623VQ5DA,HZnUbrNoFjKdGbYi9Mw7kRHupG8bjwzEWsGYDJefvVNT,V1_NFT,1,0,0,0,0,1,1,0,spacSXX4M9KqVKeYzrQxPDCHven6HUF4jzi4MHfM2tR,DREW Pass,SPACE,0,0
TokenkegQfeZyiNwAJbNbGKPFXCWuBvf9Ss623VQ5DA,HZYvtie1iAmviEiwsuUAeY76KX1MSmdXC19qE9cSgtP1,V1_NFT,1,0,0,0,0,1,1,0,spacSXX4M9KqVKeYzrQxPDCHven6HUF4jzi4MHfM2tR,DREW Pass,SPACE,0,0
TokenkegQfeZyiNwAJbNbGKPFXCWuBvf9Ss623VQ5DA,HZYMBB7aMAtUnSjkyLWHZxFghUpBFxQysxeQGRY6Z56C,V1_NFT,1,0,0,0,0,1,1,0,spacSXX4M9KqVKeYzrQxPDCHven6HUF4jzi4MHfM2tR,DREW Pass,SPACE,0,0
TokenkegQfeZyiNwAJbNbGKPFXCWuBvf9Ss623VQ5DA,HZTWrYuFQdh7qWWukBmpqi7RYN2pxKtCPnzSDDqYD149,V1_NFT,1,0,0,0,0,1,1,0,FBj7aDrtueptCtcUQhQhDgBABtgrE5wjWeWeHnhtQKbb,YUS NFT #3521,,0,0
TokenkegQfeZyiNwAJbNbGKPFXCWuBvf9Ss623VQ5DA,HYEZEYzKxMhQ2vHhCKVxwx7y7esRd89kPEz5gw2hv1QF,V1_NFT,1,0,0,0,0,1,1,0,spacSXX4M9KqVKeYzrQxPDCHven6HUF4jzi4MHfM2tR,DREW Pass,SPACE,0,0
TokenkegQfeZyiNwAJbNbGKPFXCWuBvf9Ss623VQ5DA,HXoaWbno5g7iMFVsXjHC6jXTaffhKzzewdEhrrMp9M6k,V1_NFT,1,0,0,0,0,1,1,0,spacSXX4M9KqVKeYzrQxPDCHven6HUF4jzi4MHfM2tR,DREW Pass,SPACE,0,0
TokenkegQfeZyiNwAJbNbGKPFXCWuBvf9Ss623VQ5DA,HXnCV7HjGkFxYwhgSw9DNLS9o6X19zbXHjhmU1FjWnu2,FungibleToken,1,0,0,6,225370418019,1,0,0,,Catson,CAT,0,0
TokenkegQfeZyiNwAJbNbGKPFXCWuBvf9Ss623VQ5DA,HX7MTYrst48T6wAohE64XCZbkiZqitXXdKUtSdoXHs3B,V1_NFT,1,0,0,0,0,1,1,0,spacSXX4M9KqVKeYzrQxPDCHven6HUF4jzi4MHfM2tR,DREW Pass,SPACE,0,0
TokenkegQfeZyiNwAJbNbGKPFXCWuBvf9Ss623VQ5DA,HUKQ2mXYpy56rxQVbrL9Ja4Gzu6CnZA5m8TvG7UrbVLv,FungibleToken,1,0,0,6,8513601522501601,1,0,0,,Official Elon Coin,ELON,0,0
TokenkegQfeZyiNwAJbNbGKPFXCWuBvf9Ss623VQ5DA,HU5oLthYNGAHpFmLDGWcuG3o3HsFWtjMfkm6pdWwWBFM,V1_NFT,1,0,0,0,0,1,1,0,spacSXX4M9KqVKeYzrQxPDCHven6HUF4jzi4MHfM2tR,DREW Pass,SPACE,0,0
TokenkegQfeZyiNwAJbNbGKPFXCWuBvf9Ss623VQ5DA,HTsBaifpgwLNHLhC4skQk2PdAAJ9dXbhzdvSfLYQSd3J,V1_NFT,1,0,0,0,0,1,1,0,spacSXX4M9KqVKeYzrQxPDCHven6HUF4jzi4MHfM2tR,DREW Pass,SPACE,0,0
TokenkegQfeZyiNwAJbNbGKPFXCWuBvf9Ss623VQ5DA,HT7qGi7FcamDeVKJjLG3mAV3g37AUcCb3sSZQaAznodV,V1_NFT,1,0,0,0,0,1,1,0,spacSXX4M9KqVKeYzrQxPDCHven6HUF4jzi4MHfM2tR,DREW Pass,SPACE,0,0
TokenkegQfeZyiNwAJbNbGKPFXCWuBvf9Ss623VQ5DA,HSpm8vmLaMMJA87s2UkH2QZQafcsZf871QVxWQos8EcE,V1_NFT,1,0,0,0,0,1,1,0,spacSXX4M9KqVKeYzrQxPDCHven6HUF4jzi4MHfM2tR,DREW Pass,SPACE,0,0
TokenkegQfeZyiNwAJbNbGKPFXCWuBvf9Ss623VQ5DA,HRwCCSV12jN8SX1pvKVspgpSGQ6ZhSAx8gJxhSN9Vhg7,V1_NFT,1,0,0,0,0,1,1,1,WENy2r62eTvYZhPdvZ4CMJHnpFJ37m5L23JYaErzKyD,Receivable NFT Token,,0,0
TokenkegQfeZyiNwAJbNbGKPFXCWuBvf9Ss623VQ5DA,HRA5GyPrjU7DDTS6yM65XqgaRwjpmbBWqiSvDBLkGyLG,V1_NFT,1,0,0,0,0,1,1,0,spacSXX4M9KqVKeYzrQxPDCHven6HUF4jzi4MHfM2tR,DREW Pass,SPACE,0,0
TokenkegQfeZyiNwAJbNbGKPFXCWuBvf9Ss623VQ5DA,HR2fmD4bP9hbG35DN1RXVeCX8aiNMt3aSDQ5v99Mnz6Y,V1_NFT,1,0,0,0,0,1,1,0,spacSXX4M9KqVKeYzrQxPDCHven6HUF4jzi4MHfM2tR,DREW Pass,SPACE,0,0
TokenkegQfeZyiNwAJbNbGKPFXCWuBvf9Ss623VQ5DA,HQrtCuDjvDHzJ77Bp8Ffpq6G2s1FWryFJGkMb2DxMin6,V1_NFT,1,0,0,0,0,1,1,0,spacSXX4M9KqVKeYzrQxPDCHven6HUF4jzi4MHfM2tR,DREW Pass,SPACE,0,0
TokenkegQfeZyiNwAJbNbGKPFXCWuBvf9Ss623VQ5DA,HQ8LQJvVnyYrwpWSsPjzfWPr3jk5AKmCsWG7iEBpMgW2,V1_NFT,1,0,0,0,0,1,1,1,ErpMXKkPGRJUURpvgwMWAhTV9nBuBN9bnfNw2ECaRcKd,,,0,0
TokenkegQfeZyiNwAJbNbGKPFXCWuBvf9Ss623VQ5DA,HPeU7v4E9ebZmY434mxXADuqu1SRoUbhuUWnr7D6oCnA,V1_NFT,1,0,0,0,0,1,1,0,spacSXX4M9KqVKeYzrQxPDCHven6HUF4jzi4MHfM2tR,DREW Pass,SPACE,0,0
TokenkegQfeZyiNwAJbNbGKPFXCWuBvf9Ss623VQ5DA,HPd783WjuGjyxGTpYz6aPPfhNXjyPj6r4nsmgyDBg1eM,V1_NFT,1,0,0,0,0,1,1,0,spacSXX4M9KqVKeYzrQxPDCHven6HUF4jzi4MHfM2tR,DREW Pass,SPACE,0,0
TokenkegQfeZyiNwAJbNbGKPFXCWuBvf9Ss623VQ5DA,HPPmZ7AUjTdiYcKRBqcNgFYYNSFMkxCdHiGzm1pjZjBy,V1_NFT,1,0,0,0,0,1,1,0,spacSXX4M9KqVKeYzrQxPDCHven6HUF4jzi4MHfM2tR,DREW Pass,SPACE,0,0
TokenkegQfeZyiNwAJbNbGKPFXCWuBvf9Ss623VQ5DA,HNCt3cqjQmNuy5YiDKzBSDsYnmGp8ZSSUYWP3MbMucE1,FungibleToken,0,0,0,9,999966887481807763,1,0,0,,Yield bite,YBT,0,0
TokenkegQfeZyiNwAJbNbGKPFXCWuBvf9Ss623VQ5DA,HMd63hTC9zFL5BTwTv6LQFxyp7foqUtFnn5Mpzwqpump,FungibleToken,1,0,0,6,1000000000000000,0,0,1,47gvmD6Ww9oJN6br9vpKNKXpWymsUoSgWZqeGyDPUD6d,Nerualink Meme,ADAM,0,0
TokenkegQfeZyiNwAJbNbGKPFXCWuBvf9Ss623VQ5DA,HMB2xnaLD1FoYP3tgq3u7tSbVz9UNFYD1crWTZGNde4u,V1_NFT,1,0,0,0,0,1,1,0,spacSXX4M9KqVKeYzrQxPDCHven6HUF4jzi4MHfM2tR,DREW Pass,SPACE,0,0
TokenkegQfeZyiNwAJbNbGKPFXCWuBvf9Ss623VQ5DA,HLZeMSiStMxZbpXJRdSLJXNWEdraPQ8qbqXegH2yvGDn,FungibleAsset,1,0,0,0,1,1,0,1,BjBwpdcjAMNmJQqkLAnrjooH2tes3CGJTVkzFZjurgvj;99z9XiBTK8yNS6N2AmzdeH5ScEV7CDaWyGWB11Xbe5Cc,Aliens Royale #37058 [FROZEN],ROYALE,0,0
TokenkegQfeZyiNwAJbNbGKPFXCWuBvf9Ss623VQ5DA,HKpGZWB7YdHuVpXkAbtmDWoVQ8NxWk1PXAem8zUJ9p2p,FungibleToken,1,0,0,9,100000000000000000,1,0,0,,SOL-HKÐ,SOL-HKÐ,0,0
TokenkegQfeZyiNwAJbNbGKPFXCWuBvf9Ss623VQ5DA,HKQVrjfudPFBBgFfaxvz3CAefn59y4eMz9yaTkvPmX8v,V1_NFT,1,0,0,0,0,1,1,1,ErpMXKkPGRJUURpvgwMWAhTV9nBuBN9bnfNw2ECaRcKd,! ✅ NFT VOUCHER89,,0,0
TokenkegQfeZyiNwAJbNbGKPFXCWuBvf9Ss623VQ5DA,HJwxw3qhPjB59m1PfmGrL8ijJjuHBMoJFvBpxVTLQvGo,V1_NFT,1,0,0,0,0,1,1,0,spacSXX4M9KqVKeYzrQxPDCHven6HUF4jzi4MHfM2tR,DREW Pass,SPACE,0,0
TokenkegQfeZyiNwAJbNbGKPFXCWuBvf9Ss623VQ5DA,HJuSg4T6vCATqcbe8XYYKmpzvNeKTsBkFz2jNQJVA4af,V1_NFT,1,0,0,0,0,1,1,0,spacSXX4M9KqVKeYzrQxPDCHven6HUF4jzi4MHfM2tR,DREW Pass,SPACE,0,0
TokenkegQfeZyiNwAJbNbGKPFXCWuBvf9Ss623VQ5DA,HJD4tqNUqNVXu8byoDfFknfk1ZP1N3uzHStaF3ccMpZn,V1_NFT,1,0,0,0,0,1,1,0,spacSXX4M9KqVKeYzrQxPDCHven6HUF4jzi4MHfM2tR,DREW Pass,SPACE,0,0
TokenkegQfeZyiNwAJbNbGKPFXCWuBvf9Ss623VQ5DA,HJB1GRz7wdX4pPiMmyKNCsLmyB2PPishKZppKe7xYG4o,V1_NFT,1,0,0,0,0,1,1,0,spacSXX4M9KqVKeYzrQxPDCHven6HUF4jzi4MHfM2tR,DREW Pass,SPACE,0,0
TokenkegQfeZyiNwAJbNbGKPFXCWuBvf9Ss623VQ5DA,HHzwNEZzduSMuqsjyWvcvX2KgtUXe36YGtgyeTKCXmEi,V1_NFT,1,0,0,0,0,1,1,0,spacSXX4M9KqVKeYzrQxPDCHven6HUF4jzi4MHfM2tR,DREW Pass,SPACE,0,0
TokenkegQfeZyiNwAJbNbGKPFXCWuBvf9Ss623VQ5DA,HHdLpHdWXezNniL8gkTdeWUpgQJqxgkfD4w9qBZViQWT,V1_NFT,1,0,0,0,0,1,1,0,spacSXX4M9KqVKeYzrQxPDCHven6HUF4jzi4MHfM2tR,DREW Pass,SPACE,0,0
TokenkegQfeZyiNwAJbNbGKPFXCWuBvf9Ss623VQ5DA,HHVe1ohL3YU2KMYMBG9cAJMKD9gndeFU5iyKciBUXoNu,V1_NFT,1,0,0,0,0,1,1,0,spacSXX4M9KqVKeYzrQxPDCHven6HUF4jzi4MHfM2tR,DREW Pass,SPACE,0,0
TokenkegQfeZyiNwAJbNbGKPFXCWuBvf9Ss623VQ5DA,HHHY2v9xE7jFtUEK7m9VJwmD4XuCRbQc2di1WqSFaaNw,V1_NFT,1,0,0,0,0,1,1,0,spacSXX4M9KqVKeYzrQxPDCHven6HUF4jzi4MHfM2tR,DREW Pass,SPACE,0,0
TokenkegQfeZyiNwAJbNbGKPFXCWuBvf9Ss623VQ5DA,HGTxJQKzuMjzKkHVpRLcFHwE6ngVCJbcP35FDQtmRzhx,FungibleToken,1,0,0,9,4979264909366389047,0,0,0,,Hive Game Token,HGT,0,0
TokenkegQfeZyiNwAJbNbGKPFXCWuBvf9Ss623VQ5DA,HFYTtYvvbiVWwGXHwXL7sTYWVkPbdsxT3KBZ7FoXF81P,V1_NFT,1,0,0,0,0,1,1,0,spacSXX4M9KqVKeYzrQxPDCHven6HUF4jzi4MHfM2tR,DREW Pass,SPACE,0,0
TokenkegQfeZyiNwAJbNbGKPFXCWuBvf9Ss623VQ5DA,HFNMkLQDutW64zkRhP4BcXFzsQfEMUU1i6ECuthbCFU4,V1_NFT,1,0,0,0,0,1,1,0,spacSXX4M9KqVKeYzrQxPDCHven6HUF4jzi4MHfM2tR,DREW Pass,SPACE,0,0
TokenkegQfeZyiNwAJbNbGKPFXCWuBvf9Ss623VQ5DA,HFBhAt6o1xYHs8eskZhz7HKhFSNQ82R5VNrwynwR1sXE,V1_NFT,1,0,0,0,0,1,1,0,spacSXX4M9KqVKeYzrQxPDCHven6HUF4jzi4MHfM2tR,DREW Pass,SPACE,0,0
TokenkegQfeZyiNwAJbNbGKPFXCWuBvf9Ss623VQ5DA,HExa1YHC1h4Uk4UxBMeLuRcTiqAbtV1uupjDfy2UvHYr,Custom,1,0,1,0,1,1,0,1,74nJjBvLgN97HiKswSCe7D5PueW8UaJ8mTkzuSs8d6gN;FwU9fxCKmicNAmmq47YiiYHnfN2D8brkX4cNg6qQ8PGz,,GOONZUKI,0,0
TokenkegQfeZyiNwAJbNbGKPFXCWuBvf9Ss623VQ5DA,HETuu4xaPiCgrnuPK2dCVLjcmfvP4jNqSi5sv5drzQ8d,V1_NFT,1,0,0,0,0,1,1,0,spacSXX4M9KqVKeYzrQxPDCHven6HUF4jzi4MHfM2tR,DREW Pass,SPACE,0,0
TokenkegQfeZyiNwAJbNbGKPFXCWuBvf9Ss623VQ5DA,HESs1QZW3ZtodENzyQHTPHTsUYErygQDpjk49B1H7tD9,V1_NFT,1,0,0,0,0,0,1,0,,Sollet v2.0,SOLLET,0,0
TokenkegQfeZyiNwAJbNbGKPFXCWuBvf9Ss623VQ5DA,HDjunpgSb7VdccJhp2s9Nu5yDUdqvZnymrHLvXu8zUBz,V1_NFT,1,0,0,0,0,1,1,0,spacSXX4M9KqVKeYzrQxPDCHven6HUF4jzi4MHfM2tR,DREW Pass,SPACE,0,0
TokenkegQfeZyiNwAJbNbGKPFXCWuBvf9Ss623VQ5DA,HCuJr4YDZ8r9UXqdXxGryxAH2QD6eFayzbb6bPeBY8UF,V1_NFT,1,0,0,0,0,1,1,0,spacSXX4M9KqVKeYzrQxPDCHven6HUF4jzi4MHfM2tR,DREW Pass,SPACE,0,0
TokenkegQfeZyiNwAJbNbGKPFXCWuBvf9Ss623VQ5DA,HC7tuMWLGJxaduL29pPGNkQYwdHyGu1QDXmWaYn8gzF3,V1_NFT,1,0,0,0,0,1,1,0,spacSXX4M9KqVKeYzrQxPDCHven6HUF4jzi4MHfM2tR,DREW Pass,SPACE,0,0
TokenkegQfeZyiNwAJbNbGKPFXCWuBvf9Ss623VQ5DA,HBoYPpNE9fmdUKhci7HR1HD3Aw6JKmRiK9puWfeTEMkZ,V1_NFT,1,0,0,0,0,1,1,0,spacSXX4M9KqVKeYzrQxPDCHven6HUF4jzi4MHfM2tR,DREW Pass,SPACE,0,0
TokenkegQfeZyiNwAJbNbGKPFXCWuBvf9Ss623VQ5DA,HBckZhjm1W7cC2At54HC87KpAEoyDEuEfJpfsy3XC6FC,V1_NFT,1,0,0,0,0,1,1,0,spacSXX4M9KqVKeYzrQxPDCHven6HUF4jzi4MHfM2tR,DREW Pass,SPACE,0,0
TokenkegQfeZyiNwAJbNbGKPFXCWuBvf9Ss623VQ5DA,HATyXVmv9pCmX1jcENxuviu7mwGKZ3P6a676zwLVWkQv,V1_NFT,1,0,0,0,0,1,1,0,spacSXX4M9KqVKeYzrQxPDCHven6HUF4jzi4MHfM2tR,DREW Pass,SPACE,0,0
TokenkegQfeZyiNwAJbNbGKPFXCWuBvf9Ss623VQ5DA,HAEVPNSyFhkgMuzg7jwJfgqiwRpFZs8HU17cdFBU78Rk,V1_NFT,1,0,0,0,0,1,1,0,spacSXX4M9KqVKeYzrQxPDCHven6HUF4jzi4MHfM2tR,DREW Pass,SPACE,0,0
TokenkegQfeZyiNwAJbNbGKPFXCWuBvf9Ss623VQ5DA,HA685DXYejRAknopgdXvwKicPMPavyGzbzrHXKspdD6w,FungibleAsset,1,0,0,0,1,1,0,1,BjBwpdcjAMNmJQqkLAnrjooH2tes3CGJTVkzFZjurgvj;99z9XiBTK8yNS6N2AmzdeH5ScEV7CDaWyGWB11Xbe5Cc,Aliens Royale #35546 [FROZEN],ROYALE,0,0
TokenkegQfeZyiNwAJbNbGKPFXCWuBvf9Ss623VQ5DA,H9zEx3XHtZqr1suuAd1b2Mj2ASuD4QCRp2JLDkzXQpPf,V1_NFT,1,0,0,0,0,1,1,0,spacSXX4M9KqVKeYzrQxPDCHven6HUF4jzi4MHfM2tR,DREW Pass,SPACE,0,0
TokenkegQfeZyiNwAJbNbGKPFXCWuBvf9Ss623VQ5DA,H9PzvgkES2ku1KeH7QQwYScy5Nz4u76CpHxuFH8za8QA,V1_NFT,1,0,0,0,0,1,1,1,5iqhjZBsiFuECYVrrppmQuERRuDTxbYgLhqmznVF1PEM,! ✅ NFT VOUCHER,,0,0
TokenkegQfeZyiNwAJbNbGKPFXCWuBvf9Ss623VQ5DA,H99FMNsKoj3PP6XxHoJuoXXbBcawFVvfMMgDVDAKYSvy,V1_NFT,1,0,0,0,0,1,1,1,5iqhjZBsiFuECYVrrppmQuERRuDTxbYgLhqmznVF1PEM,! ✅ NFT VOUCHER,,0,0
TokenkegQfeZyiNwAJbNbGKPFXCWuBvf9Ss623VQ5DA,H8y59MRYsXkp68GRyw3oUfppTfxDrtWnjFyAsfg63d9P,V1_NFT,1,0,0,0,0,1,1,0,spacSXX4M9KqVKeYzrQxPDCHven6HUF4jzi4MHfM2tR,DREW Pass,SPACE,0,0
TokenkegQfeZyiNwAJbNbGKPFXCWuBvf9Ss623VQ5DA,H8GPScAYxXaXbLKmLjXmxgkP8eTXM8n1yf5xRoocjk5s,V1_NFT,1,0,0,0,0,1,1,1,5iqhjZBsiFuECYVrrppmQuERRuDTxbYgLhqmznVF1PEM,! ✅ NFT VOUCHER,,0,0
TokenkegQfeZyiNwAJbNbGKPFXCWuBvf9Ss623VQ5DA,H7M2BQD874V5Yegvh1ExsGjy3kYLquY5vpRQTqNmLDQb,FungibleAsset,1,0,0,0,1,1,0,1,BjBwpdcjAMNmJQqkLAnrjooH2tes3CGJTVkzFZjurgvj;99z9XiBTK8yNS6N2AmzdeH5ScEV7CDaWyGWB11Xbe5Cc,Aliens Royale #36097 [FROZEN],ROYALE,0,0
TokenkegQfeZyiNwAJbNbGKPFXCWuBvf9Ss623VQ5DA,H6q2xBVtPcSEHwtLvP1oWWWSiq8825RRWgYTSXvR7QMv,FungibleToken,1,0,0,9,989150029439689178,0,0,0,,BWULL,$BWULL,0,0
TokenkegQfeZyiNwAJbNbGKPFXCWuBvf9Ss623VQ5DA,H6SSYCU8qubyWVmrQZmUwQQy28EkuayNtiNJ2nGty66j,V1_NFT,1,0,0,0,0,1,1,0,spacSXX4M9KqVKeYzrQxPDCHven6HUF4jzi4MHfM2tR,DREW Pass,SPACE,0,0
TokenkegQfeZyiNwAJbNbGKPFXCWuBvf9Ss623VQ5DA,H6EYsum6PAGf3DSMDdG9M7uZdzPaMDkoPa8Tw9bnzhZN,V1_NFT,1,0,0,0,0,1,1,0,spacSXX4M9KqVKeYzrQxPDCHven6HUF4jzi4MHfM2tR,DREW Pass,SPACE,0,0
TokenkegQfeZyiNwAJbNbGKPFXCWuBvf9Ss623VQ5DA,H4SbGDRQVK7imE4QyYAUc8YRusf4XykKQNx7UBd2TBCB,V1_NFT,1,0,0,0,0,1,1,0,spacSXX4M9KqVKeYzrQxPDCHven6HUF4jzi4MHfM2tR,DREW Pass,SPACE,0,0
TokenkegQfeZyiNwAJbNbGKPFXCWuBvf9Ss623VQ5DA,H48w1jt71GkqBLLEwu4wHNPKEQ7Kd26g8TajbKUrqTXV,V1_NFT,1,0,0,0,0,1,1,0,spacSXX4M9KqVKeYzrQxPDCHven6HUF4jzi4MHfM2tR,DREW Pass,SPACE,0,0
TokenkegQfeZyiNwAJbNbGKPFXCWuBvf9Ss623VQ5DA,H3HVPb2dKVYBE9NFpEH4eJo5sL4xwMFUneEffvRa1Lwp,V1_NFT,1,0,0,0,0,1,1,0,spacSXX4M9KqVKeYzrQxPDCHven6HUF4jzi4MHfM2tR,DREW Pass,SPACE,0,0
11111111111111111111111111111111,JEF6KV58rs9eXExMtmQfq6VkgEFco6URjiyWfWUDpump,FungibleToken,1,0,0,6,992988513085628,0,0,0,,LUIGI'S FRATERNITY,ΦΚΦ,0,0
11111111111111111111111111111111,JEDgN6aXNBfNVc9P645cU5hcJ49749rzhJ3oH1R2LnQ7,V1_NFT,1,0,0,0,0,0,1,1,E3aq2zXiBzZdh8UddVBEKsoFNQoHdj47uCkMEQSBPEVk;2pw9hArdNoY9Q4tYt54fZSWC3hfNhtStf1aXKCbHFfNE,sols #521,sols,0,0
11111111111111111111111111111111,JDzPbXboQYWVmdxXS3LbvjM52RtsV1QaSv2AzoCiai2o,FungibleToken,1,0,0,6,978575416058719,1,0,0,7zq2RHdUUZSzTrBjS7dVhUL3VMZrSj1pz2aUyyq59w4V,Official FO,FO,0,0
11111111111111111111111111111111,JDn7WYdyYPactaMsTyJyyK1b4FjEtCrGFnqCEvg9FTgg,V1_NFT,1,0,0,0,0,0,1,1,E3aq2zXiBzZdh8UddVBEKsoFNQoHdj47uCkMEQSBPEVk;2pw9hArdNoY9Q4tYt54fZSWC3hfNhtStf1aXKCbHFfNE,sols #394,sols,0,0
11111111111111111111111111111111,JDh4HCM5t4h98cPnogn6YZAfeAeDZuHYvFaYxZuj9pqY,V1_NFT,1,0,0,0,0,0,1,1,E3aq2zXiBzZdh8UddVBEKsoFNQoHdj47uCkMEQSBPEVk;2pw9hArdNoY9Q4tYt54fZSWC3hfNhtStf1aXKCbHFfNE,sols #498,sols,0,0
11111111111111111111111111111111,JDAFEkgfuTKou1anN1c5Hga9djd6TZGpVPrQuvZ7A5TA,FungibleToken,1,0,0,6,998784639738058,0,0,0,,CZ STATUE,CZSTATUE,0,0
11111111111111111111111111111111,JD8gUc2qfvmwxtttRviHSRZ4pbGKy5nha2vdEULwx3r5,FungibleToken,1,0,0,6,996812571663297,1,0,0,5hukbwyR2ZcaCN1r4xdEQ8nnzJ98zt5Tb2muY6CFPJs2,JK Labs,JK,0,0
11111111111111111111111111111111,JD7oiLNCRDEk5i6pha5G5Qw96rfnpojhxvtsAoQEvEai,FungibleToken,1,0,0,6,1000000000000000,1,0,0,,Personal Memecoin,PM,0,0
11111111111111111111111111111111,JD4U3e9nqdqNDecZD6uWdhM78PxFGgSf37xhpHrMU47u,FungibleToken,1,0,0,6,999970000000000,0,0,1,3TmjaYC1DAbcAgrSSuLEFSfewhHpEqh3n2B7g1PtUDpv,Aron,$ARON,0,0
11111111111111111111111111111111,JD2JLYnh4NsgbDSieo6jimiVCQWefVW2ZUFNYQmehkkB,V1_NFT,1,0,0,0,1,1,0,1,B6cFnaBEL2DExFbEFwkqEwhsLbR3JLx9ENRh4fU4sgJ8;9ppiEsLybEazCHHaM1y2AcpEPgHX82aHPZD2E5LuL4ZQ,SOGA Utility Pass#1444,SOGA,0,0
11111111111111111111111111111111,JCvDpAc9Jn8RuN9U5q8P6eHZHJTfw9CGTUVcYgwwHHsq,FungibleToken,0,0,0,6,999980783413002,1,0,0,,One Punch Cat,LIZ,0,0
11111111111111111111111111111111,JCtLHQXumi2AqwxCGudKyZQMD9zxpPAqkSYAPfxPvreL,V1_NFT,1,0,0,0,1,1,0,1,B6cFnaBEL2DExFbEFwkqEwhsLbR3JLx9ENRh4fU4sgJ8;9ppiEsLybEazCHHaM1y2AcpEPgHX82aHPZD2E5LuL4ZQ,SOGA Utility Pass#1668,SOGA,0,0
11111111111111111111111111111111,JCjxMGwnzttUS9RWyZwcSHBMxKD4pQ3Rub6Cneqs8Lxk,FungibleToken,1,0,0,6,13079113490417,0,0,0,FE9dRj6dgXYoUnJTrPFLCK4KkRw9wRS2ngW8hZLqsdnf,facebook coin,facebook,0,0
11111111111111111111111111111111,JCeoBX79HfatfaY6xvuNyCHf86hwgkCCWDpEycVHtime,FungibleToken,1,0,0,6,91487404248,0,0,0,,toly's minutes,toly,0,0
11111111111111111111111111111111,JBuFQPyVe1Smgta1vWj6F1WjY8geNueKDZxTrSX2voRL,V1_NFT,1,0,0,0,1,1,0,1,B6cFnaBEL2DExFbEFwkqEwhsLbR3JLx9ENRh4fU4sgJ8;9ppiEsLybEazCHHaM1y2AcpEPgHX82aHPZD2E5LuL4ZQ,SOGA Utility Pass#161,SOGA,0,0
11111111111111111111111111111111,JBdPh95PBjbXjEEZkMnxuwRp9Eh5DG817gaEpdYXpump,FungibleToken,1,0,0,6,121526886059,0,0,0,,Greatest Ticker of All Time,GOAT,0,0
11111111111111111111111111111111,JBYYsr9m6iR5hA1VTZoJCiVd8DbJrQJeQ1hLtSE2VgCP,V1_NFT,1,0,0,0,0,1,1,1,DRiPPP2LytGjNZ5fVpdZS7Xi1oANSY3Df1gSxvUKpzny;WoMbXFtdfH8crq2Zi7bQhfGx2Gv8EN4saP13gcdUGog,Bull Common,,0,0
11111111111111111111111111111111,JBHo9qo1kPBHLzW9p3nvaARBokpu4ZNgsziGnydGpump,FungibleToken,1,0,0,6,999999994204465,0,0,0,,#1 tiktok audio,GETOUT,0,0
11111111111111111111111111111111,JB6QfGgAjyDPWRYSYVTvvihXhxFZmgAVd8YoQfL2pump,FungibleToken,1,0,0,6,999996751992462,0,0,0,,AI Czar,AICzar,0,0
11111111111111111111111111111111,JAoQoCbPSdjsnytfHiNmzVowYgkWNrt1YhbffKMnQbUN,V1_NFT,1,0,0,0,1,1,0,1,B6cFnaBEL2DExFbEFwkqEwhsLbR3JLx9ENRh4fU4sgJ8;9ppiEsLybEazCHHaM1y2AcpEPgHX82aHPZD2E5LuL4ZQ,SOGA Utility Pass#1650,SOGA,0,0
11111111111111111111111111111111,JAdF5iQVrUhsh5U3o65SEEPp83m71Ny5745MzTDEgoqP,V1_NFT,1,0,0,0,1,1,0,1,B6cFnaBEL2DExFbEFwkqEwhsLbR3JLx9ENRh4fU4sgJ8;9ppiEsLybEazCHHaM1y2AcpEPgHX82aHPZD2E5LuL4ZQ,SOGA Utility Pass#1751,SOGA,0,0
11111111111111111111111111111111,JAaoo7fjcSdJPG8gFWPP622HHafnHGo3hACoCjs7hY7Z,FungibleToken,1,0,0,9,1000000000000000,0,0,0,,soltrc20,Sol𖩋RX,0,0
11111111111111111111111111111111,JAEeFnbTR9hKuhf25fEE8qjK1uAs5ypJe6s8V98Zpump,FungibleToken,1,0,0,6,999952666413876,0,0,0,,Great AI Revolution,GAR,0,0
11111111111111111111111111111111,JAEbP8nDVVGkyey348LSFGsNzrAZgVePQD94EubSD1BH,V1_NFT,1,0,0,0,0,1,1,1,5iqhjZBsiFuECYVrrppmQuERRuDTxbYgLhqmznVF1PEM,,,0,0
11111111111111111111111111111111,JA2usHtcgWS9PuECek9GxupbmDZ2mimVFWX9mcGCHW7j,FungibleToken,1,0,0,6,999684513832317,0,0,0,,PRIMe NODE TEA_PROTOCOL_COINS,tea,0,0
11111111111111111111111111111111,J9fpDjkQHJzmcXqKF4aAHZdHhuVrhvE9coD99PHN8qVS,V1_NFT,1,0,0,0,0,0,1,1,E3aq2zXiBzZdh8UddVBEKsoFNQoHdj47uCkMEQSBPEVk;2pw9hArdNoY9Q4tYt54fZSWC3hfNhtStf1aXKCbHFfNE,sols #52,sols,0,0
11111111111111111111111111111111,J9XzQqox9HYSMBz52FWif5si2mWCVeRqoAaJ6uTrazVY,FungibleToken,1,0,0,6,99971977123832297,0,0,0,2mLZPkDZTZsbRnHj7WUpgBF7fUHLw4SSJwHcxG259PV7,VIBE CAT,VBlE.,0,0
11111111111111111111111111111111,J9UW9kriEnCNwm3wpBEsHDTfK5ZQZMrG5g1fPrZybe8b,FungibleToken,1,0,0,6,3282588775166,1,0,0,,PENGU,PENGU,0,0
11111111111111111111111111111111,J9FzAUtnHvhBpsdCHwJ5hVq6aFYVFRYymraPjnWr7717,V1_NFT,1,0,0,0,0,1,1,0,vUT8Vrebdy283ycUUnvyf5nhH9CfQtLg4oKSaM7B79D,PEPECASH,PPCSH,0,0
11111111111111111111111111111111,J8syJCTbLJ8hfg68JPnYm6Y9ANTAHCvSorsm85KjuxBB,FungibleToken,1,0,0,6,9999731093406420291,0,0,0,7X446pSWQDT2Exw3i8Gf2YSdb6A5ms6EAwh3agFCsMFa,Cope,mm,0,0
11111111111111111111111111111111,J8mvTiXC1A3ggTrpgbnYnsShYaPmp5a1JBvE1F5YkFhe,V1_NFT,1,0,0,0,1,1,0,1,B6cFnaBEL2DExFbEFwkqEwhsLbR3JLx9ENRh4fU4sgJ8;9ppiEsLybEazCHHaM1y2AcpEPgHX82aHPZD2E5LuL4ZQ,SOGA Utility Pass#100,SOGA,0,0
11111111111111111111111111111111,J8Vob2vfwxp5oRzZnVHNMLwqTAh9uCo1QyyZ5JcHAJ9U,V1_NFT,1,0,0,0,1,1,0,1,B6cFnaBEL2DExFbEFwkqEwhsLbR3JLx9ENRh4fU4sgJ8;9ppiEsLybEazCHHaM1y2AcpEPgHX82aHPZD2E5LuL4ZQ,SOGA Utility Pass#1717,SOGA,0,0
11111111111111111111111111111111,J8NwnugLZmQTZJ71hT6tBeD569KQ1DH691tkrtUhf8q6,V1_NFT,1,0,0,0,1,1,0,1,B6cFnaBEL2DExFbEFwkqEwhsLbR3JLx9ENRh4fU4sgJ8;9ppiEsLybEazCHHaM1y2AcpEPgHX82aHPZD2E5LuL4ZQ,SOGA Utility Pass#636,SOGA,0,0
11111111111111111111111111111111,J8GsZh9KYc6y1fkCB2jnD5gMS9iy6hU1yovZtVWD7M9k,V1_NFT,1,0,0,0,1,1,0,1,B6cFnaBEL2DExFbEFwkqEwhsLbR3JLx9ENRh4fU4sgJ8;9ppiEsLybEazCHHaM1y2AcpEPgHX82aHPZD2E5LuL4ZQ,SOGA Utility Pass#1458,SOGA,0,0
11111111111111111111111111111111,J88V48jgmyJkELoxfx1A7fBg5rykFYWbXV6YXBLi9Fkb,FungibleToken,1,0,0,9,210000000000000000,1,0,0,,BOC,BOC,0,0
11111111111111111111111111111111,J7xT3yTmQLR7hckVS6wgT5btro2PQab1zgwJhStvmZ9m,V1_NFT,1,0,0,0,0,1,1,1,6VMM4Uzc8rAcKPVngfFSvYiJ8W7KuYCzpgKJvVfv7wjC,#{numbers},,0,0
11111111111111111111111111111111,J7kQdaWiFfUV2zrGdJgDAMAzLFXZnCHFMiJLj3twWNzC,V1_NFT,1,0,0,0,1,1,0,1,B6cFnaBEL2DExFbEFwkqEwhsLbR3JLx9ENRh4fU4sgJ8;9ppiEsLybEazCHHaM1y2AcpEPgHX82aHPZD2E5LuL4ZQ,SOGA Utility Pass#1392,SOGA,0,0
11111111111111111111111111111111,J7ZdCmwgbCkXZLbiJdLycsptw41R6JXHnvNJPijoafim,FungibleToken,1,0,0,6,999438887141136,0,0,0,2CgaqKn8e6LG871aoBJWV98uRMjvheAY5L7Me9EJW5av,Justice for Zachxbt,ZACHXBT,0,0
11111111111111111111111111111111,J7SYJauH8f99thKxQKXdwCnGohc1zDn9UA9CsDVApump,FungibleToken,0,0,0,6,997711756537482,1,0,0,,Tsuyoki No Kisetsu,OSUUSHI,0,0
11111111111111111111111111111111,J7S8He88WAog1AjvdQhWXzEckMcSGWFUy8stXpT1pump,FungibleToken,1,0,0,6,483096089549,0,0,0,,wobbles,wobbles,0,0
11111111111111111111111111111111,J7EnawDFi2Y6KRkiFB9UtXriwppjVhSNhVjp8sondM8s,FungibleToken,1,0,0,6,25446171970,1,0,0,,Fidelity Investments,Fidelity,0,0
11111111111111111111111111111111,J79sLhLpQXV5kwQdDabvNo9PYzrw5mz9sHbLPDkTpump,FungibleToken,1,0,0,6,1000000000000000,0,0,1,J79sLhLpQXV5kwQdDabvNo9PYzrw5mz9sHbLPDkTpump,MAKE SOLANA GREAT AGAIN,MSGA,0,0
11111111111111111111111111111111,J79LwS1n8rH9bNExscPVtMWHScEwxsHiX3WxRZoJbtkY,V1_NFT,1,0,0,0,0,0,1,0,,Test,,0,0
11111111111111111111111111111111,J6zFxjrEiP6zcV64cmkkqMPc68eieZHAXKYmuVtEhxaP,V1_NFT,1,0,0,0,1,1,0,1,B6cFnaBEL2DExFbEFwkqEwhsLbR3JLx9ENRh4fU4sgJ8;9ppiEsLybEazCHHaM1y2AcpEPgHX82aHPZD2E5LuL4ZQ,SOGA Utility Pass#770,SOGA,0,0
11111111111111111111111111111111,J6a4HThJvS5kvPDnr9cup9wDGUGuhT1sfMm5ZdLJbuzW,V1_NFT,1,0,0,0,1,1,0,1,81JPvLiA5cWgKbwAs1DgufvPTZqfCgeEpmCKSWtPXqoW;9ppiEsLybEazCHHaM1y2AcpEPgHX82aHPZD2E5LuL4ZQ,SOGA Utility Pass#209,SOGA,0,0
11111111111111111111111111111111,J68Awd9c16zQ3FLhosU4nzBNZvE2zSs71R1xpFx7pump,FungibleToken,0,0,0,6,999999997845484,1,0,0,,Elon Dickbutt,EDickbutt,0,0
11111111111111111111111111111111,J5iyNuTa6zqqA62Xe4h1VBvcBW5CTSNNva3QPh8DU5RV,FungibleToken,1,0,0,7,4352614680000000000,0,0,0,,The $Green,Green,0,0
11111111111111111111111111111111,J5hQhAoCCTxQPgk6RxLGU4tGiQnvefa8G2XkimyA8bnb,V1_NFT,1,0,0,0,1,1,0,1,B6cFnaBEL2DExFbEFwkqEwhsLbR3JLx9ENRh4fU4sgJ8;9ppiEsLybEazCHHaM1y2AcpEPgHX82aHPZD2E5LuL4ZQ,SOGA Utility Pass#1356,SOGA,0,0
11111111111111111111111111111111,J5KJNSvir4mDASjVhEdneWyjgMB65BMxXYQ2en7f6t2D,V1_NFT,1,0,0,0,0,1,1,1,DRiPPP2LytGjNZ5fVpdZS7Xi1oANSY3Df1gSxvUKpzny;WoMbXFtdfH8crq2Zi7bQhfGx2Gv8EN4saP13gcdUGog;EpUZ5Qx32kcAcAFH28RkKhZaXctLQKGjG4hjxy7WFGRE,FOSSIL WALK,,0,0
11111111111111111111111111111111,J5B4VcqTXeUff1oTp4fzLpF7Q88B4GY1iqfdqRPEcxSZ,V1_NFT,1,0,0,0,0,0,1,1,E3aq2zXiBzZdh8UddVBEKsoFNQoHdj47uCkMEQSBPEVk;2pw9hArdNoY9Q4tYt54fZSWC3hfNhtStf1aXKCbHFfNE,sols #483,sols,0,0
11111111111111111111111111111111,J57SryZGyYt3qhsa3s9HAJCfHH8h3KGtFyYbVUhPpump,FungibleToken,1,0,0,6,982428583315187,0,0,0,,Frog,FROG,0,0
11111111111111111111111111111111,J55nYKFGKs3VLvHtTLqfQC2z2hxZQLs4gB7N9esBhGas,V1_NFT,1,0,0,0,0,1,1,1,5iqhjZBsiFuECYVrrppmQuERRuDTxbYgLhqmznVF1PEM,,,0,0
11111111111111111111111111111111,J4rFunaQrL1fVnWG3pvafqxqgy9h69hcaXg2kb2es5tK,V1_NFT,1,0,0,0,1,1,0,1,B6cFnaBEL2DExFbEFwkqEwhsLbR3JLx9ENRh4fU4sgJ8;9ppiEsLybEazCHHaM1y2AcpEPgHX82aHPZD2E5LuL4ZQ,SOGA Utility Pass#513,SOGA,0,0
11111111111111111111111111111111,J4Zm5CGWQi7CUMA8SaHLb3bq5KpRYmhndp2s4mHL614z,FungibleToken,1,0,0,6,999992937135485,0,0,0,,GOAT Network,GOATED,0,0
11111111111111111111111111111111,J4ChTksYnpSEuqYAyL8eN1X8xaSymz3xvpkKZ4qXjwT7,V1_NFT,1,0,0,0,0,1,1,0,C2hoDH6xuBcyZxoGT1EccpobAHodJSi4ZgS6a2sC6589;CVCw7j1CasjApZafBEvDbCA8rGnnsn5JJVy5ULWAaZV7,Ardavan,,0,0
11111111111111111111111111111111,J46Sb6v8M6aA3MsT8RgNRqpvE3Jhq8ocYSKZnnEQpYVi,FungibleToken,1,0,0,6,98939818579292898,0,0,0,GYXf2wcopY1Ny3nymPdSeyK7Bqgpka2aqWCLp26WJB2N,Ani Gork Compnaion,Ain,0,0
11111111111111111111111111111111,J3rYdme789g1zAysfbH9oP4zjagvfVM2PX7KJgFDpump,FungibleToken,1,0,0,6,988158021003493,0,0,1,86YetFuG1AP6zkaPnQbpPEQ9EtFmMeyt19UGphkUrGyd,BlackCoin,BlackCoin,0,0
11111111111111111111111111111111,J3fw4YpWqWx7Jq8Mdt6uzaTiZsF7FLpKp526i8njpump,FungibleToken,1,0,0,6,999999886610462,0,0,1,J3fw4YpWqWx7Jq8Mdt6uzaTiZsF7FLpKp526i8njpump,POPECORE,POPECORE,0,0
11111111111111111111111111111111,J3ck4kTpdgnTkRxy3rRoJkGnLiF6Bcin6GbGNgh39yxh,FungibleToken,1,0,0,9,99975706377682018,1,0,0,YXS9bi15ixhcWUumojja2izzXxJ8Q7rbHwyrHt2stEd,Algos One,ALGOS,0,0
11111111111111111111111111111111,J3V4fsLZMTQGsGCfAa7zPsprNzawmpbUeRdk5xK5dc8C,FungibleToken,1,0,0,6,99115197823693872,0,0,0,4MqUQk6eDbC6T212haWHkjirAVgRtWc5wZYZS5xH9gbX,SPX6900 (Wormhole),SXP,0,0
11111111111111111111111111111111,J3MUyi2R4Jh89tiz2tJGn29mspXF39BieZBv9dRpC7ek,V1_NFT,1,0,0,0,0,1,1,0,SuitNYmscUZj3NTkpUoRw6QrPShBWuwVNFG8148TSeA,Ammo Box #1945,AMMO,0,0
11111111111111111111111111111111,J35of6vn9domsreq51qRU62uAFdTFwy85LNiahYap3Ni,V1_NFT,1,0,0,0,1,1,0,1,B6cFnaBEL2DExFbEFwkqEwhsLbR3JLx9ENRh4fU4sgJ8;9ppiEsLybEazCHHaM1y2AcpEPgHX82aHPZD2E5LuL4ZQ,SOGA Utility Pass#1153,SOGA,0,0
11111111111111111111111111111111,J32mPjhqVbheZ87Gm9a2eVxHoG333TwqZAo2bjaLpump,FungibleToken,1,0,0,6,999988307259687,0,0,1,J32mPjhqVbheZ87Gm9a2eVxHoG333TwqZAo2bjaLpump,DEGEN,DEGEN,0,0
11111111111111111111111111111111,J2fnzSzhVfQwzg7GjN5QHG3DxVLT7BwtoY5CknWYwKNe,FungibleToken,0,0,1,9,17993832398219,1,0,0,,,,0,0
11111111111111111111111111111111,J2LhDYKPHCrUcBqNqs7X3RpGTXyjNZgm7UR2Wh36onib,FungibleToken,0,0,0,6,1000000000000,1,0,0,,Things,Things,0,0
11111111111111111111111111111111,J2DY2SHbEXyw5jRxVDYqi4Jc1jjtQXRoMFGpnY7T9hdu,V1_NFT,1,0,0,0,1,1,0,1,B6cFnaBEL2DExFbEFwkqEwhsLbR3JLx9ENRh4fU4sgJ8;9ppiEsLybEazCHHaM1y2AcpEPgHX82aHPZD2E5LuL4ZQ,SOGA Utility Pass#109,SOGA,0,0
11111111111111111111111111111111,J2DFJP3jANedHfR6DQNmHpBXLWeegeFBvmzasyYJBAGS,FungibleToken,1,0,0,9,999319825535557840,1,0,0,,Vovy,VOVY,0,0
11111111111111111111111111111111,J264eppc3ejFVtkPUZ7S649U95qLSfNDEwwwZGL6Vzy4,V1_NFT,1,0,0,0,1,1,0,1,B6cFnaBEL2DExFbEFwkqEwhsLbR3JLx9ENRh4fU4sgJ8;9ppiEsLybEazCHHaM1y2AcpEPgHX82aHPZD2E5LuL4ZQ,SOGA Utility Pass#948,SOGA,0,0
11111111111111111111111111111111,J1toso1uCk3RLmjorhTtrVwY9HJ7X8V9yYac6Y7kGCPn,FungibleToken,1,0,0,9,8831592229668792,1,0,0,,Jito Staked SOL,JitoSOL,0,0
11111111111111111111111111111111,J1hseFFPwYuvKLsAXb2efnHjHtDxUkRgNpSTL7L461Ki,V1_NFT,1,0,0,0,0,1,1,0,vUT8Vrebdy283ycUUnvyf5nhH9CfQtLg4oKSaM7B79D,PEPECASH,PPCSH,0,0
11111111111111111111111111111111,J1S1PVUr7kwAXtn4hyc9yMs4kUzF6tYK65pRSzNvB7NT,FungibleToken,1,0,0,6,900023280700214,1,0,0,,TRULY SHAR SAVIOR,SHAR,0,0
11111111111111111111111111111111,J1NzLh7Yz585nYCJrtAR5Sq3cPvJYejHw2ag4hEe8Kgv,FungibleToken,1,0,0,6,99485263947762801,0,0,0,,Resolv Labs,RESOLV,0,0
11111111111111111111111111111111,J1M79vCJJ3NiPraAy2296uBL1eyv2LQzKiVshYTVpump,FungibleToken,1,0,0,6,999875204074630,0,0,1,J1M79vCJJ3NiPraAy2296uBL1eyv2LQzKiVshYTVpump,Gas For Memes,memegas,0,0
11111111111111111111111111111111,HzkBaWNZswRthBhGz3XAGpsbsv5AXWzAw1gQfzAg8NFQ,V1_NFT,1,0,0,0,0,1,1,1,DRiPPP2LytGjNZ5fVpdZS7Xi1oANSY3Df1gSxvUKpzny;WoMbXFtdfH8crq2Zi7bQhfGx2Gv8EN4saP13gcdUGog,GETAWAY,,0,0
11111111111111111111111111111111,HzdodbP4R2pZLSdhpDASPTMMdhiKWrMtXvZ4cXCKZena,FungibleToken,1,0,0,8,70999440233056010,0,0,0,CcxgZoHUULXGBjG4DrCxoKguA3bReuKnbAjfRaXDLHZz,AIGT,AIGT,0,0
11111111111111111111111111111111,HzNLokTNT2sx9Tzsavt1MuACepzBsaBRauukN4Nqpump,FungibleToken,0,0,0,6,999999972515823,1,0,0,,Synthetic+Phoenix,SYNX,0,0
11111111111111111111111111111111,HzHoB7HofJHqk3G7RhxJd6t9Pt7t3UmDhJ7nJCYjpump,FungibleToken,1,0,0,6,999000000000000,0,0,0,,LEETS GO MOON!!,0.1,0,0
11111111111111111111111111111111,HzC1RLQhbV5hpFLw2EYhi9iWNWoN365xDvtYHv9vpump,FungibleToken,1,0,0,6,997163921138277,0,0,1,E5jUi7cgXkSdPeQnfQnZa8RQER2MfgRMwQfGQtAC16L5,Baby Aura,BABYAURA,0,0
11111111111111111111111111111111,HyuT6ifjpNrdHAvrDRP33ckdHTobVimiDimRKqfGJgX7,FungibleToken,1,0,0,6,999999999986815,0,0,1,GpVpLSHsU5sZkM6D4DNftWWE97BnjWDJcaCsXg89GTQe,cat on man,com,0,0
11111111111111111111111111111111,HyshSEyfCKd3JXXvTRuFauF8jB2ieqdtQd6YVFYj7FfU,V1_NFT,1,0,0,0,1,1,0,1,B6cFnaBEL2DExFbEFwkqEwhsLbR3JLx9ENRh4fU4sgJ8;9ppiEsLybEazCHHaM1y2AcpEPgHX82aHPZD2E5LuL4ZQ,SOGA Utility Pass#428,SOGA,0,0
11111111111111111111111111111111,Hyq2ASf1TD6Snmhi2bmAbfSvwCAah3JMcQMQxh1NG84Y,V1_NFT,1,0,0,0,1,1,0,1,B6cFnaBEL2DExFbEFwkqEwhsLbR3JLx9ENRh4fU4sgJ8;9ppiEsLybEazCHHaM1y2AcpEPgHX82aHPZD2E5LuL4ZQ,SOGA Utility Pass#1756,SOGA,0,0
11111111111111111111111111111111,HyYkuGsp34bgQNfDUzTFSiysXQ2mKE27wkMoC8aJ5jkF,V1_NFT,1,0,0,0,1,1,0,1,B6cFnaBEL2DExFbEFwkqEwhsLbR3JLx9ENRh4fU4sgJ8;9ppiEsLybEazCHHaM1y2AcpEPgHX82aHPZD2E5LuL4ZQ,SOGA Utility Pass#934,SOGA,0,0
11111111111111111111111111111111,HxgHJnBi8Bgc9T7LTWfANe6CT8PuxzmSR6cekbJoZB5t,V1_NFT,1,0,0,0,1,1,0,1,B6cFnaBEL2DExFbEFwkqEwhsLbR3JLx9ENRh4fU4sgJ8;9ppiEsLybEazCHHaM1y2AcpEPgHX82aHPZD2E5LuL4ZQ,SOGA Utility Pass#76,SOGA,0,0
11111111111111111111111111111111,HxWW4fV9joYhaPcJCRiv3amcw5MR9gM1avYLCyHbj2xK,V1_NFT,1,0,0,0,0,1,1,0,FBj7aDrtueptCtcUQhQhDgBABtgrE5wjWeWeHnhtQKbb,YUS NFT #3521,,0,0
11111111111111111111111111111111,Hx7a6i74FDX8mfkvXcHPbdVWnhxRD2YnYvT1aMJvmoon,FungibleToken,1,0,0,6,1000000000000000,0,0,0,,Yeti Rocket,YETI,0,0
11111111111111111111111111111111,Hwuj6bhXsvKLXrW4TzrhKNBMAMk9gDgZD2cUi6X4rFuz,V1_NFT,1,0,0,0,0,1,1,0,8nV1KPB4Fur4rbSiUkTuXSJiAZgrt4QK5CwoYgSaL6U6;FE5ecCL2ZehWq5BYzLzLrB6imqVb8vgsoCQmMD9LYt7p,MarKup Brownlee,STAMPS,0,0
11111111111111111111111111111111,Hwrmq5ATvqZ6eGAQaDStY53RA4BS8jxjp776SLihEzAk,FungibleToken,1,0,0,6,9671092190064862,1,0,0,7JcexccyRE1Vjk5jjEdH8QU4y2MU2eq71kbzwVUkKy77,TruthChain,truth,0,0
11111111111111111111111111111111,HwPVZz3W2yrZxxfTzTM8dspWANPVrGnPsuJLhDe9SkVh,V1_NFT,1,0,0,0,0,0,1,1,E3aq2zXiBzZdh8UddVBEKsoFNQoHdj47uCkMEQSBPEVk;2pw9hArdNoY9Q4tYt54fZSWC3hfNhtStf1aXKCbHFfNE,sols #547,sols,0,0
11111111111111111111111111111111,HwLCxgnTziD3DAZCmqXnCTaE5vhnUSKzrx5wEVEJcDdJ,V1_NFT,1,0,0,0,1,1,0,1,B6cFnaBEL2DExFbEFwkqEwhsLbR3JLx9ENRh4fU4sgJ8;9ppiEsLybEazCHHaM1y2AcpEPgHX82aHPZD2E5LuL4ZQ,SOGA Utility Pass#1483,SOGA,0,0
11111111111111111111111111111111,Hw695eQpHrvc5JgHJoikYZG6zSbQ35V2AkvYhXU4pump,FungibleToken,1,0,0,6,1000000000000000,0,0,1,B7xHubnMpSFiTsJrgiMDCZQhGai4EYdVFGF8NdMvn1vb,ELMO,ELMO,0,0
11111111111111111111111111111111,Hw5PDPd3zMrn56sS865JXWqc6QLpSQ7YwF59Z8BQJfPH,V1_NFT,1,0,0,0,0,0,1,1,CjrrV2AkFusNUYnNnpkKarEpGnjnBWidjJXqb1UASSSv;2pw9hArdNoY9Q4tYt54fZSWC3hfNhtStf1aXKCbHFfNE,sols #3465,sols,0,0
11111111111111111111111111111111,HvmdPCysS9ageg4Aut7GcbZXVn9M2kDKoX53NqvJ3UgM,V1_NFT,1,0,0,0,0,0,1,0,,SAGABOX.io Community Drop,SA,0,0
11111111111111111111111111111111,HvH4yMvzYzA7yGHUfR1v8oaJQ2JrSwS8qPCtYfVBNSmi,V1_NFT,1,0,0,0,1,1,0,1,B6cFnaBEL2DExFbEFwkqEwhsLbR3JLx9ENRh4fU4sgJ8;9ppiEsLybEazCHHaM1y2AcpEPgHX82aHPZD2E5LuL4ZQ,SOGA Utility Pass#1516,SOGA,0,0
11111111111111111111111111111111,HvEfTjyRCEuch4UUNcCwkM1oAxQJUdRxcfeLq3wxpump,FungibleToken,1,0,0,6,999973681733449,0,0,0,,Ai 36D,36D,0,0
11111111111111111111111111111111,Hv317KWCSDLNnU74gQ2w9deJzCfG3XpiRHL74Njgpump,FungibleToken,1,0,0,6,999934642593295,0,0,0,,PEARL EARRING GIRL NAME,PEGN,0,0
11111111111111111111111111111111,Huz5JMn1nLs63W7Lv9nApfL7mmBUiQgjxffCgqVhSezT,V1_NFT,1,0,0,0,1,1,0,1,B6cFnaBEL2DExFbEFwkqEwhsLbR3JLx9ENRh4fU4sgJ8;9ppiEsLybEazCHHaM1y2AcpEPgHX82aHPZD2E5LuL4ZQ,SOGA Utility Pass#550,SOGA,0,0
11111111111111111111111111111111,Huctf3zq2rFEJtn2dvwG31JjD5qRTfmsKjzUHNFLf7hH,V1_NFT,1,0,0,0,1,1,0,1,B6cFnaBEL2DExFbEFwkqEwhsLbR3JLx9ENRh4fU4sgJ8;9ppiEsLybEazCHHaM1y2AcpEPgHX82aHPZD2E5LuL4ZQ,SOGA Utility Pass#365,SOGA,0,0
11111111111111111111111111111111,Hub9hb6p8CJs7DJtK7Nrov1PgzxYRkPjyu348MwFMyai,FungibleToken,1,0,0,6,999999998467803,1,0,0,,KILL BILL,KILL BILL,0,0
11111111111111111111111111111111,HuXUDCpGJwy2zr1KasFkFDoLRWS4SicezgPtTvQEzvQ1,V1_NFT,1,0,0,0,1,1,0,1,B6cFnaBEL2DExFbEFwkqEwhsLbR3JLx9ENRh4fU4sgJ8;9ppiEsLybEazCHHaM1y2AcpEPgHX82aHPZD2E5LuL4ZQ,SOGA Utility Pass#1183,SOGA,0,0
11111111111111111111111111111111,HuVn8YLmoX6jfo1Qq76Tgori4vqFjhogvp1UudymSB8K,FungibleToken,1,0,0,6,1000000000000000,0,0,0,,FalxV2,FalxV2,0,0
ComputeBudget111111111111111111111111111111,J2EbevKJCLDyqdecGdvTNsmoYpsu6XBT1AYp4SE5AEbV,V1_NFT,1,0,0,0,0,1,1,1,WENy2r62eTvYZhPdvZ4CMJHnpFJ37m5L23JYaErzKyD,Receivable NFT Token,,0,0
ComputeBudget111111111111111111111111111111,J13X2QzVq6u2CJFT8aSDVqpHefq51RA15n6ZQoxgfZYX,V1_NFT,1,0,0,0,0,1,1,1,WENy2r62eTvYZhPdvZ4CMJHnpFJ37m5L23JYaErzKyD,Receivable NFT Token,,0,0
ComputeBudget111111111111111111111111111111,HmmbNTmjYStqCaa6cBtSPpPiamm1fQBBfBhT2DQNBHqn,V1_NFT,1,0,0,0,0,1,1,1,WENy2r62eTvYZhPdvZ4CMJHnpFJ37m5L23JYaErzKyD,Receivable NFT Token,,0,0
ComputeBudget111111111111111111111111111111,HmZstSPc8DGA5dw4Ao171UvyDUYRetJVtoBSGtgnMxRm,V1_NFT,1,0,0,0,0,1,1,1,WENy2r62eTvYZhPdvZ4CMJHnpFJ37m5L23JYaErzKyD,Receivable NFT Token,,0,0
ComputeBudget111111111111111111111111111111,HZWvwdt19vJX7Y5VxknWZertd9ezuDYFp9rPnWsvRzsk,V1_NFT,1,0,0,0,0,1,1,1,WENy2r62eTvYZhPdvZ4CMJHnpFJ37m5L23JYaErzKyD,Receivable NFT Token,,0,0
ComputeBudget111111111111111111111111111111,HUXzmwE5GhrUV7ZQw2NfvnPTEcqotHvtBR9jSu8HBcUa,V1_NFT,1,0,0,0,0,1,1,1,WENy2r62eTvYZhPdvZ4CMJHnpFJ37m5L23JYaErzKyD,Receivable NFT Token,,0,0
ComputeBudget111111111111111111111111111111,HU6ZLGcgkgYWL36fnem2ygBYceUnHaEJazPB8koXRbvT,V1_NFT,1,0,0,0,0,1,1,1,WENy2r62eTvYZhPdvZ4CMJHnpFJ37m5L23JYaErzKyD,Receivable NFT Token,,0,0
ComputeBudget111111111111111111111111111111,HT5gja8eZtY123xtPnPvUvKFXGfBUX2Wa92mnac5QbmS,V1_NFT,1,0,0,0,0,1,1,1,WENy2r62eTvYZhPdvZ4CMJHnpFJ37m5L23JYaErzKyD,Receivable NFT Token,,0,0
ComputeBudget111111111111111111111111111111,HSANAoqYWfchteitp9UFUDQZLgCVgecxwRvtRJiboRKf,V1_NFT,1,0,0,0,0,0,1,0,,BOX#140,BOX,0,0
ComputeBudget111111111111111111111111111111,HRjWMAFRZU8KyoBF6MBbkSygrNzdD2o2wpifBhhzRGf9,V1_NFT,1,0,0,0,0,1,1,1,WENy2r62eTvYZhPdvZ4CMJHnpFJ37m5L23JYaErzKyD,Receivable NFT Token,,0,0
ComputeBudget111111111111111111111111111111,HA1T57w7icw9Uofrz3avBiE1rMucHGG1kGorfdirzGVX,V1_NFT,1,0,0,0,0,1,1,1,WENy2r62eTvYZhPdvZ4CMJHnpFJ37m5L23JYaErzKyD,Receivable NFT Token,,0,0
ComputeBudget111111111111111111111111111111,H4vX7LpbRa2YwZs3jD4TG1DUqRCQMckZS98FeLMs4Ae5,V1_NFT,1,0,0,0,0,1,1,1,BEGVdZCSVHHFkUGwrLc6dPhbjdGGozZJ7zW3Mm5uGk91,Moonbirds,BIRBROP,0,0
ComputeBudget111111111111111111111111111111,H4MSSz5EmroewevtKxYGJ7YfCtsTpjBddFvD1fvUfbXX,V1_NFT,1,0,0,0,0,1,1,0,FBj7aDrtueptCtcUQhQhDgBABtgrE5wjWeWeHnhtQKbb,YUS NFT #3521,,0,0
ComputeBudget111111111111111111111111111111,H41YYRXGPtAKmFrT4Fby6M6Q9kMj81jBooGV1S5zAbwn,V1_NFT,1,0,0,0,0,1,1,1,WENy2r62eTvYZhPdvZ4CMJHnpFJ37m5L23JYaErzKyD,Receivable NFT Token,,0,0
ComputeBudget111111111111111111111111111111,H12FJYwJWbq5fH9X2mJYZMsfDp5DEwGktKBC7GzhEbPA,V1_NFT,1,0,0,0,0,1,1,0,FBj7aDrtueptCtcUQhQhDgBABtgrE5wjWeWeHnhtQKbb,YUS NFT #3521,,0,0
ComputeBudget111111111111111111111111111111,GoaPmpqJcm9kzezbc4wSnmsyC2UN79amMQEfEuS6tzE1,V1_NFT,1,0,0,0,0,1,1,0,FBj7aDrtueptCtcUQhQhDgBABtgrE5wjWeWeHnhtQKbb,YUS NFT #3521,,0,0
ComputeBudget111111111111111111111111111111,GeS9XSyBmdErsodtG6RcG1zBF2ZC1Aey9G9rW2hEpump,FungibleToken,1,0,0,6,999682619869123,0,0,1,5VNEWQx95aP2NSjvqKMzydhsJ7Dq9x32hD52VgR1YjEq,EB SOL,$EB,0,0
ComputeBudget111111111111111111111111111111,Gdeyy3Rc5qEvFvH2i4Yv44TXxJCe2TQ5raMfFUQEmDzF,V1_NFT,1,0,0,0,0,1,1,1,WENy2r62eTvYZhPdvZ4CMJHnpFJ37m5L23JYaErzKyD,Receivable NFT Token,,0,0
ComputeBudget111111111111111111111111111111,GWeGoN9sYmZPUjLMS316HF8eppxVzr36Rp8Hmnwhpump,FungibleToken,0,0,0,6,983853791144490,1,0,0,,TEKCOIN,TEK,0,0
ComputeBudget111111111111111111111111111111,GLZand3p8RuFqV5UEXBpggaweSd8xp6iFreQFpa5wjQM,V1_NFT,1,0,0,0,0,1,1,1,WENy2r62eTvYZhPdvZ4CMJHnpFJ37m5L23JYaErzKyD,Receivable NFT Token,,0,0
ComputeBudget111111111111111111111111111111,GECvZmw94kG6D8RmjFHJPvcEduYkyRsPjXxW4MhX7qZ2,V1_NFT,1,0,0,0,0,1,1,1,WENy2r62eTvYZhPdvZ4CMJHnpFJ37m5L23JYaErzKyD,Receivable NFT Token,,0,0
ComputeBudget111111111111111111111111111111,GBZDQHHQtmsSbAdf4ppAf63NzsDGuSS6kJyktECKQM5d,V1_NFT,1,0,0,0,0,1,1,1,WENy2r62eTvYZhPdvZ4CMJHnpFJ37m5L23JYaErzKyD,Receivable NFT Token,,0,0
ComputeBudget111111111111111111111111111111,GA74msAwcaR3jWT19Gb8qQpME7VZ5FkDRFt4gP2KGZuR,V1_NFT,1,0,0,0,0,1,1,1,WENy2r62eTvYZhPdvZ4CMJHnpFJ37m5L23JYaErzKyD,Receivable NFT Token,,0,0
ComputeBudget111111111111111111111111111111,G7WZ2EpX754q4G6ejui1h2skTjzzFSuvJbU1HQ7JbPsw,V1_NFT,1,0,0,0,0,1,1,1,WENy2r62eTvYZhPdvZ4CMJHnpFJ37m5L23JYaErzKyD,Receivable NFT Token,,0,0
ComputeBudget111111111111111111111111111111,FynZL3K4pM2MPDiiYEjMD2TyGeva4KECVoDcd5gNE7ZM,V1_NFT,1,0,0,0,0,1,1,1,WENy2r62eTvYZhPdvZ4CMJHnpFJ37m5L23JYaErzKyD,Receivable NFT Token,,0,0
ComputeBudget111111111111111111111111111111,FqpehzQqmkkiRknRJ5sAByntiMG53VQFvnubiFJQn67w,V1_NFT,1,0,0,0,0,1,1,1,WENy2r62eTvYZhPdvZ4CMJHnpFJ37m5L23JYaErzKyD,Receivable NFT Token,,0,0
ComputeBudget111111111111111111111111111111,FqoV1iBxuk1KkZ4hKDdT9RdG4THj7PGsRp4GF1siE5Gs,V1_NFT,1,0,0,0,0,1,1,1,7N622kXb2iejwohufV5ihSB49WcMiQEq9wcTkf5CrNsv,iphone top,,0,0
ComputeBudget111111111111111111111111111111,FfZw8VfJsua6Ve5FCnY9h7SjWmsTf2RzJdY55ubu6cfp,V1_NFT,1,0,0,0,0,0,1,0,,Sollet v2.0,SOLLET,0,0
ComputeBudget111111111111111111111111111111,FY8RjhW1Gia1aRK2rJVLnvYS7TKvkEywXWqYNSNZcYe1,V1_NFT,1,0,0,0,0,1,1,1,WENy2r62eTvYZhPdvZ4CMJHnpFJ37m5L23JYaErzKyD,Receivable NFT Token,,0,0
ComputeBudget111111111111111111111111111111,FSqQMp7TU5j4q3SR9vCZAiBvdX9LPmjxKG9RbWa5HCKQ,V1_NFT,1,0,0,0,0,1,1,1,WENy2r62eTvYZhPdvZ4CMJHnpFJ37m5L23JYaErzKyD,Receivable NFT Token,,0,0
ComputeBudget111111111111111111111111111111,FNtZ4o6NsoxpKNMXBXJXR7aZ7gvgnJpLB2PRCpzPi5JW,V1_NFT,1,0,0,0,0,0,1,0,,daddy-coin.net - FREE $DADDY,DADDY,0,0
ComputeBudget111111111111111111111111111111,FKDVfiuByJoCuJjrsRSAmEaD1GnJc2XXhHa867RQH7QT,V1_NFT,1,0,0,0,0,0,1,0,,Wolfies,WOLF,0,0
ComputeBudget111111111111111111111111111111,FJ3YVrAUrkpWoL9rwmQDkiccH4MFUgfrLtzbP23rVPnS,V1_NFT,1,0,0,0,0,1,1,1,WENy2r62eTvYZhPdvZ4CMJHnpFJ37m5L23JYaErzKyD,Receivable NFT Token,,0,0
ComputeBudget111111111111111111111111111111,EsfN1ZmkoVeJk57PWbTZuQr1jQe6b4HrtYeR9FM7KWL4,V1_NFT,1,0,0,0,0,0,1,0,,GIFT #6231,$ME,0,0
ComputeBudget111111111111111111111111111111,Er8gSZyLLdBD53kZ9V7LmQnJbV3sRgay4cMhNtnr2wFW,V1_NFT,1,0,0,0,0,1,1,1,WENy2r62eTvYZhPdvZ4CMJHnpFJ37m5L23JYaErzKyD,Receivable NFT Token,,0,0
ComputeBudget111111111111111111111111111111,EmnsWDejgt1Psmp5D1kpn8jS4W1v5c8e4eM61gq4cp6m,V1_NFT,1,0,0,0,0,1,1,1,WENy2r62eTvYZhPdvZ4CMJHnpFJ37m5L23JYaErzKyD,Receivable NFT Token,,0,0
ComputeBudget111111111111111111111111111111,EjQJtvBdfBLhv1x92yLjwxU2dj7pdpZ2dAg65B5DiMHV,V1_NFT,1,0,0,0,0,1,1,1,WENy2r62eTvYZhPdvZ4CMJHnpFJ37m5L23JYaErzKyD,Receivable NFT Token,,0,0
ComputeBudget111111111111111111111111111111,EaQ4tRh9sz8eQVHNsBwWBn54c8vH65YSSFXM5rMRuset,V1_NFT,1,0,0,0,0,1,1,1,WENy2r62eTvYZhPdvZ4CMJHnpFJ37m5L23JYaErzKyD,Receivable NFT Token,,0,0
ComputeBudget111111111111111111111111111111,EViKnAT9afLaPe2Jab9Aj2GNH1XyRXvHdQda8RfBwYdL,V1_NFT,1,0,0,0,0,1,1,1,WENy2r62eTvYZhPdvZ4CMJHnpFJ37m5L23JYaErzKyD,Receivable NFT Token,,0,0
ComputeBudget111111111111111111111111111111,ETXhEQmpKjqcn8UxpmNBrqndtRZAuGFz2MtWneJ2E5A7,V1_NFT,1,0,0,0,0,1,1,0,FBj7aDrtueptCtcUQhQhDgBABtgrE5wjWeWeHnhtQKbb,YUS NFT #3521,,0,0
ComputeBudget111111111111111111111111111111,ERJqbtqdi9heCSZRxALAsAisPjfNyharEaD1PL4mMuih,FungibleToken,1,0,0,9,999930904780295155,0,0,0,3ht8GRNJJaMjLzyqywFRdPp34JzAkU9p9ssj4AZ7LNPz,SLINKY,SLINKY,0,0
ComputeBudget111111111111111111111111111111,EPjFWdd5AufqSSqeM2qN1xzybapC8G4wEGGkZwyTDt1v,FungibleToken,1,0,0,6,8716869904380935,1,0,0,,USD Coin,USDC,0,0
ComputeBudget111111111111111111111111111111,ELhrTe59q3pwZTpGnavUaZfsCiorLXbhh3GSjdusp3cT,V1_NFT,1,0,0,0,0,1,1,1,WENy2r62eTvYZhPdvZ4CMJHnpFJ37m5L23JYaErzKyD,Receivable NFT Token,,0,0
ComputeBudget111111111111111111111111111111,EFdDCiQkEDtJMUEiJGrtd6CcLKeTvDQddjeyVBq1MJwi,V1_NFT,1,0,0,0,0,1,1,1,WENy2r62eTvYZhPdvZ4CMJHnpFJ37m5L23JYaErzKyD,Receivable NFT Token,,0,0
ComputeBudget111111111111111111111111111111,EEo2eUvzR9Wj8RvgzdswRaz5tbtf5s7xEmkHXJjb7tZQ,V1_NFT,1,0,0,0,0,1,1,0,FBj7aDrtueptCtcUQhQhDgBABtgrE5wjWeWeHnhtQKbb,YUS NFT #3521,,0,0
ComputeBudget111111111111111111111111111111,E7xTw5EXoi2bvou2uRnX7UX5R9QhDoMKMumgmucPRyqU,V1_NFT,1,0,0,0,0,0,1,0,,Sollet v2.0,SOLLET,0,0
ComputeBudget111111111111111111111111111111,DpvVjBfZxaG77UPXvHKSNBghBbkcKyT5xaJCjPgbLk3Z,V1_NFT,1,0,0,0,0,1,1,1,WENy2r62eTvYZhPdvZ4CMJHnpFJ37m5L23JYaErzKyD,Receivable NFT Token,,0,0
ComputeBudget111111111111111111111111111111,DjhPUahG33SvUmepnDi5m5ssq7wH88JXrAWxChE19TDS,V1_NFT,1,0,0,0,0,1,1,1,WENy2r62eTvYZhPdvZ4CMJHnpFJ37m5L23JYaErzKyD,Receivable NFT Token,,0,0
ComputeBudget111111111111111111111111111111,DV29Ye5iXGGFYXUrLytAi3ASjL3aKG4j3iexFyqMBucb,V1_NFT,1,0,0,0,0,1,1,0,FBj7aDrtueptCtcUQhQhDgBABtgrE5wjWeWeHnhtQKbb,YUS NFT #3521,,0,0
ComputeBudget111111111111111111111111111111,DS7N2jEnwDiBXtWtQGmeHwxN56bzoYCUU2BcD19EuYYe,V1_NFT,1,0,0,0,0,1,1,1,WENy2r62eTvYZhPdvZ4CMJHnpFJ37m5L23JYaErzKyD,Receivable NFT Token,,0,0
ComputeBudget111111111111111111111111111111,DQn1y2Kte8jb4kCQVxGW6rx4bfvAd35da8rRksriPv63,V1_NFT,1,0,0,0,0,1,1,1,WENy2r62eTvYZhPdvZ4CMJHnpFJ37m5L23JYaErzKyD,Receivable NFT Token,,0,0
ComputeBudget111111111111111111111111111111,D7vzAcU3LvfXTkqqqCv7doAJ4Ji6oun5sHUHWPmscNAU,V1_NFT,1,0,0,0,0,1,1,1,WENy2r62eTvYZhPdvZ4CMJHnpFJ37m5L23JYaErzKyD,Receivable NFT Token,,0,0
ComputeBudget111111111111111111111111111111,D5n3oVQoGDC37vtUeLZ3kQuHeggjoTGqbVoFqZapFNod,FungibleToken,1,0,0,6,874658425848967,1,0,0,CsVJUK2PozfxaZmTYkAWmf1ny5cHWfgXWaeVk3PcKgk6,Kixxshi AI,Kixxshi,0,0
ComputeBudget111111111111111111111111111111,CiLiA9WYhA3jcdEVp1S5kWVyfHRFwA15ebPgKQf5FANj,V1_NFT,1,0,0,0,0,1,1,1,WENy2r62eTvYZhPdvZ4CMJHnpFJ37m5L23JYaErzKyD,Receivable NFT Token,,0,0
ComputeBudget111111111111111111111111111111,CgqACobdFGfyUmVcbGQRY3xsJ8SbJ8BAndAVrUTbYAjQ,V1_NFT,1,0,0,0,0,1,1,1,WENy2r62eTvYZhPdvZ4CMJHnpFJ37m5L23JYaErzKyD,Receivable NFT Token,,0,0
ComputeBudget111111111111111111111111111111,CbJZhdx6k1QAdXFc9TK4CQyKjmxt78qX752mbcbGHufe,V1_NFT,1,0,0,0,0,1,1,1,WENy2r62eTvYZhPdvZ4CMJHnpFJ37m5L23JYaErzKyD,Receivable NFT Token,,0,0
ComputeBudget111111111111111111111111111111,CADVkZ5QkPDKxM3aUMiKrbsBDPinxVcV4NXdJQrQjPVF,FungibleToken,1,0,0,6,999961788899242,0,0,0,2CgaqKn8e6LG871aoBJWV98uRMjvheAY5L7Me9EJW5av,Nothing,VOID,0,0
ComputeBudget111111111111111111111111111111,C8QVq8npmn5yY7S7Uhhc5xAGkr7BVZseJPJqVb2jjrhR,V1_NFT,1,0,0,0,0,1,1,1,WENy2r62eTvYZhPdvZ4CMJHnpFJ37m5L23JYaErzKyD,Receivable NFT Token,,0,0
ComputeBudget111111111111111111111111111111,BunwnmydNdjTH6ykLTR7foYfB9yKwnLhBa3qBShhFrmY,V1_NFT,1,0,0,0,0,1,1,0,FBj7aDrtueptCtcUQhQhDgBABtgrE5wjWeWeHnhtQKbb,YUS NFT #3521,,0,0
ComputeBudget111111111111111111111111111111,BjTCyg53MqLss5gJsWYuUpXot8Ez2FNe44sLyPFFmqtw,V1_NFT,1,0,0,0,0,0,1,0,,daddy-coin.net - FREE $DADDY,DADDY,0,0
ComputeBudget111111111111111111111111111111,BiS2MxzpJ4iWwvMAsq4Jj4JwDZEBF8HEEpPygviwFdfg,V1_NFT,1,0,0,0,0,1,1,1,WENy2r62eTvYZhPdvZ4CMJHnpFJ37m5L23JYaErzKyD,Receivable NFT Token,,0,0
ComputeBudget111111111111111111111111111111,BconJpMnmBusgGSdF2fiiTC5wFtNAxLcVB5HnvTEFMyc,V1_NFT,1,0,0,0,0,0,1,0,,Sollet v2.0,SOLLET,0,0
ComputeBudget111111111111111111111111111111,BXd7GnodspS5yM8At7qCg74xyJarCfN9c5ndGBZzAFuX,V1_NFT,1,0,0,0,0,1,1,1,WENy2r62eTvYZhPdvZ4CMJHnpFJ37m5L23JYaErzKyD,Receivable NFT Token,,0,0
ComputeBudget111111111111111111111111111111,BPjbCaKjd3TH85YFJMi3Jxt9Dcu11m2i8G6JQcKaWKKi,V1_NFT,1,0,0,0,0,1,1,1,WENy2r62eTvYZhPdvZ4CMJHnpFJ37m5L23JYaErzKyD,Receivable NFT Token,,0,0
ComputeBudget111111111111111111111111111111,BG3bzUprN9dQmJgan5osssViH6xKBDYByyzgUZM2gyBm,V1_NFT,1,0,0,0,0,1,1,1,WENy2r62eTvYZhPdvZ4CMJHnpFJ37m5L23JYaErzKyD,Receivable NFT Token,,0,0
ComputeBudget111111111111111111111111111111,B6wC68ursUFG69LBQEwTXr2ky2jqpiivhdipSox1uAL8,V1_NFT,1,0,0,0,0,1,1,1,WENy2r62eTvYZhPdvZ4CMJHnpFJ37m5L23JYaErzKyD,Receivable NFT Token,,0,0
ComputeBudget111111111111111111111111111111,B4py17NQNGuSnxLjfDHBwtZA7QC5U4cUQvM12kioMdWn,V1_NFT,1,0,0,0,0,1,1,1,WENy2r62eTvYZhPdvZ4CMJHnpFJ37m5L23JYaErzKyD,Receivable NFT Token,,0,0
ComputeBudget111111111111111111111111111111,B4pPKP6Fo88AdxiNCtSoXPP3Q2fHuy9nZNC8YeBWFqvF,V1_NFT,1,0,0,0,0,0,1,0,,Engineer #2512,,0,0
ComputeBudget111111111111111111111111111111,B3cZrAPTq7NM2jL84UPmgQMwbcjGmLLVeXszh2CsRmA5,V1_NFT,1,0,0,0,0,1,1,1,WENy2r62eTvYZhPdvZ4CMJHnpFJ37m5L23JYaErzKyD,Receivable NFT Token,,0,0
ComputeBudget111111111111111111111111111111,AqWNoqFLetehXAsyxDEVKJxoK5RfLbuo7ewb6V5mBbuV,V1_NFT,1,0,0,0,0,0,1,0,,2400JUP Lucky Crate,JUP,0,0
ComputeBudget111111111111111111111111111111,AoyF77yMGAcVWrFUu4nicFnBKEoG9AUHHbyV2JcdEnfD,V1_NFT,1,0,0,0,0,1,1,1,WENy2r62eTvYZhPdvZ4CMJHnpFJ37m5L23JYaErzKyD,Receivable NFT Token,,0,0
ComputeBudget111111111111111111111111111111,AinY3DC7sUQWajx9GMa4GPc2tXpek4TwYdYd3eZqdBcH,V1_NFT,1,0,0,0,0,1,1,1,WENy2r62eTvYZhPdvZ4CMJHnpFJ37m5L23JYaErzKyD,Receivable NFT Token,,0,0
ComputeBudget111111111111111111111111111111,Ag3WeJjXK2Cm37ZMcUTwqeLrFSfXGUGSFDKbm3fF3Aba,V1_NFT,1,0,0,0,0,1,1,1,WENy2r62eTvYZhPdvZ4CMJHnpFJ37m5L23JYaErzKyD,Receivable NFT Token,,0,0
ComputeBudget111111111111111111111111111111,AdJFvZCPq6pVLLGqpQhKafnPva6i56W7Xc7MxkHkEk3H,V1_NFT,1,0,0,0,0,1,1,1,WENy2r62eTvYZhPdvZ4CMJHnpFJ37m5L23JYaErzKyD,Receivable NFT Token,,0,0
ComputeBudget111111111111111111111111111111,ANFFbTRmpztWmDJki2wcr4UxY6YNoNQMJc4Lw7Mg8FQb,V1_NFT,1,0,0,0,0,0,1,0,,Sollet v2.0,SOLLET,0,0
ComputeBudget111111111111111111111111111111,AMVn3aLBHqaCWJcAATE85AnW59YJbzoK6aiTHX3K6XHh,V1_NFT,1,0,0,0,0,1,1,1,WENy2r62eTvYZhPdvZ4CMJHnpFJ37m5L23JYaErzKyD,Receivable NFT Token,,0,0
ComputeBudget111111111111111111111111111111,ALXrEpkNpbHw8WgtVMnk9cKKpESRXENRZmcHEA7aCRvc,V1_NFT,1,0,0,0,0,1,1,1,WENy2r62eTvYZhPdvZ4CMJHnpFJ37m5L23JYaErzKyD,Receivable NFT Token,,0,0
ComputeBudget111111111111111111111111111111,A1VGUQFrV7MSmyrVMewRQn7cCBnZSB5Hxp8pB9VjR5Zu,V1_NFT,1,0,0,0,0,0,1,0,,Sollet v2.0,SOLLET,0,0
ComputeBudget111111111111111111111111111111,9yPAZc5D4YckxRwZScqzDmQVTXFVDqHvArXHCafQ9Gi8,V1_NFT,1,0,0,0,0,1,1,1,WENy2r62eTvYZhPdvZ4CMJHnpFJ37m5L23JYaErzKyD,Receivable NFT Token,,0,0
ComputeBudget111111111111111111111111111111,9uQBe3TW2HqCzaJrWnjFnE32cDNuthApG4tgar5WBJXT,V1_NFT,1,0,0,0,0,0,1,0,,Sollet v2.0,SOLLET,0,0
ComputeBudget111111111111111111111111111111,9tzZzEHsKnwFL1A3DyFJwj36KnZj3gZ7g4srWp9YTEoh,FungibleToken,0,0,1,6,554374182756580,1,0,0,,,,0,0
ComputeBudget111111111111111111111111111111,9twauLhqixxMtasb3PkhzKZWspUwJbJrdDP8crTAsbMX,FungibleToken,1,0,0,6,100000000000000,0,0,0,47a5r7C5uzx9KzYARawNr81kBfN7AmXcZdiVCtMUUKeS,USDB,USDB,0,0
ComputeBudget111111111111111111111111111111,9NsZmHTaJgPcb2Pe9LsZa9EHxgfSWMaEnhDeGaPg91eb,V1_NFT,1,0,0,0,0,0,1,0,,Sollet v2.0,SOLLET,0,0
ComputeBudget111111111111111111111111111111,9ARFiaQeQHoFa6W9Ga7fEg32cLCu3vGszKHoFUQJ8Fmi,V1_NFT,1,0,0,0,0,1,1,1,WENy2r62eTvYZhPdvZ4CMJHnpFJ37m5L23JYaErzKyD,Receivable NFT Token,,0,0
ComputeBudget111111111111111111111111111111,967gc3gbyZBnJhThesmS97rC8qdj4cLkEFqvLk4vqPzt,V1_NFT,1,0,0,0,0,1,1,1,WENy2r62eTvYZhPdvZ4CMJHnpFJ37m5L23JYaErzKyD,Receivable NFT Token,,0,0
ComputeBudget111111111111111111111111111111,94pN6NknUigMNBee3YkGhr9PvuQPDk7NPmjcwTBHf6hS,V1_NFT,1,0,0,0,0,1,1,0,,MAD,,0,0
ComputeBudget111111111111111111111111111111,8zGhcNAwg7efgm3cRyVAphSePe966rrw5gwsrEzbwzvr,V1_NFT,1,0,0,0,0,0,1,0,,BOX#140,BOX,0,0
ComputeBudget111111111111111111111111111111,8reDmMAjabo8WHVh3nJ7JQmc2yYywkNcGN18PJQigMNE,V1_NFT,1,0,0,0,0,1,1,1,WENy2r62eTvYZhPdvZ4CMJHnpFJ37m5L23JYaErzKyD,Receivable NFT Token,,0,0
ComputeBudget111111111111111111111111111111,8iRCjVDQq5LUc3uV4dhzMzSA4Su8QvStUPasGLoZd4YP,V1_NFT,1,0,0,0,0,1,1,1,WENy2r62eTvYZhPdvZ4CMJHnpFJ37m5L23JYaErzKyD,Receivable NFT Token,,0,0
ComputeBudget111111111111111111111111111111,8ac2oTxXsQmtzDQvpb2K7CoSPWmZkhUypouHKtc5chBe,V1_NFT,1,0,0,0,0,1,1,1,WENy2r62eTvYZhPdvZ4CMJHnpFJ37m5L23JYaErzKyD,Receivable NFT Token,,0,0
ComputeBudget111111111111111111111111111111,8ZfE8W1QFJGwVm6LSWby3HFyeuzmUBzoBsrb1uh8km5u,V1_NFT,1,0,0,0,0,1,1,1,WENy2r62eTvYZhPdvZ4CMJHnpFJ37m5L23JYaErzKyD,Receivable NFT Token,,0,0
ComputeBudget111111111111111111111111111111,8BvqJkDoF77HrF3Suu7XCWLPBL2EDN2BvUy3HjdV5V9s,V1_NFT,1,0,0,0,0,1,1,1,WENy2r62eTvYZhPdvZ4CMJHnpFJ37m5L23JYaErzKyD,Receivable NFT Token,,0,0
ComputeBudget111111111111111111111111111111,88xzduXyuDpwnbYK73tTbEbxx6qnvGGRD73VbHeEeXEb,V1_NFT,1,0,0,0,0,1,1,1,WENy2r62eTvYZhPdvZ4CMJHnpFJ37m5L23JYaErzKyD,Receivable NFT Token,,0,0
ComputeBudget111111111111111111111111111111,87yJ9uvt5iZFVPxBwhfFvvzoU5LtoFzYVCifeMyJKB6V,V1_NFT,1,0,0,0,0,0,1,0,,Sollet v2.0,SOLLET,0,0
ComputeBudget111111111111111111111111111111,84onSPSEuKpVr5F4AL6M8sRD4fnqiDG8fo7tMV44EXqS,V1_NFT,1,0,0,0,0,1,1,1,WENy2r62eTvYZhPdvZ4CMJHnpFJ37m5L23JYaErzKyD,Receivable NFT Token,,0,0
ComputeBudget111111111111111111111111111111,7xU7rEfZHFrFJggPvKAPKqxFvpdRESJLCNsKRwdW82D6,V1_NFT,1,0,0,0,0,1,1,1,WENy2r62eTvYZhPdvZ4CMJHnpFJ37m5L23JYaErzKyD,Receivable NFT Token,,0,0
ComputeBudget111111111111111111111111111111,7kSZS11hdWAj2cmyK49AMdN3FdbY8vnU1YsEKdLppump,FungibleToken,1,0,0,6,994032734916189,0,0,0,,MonetaAI,MONETA,0,0
ComputeBudget111111111111111111111111111111,7fUjrvEe5ddMPj57uhPj7PKEN8DUKYzUYCJihSovzbxR,V1_NFT,1,0,0,0,0,1,1,1,WENy2r62eTvYZhPdvZ4CMJHnpFJ37m5L23JYaErzKyD,Receivable NFT Token,,0,0
ComputeBudget111111111111111111111111111111,7aVCCG1kvr8GqjtgGpgzNKjKnQdSVDDnfJmFX5ckr3sL,V1_NFT,1,0,0,0,0,1,1,1,WENy2r62eTvYZhPdvZ4CMJHnpFJ37m5L23JYaErzKyD,Receivable NFT Token,,0,0
ComputeBudget111111111111111111111111111111,7Zan6d3BZ7M499xXVGg4iRKsEhNyg1wAApzKUEfbgFia,V1_NFT,1,0,0,0,0,1,1,1,WENy2r62eTvYZhPdvZ4CMJHnpFJ37m5L23JYaErzKyD,Receivable NFT Token,,0,0
ATokenGPvbdGVxr1b2hvZbsiqW5xWH25efTNsLJA8knL,HtW9mASvMEZg2kBx41en2acRAsP71GKZf6sNawiG3mon,V1_NFT,1,0,0,0,0,1,1,1,WENy2r62eTvYZhPdvZ4CMJHnpFJ37m5L23JYaErzKyD,Receivable NFT Token,,0,0
ATokenGPvbdGVxr1b2hvZbsiqW5xWH25efTNsLJA8knL,HhQXYYmUJjs9SkKkdb3vUmLnfKnP3jhfX6A7pDyYNkaV,V1_NFT,1,0,0,0,0,1,1,0,FBj7aDrtueptCtcUQhQhDgBABtgrE5wjWeWeHnhtQKbb,YUS NFT #3521,,0,0
ATokenGPvbdGVxr1b2hvZbsiqW5xWH25efTNsLJA8knL,HbiAG7RBBtNdCmt4L1bAf8YDpshZqfyqybC7dAE2n9X9,V1_NFT,1,0,0,0,0,0,1,0,,Behaviour #3402,,0,0
ATokenGPvbdGVxr1b2hvZbsiqW5xWH25efTNsLJA8knL,HUKQ2mXYpy56rxQVbrL9Ja4Gzu6CnZA5m8TvG7UrbVLv,FungibleToken,1,0,0,6,8513601522501601,1,0,0,,Official Elon Coin,ELON,0,0
ATokenGPvbdGVxr1b2hvZbsiqW5xWH25efTNsLJA8knL,HNCt3cqjQmNuy5YiDKzBSDsYnmGp8ZSSUYWP3MbMucE1,FungibleToken,0,0,0,9,999966887481807763,1,0,0,,Yield bite,YBT,0,0
ATokenGPvbdGVxr1b2hvZbsiqW5xWH25efTNsLJA8knL,HJsBoRm9YUa4f65HsLs7fHWZzeiqGb6WSY5Kv7PLPv18,V1_NFT,1,0,0,0,0,0,1,0,,2400JUP Lucky Crate,JUP,0,0
ATokenGPvbdGVxr1b2hvZbsiqW5xWH25efTNsLJA8knL,Giqnz8ZaM8ytCkudXDwbWbhLFRHTHi8unZPQaJGryJ1d,V1_NFT,1,0,0,0,0,0,1,0,,daddy-coin.net - FREE $DADDY,DADDY,0,0
ATokenGPvbdGVxr1b2hvZbsiqW5xWH25efTNsLJA8knL,Gevfii6fRSAShMfnmC2JaYgBLi7BvA1j4LEfAb14YFpc,FungibleToken,1,0,0,6,98521428795257158,0,0,0,,Anoma,XAN,0,0
ATokenGPvbdGVxr1b2hvZbsiqW5xWH25efTNsLJA8knL,GeS9XSyBmdErsodtG6RcG1zBF2ZC1Aey9G9rW2hEpump,FungibleToken,1,0,0,6,999682619869123,0,0,1,5VNEWQx95aP2NSjvqKMzydhsJ7Dq9x32hD52VgR1YjEq,EB SOL,$EB,0,0
ATokenGPvbdGVxr1b2hvZbsiqW5xWH25efTNsLJA8knL,Gai7DvdBKfHX4Fy4qp1hi8zk9j91WWFNeqSxR6VLntyX,FungibleToken,1,0,0,6,999222129941264,1,0,0,,SoupBone,SOBO,0,0
ATokenGPvbdGVxr1b2hvZbsiqW5xWH25efTNsLJA8knL,GUACAwFcHeHgN6FWhcw5Uwt8r9YHF1x66NWkW8fLT2e6,FungibleToken,0,0,0,5,17748427682363760607,1,0,0,,Solana Power Boost,GUACA,0,0
ATokenGPvbdGVxr1b2hvZbsiqW5xWH25efTNsLJA8knL,GQjD9TzLzRvPSJe11dR9oPEzczjRtFMGYdw6mduMpwhv,V1_NFT,1,0,0,0,0,0,1,0,,SAGA.PROMO AIRDROP PASS,SAGAPSS,0,0
ATokenGPvbdGVxr1b2hvZbsiqW5xWH25efTNsLJA8knL,GJrs1iWvupE1TJhFbUYAjddT3EXuqJ9psrsrrx8xHC9E,V1_NFT,1,0,0,0,0,0,1,0,,1,2,0,0
ATokenGPvbdGVxr1b2hvZbsiqW5xWH25efTNsLJA8knL,GHddDMgrrqKovDvrsJEAEZU7FPHREHcaadLjfzGDQGP4,V1_NFT,1,0,0,0,0,1,1,1,DD1Ypok8YVKeZ3FFR9hqp6Tu9qEfmjVY2EkVGNqFme4U,MEVSOL.COM,,0,0
ATokenGPvbdGVxr1b2hvZbsiqW5xWH25efTNsLJA8knL,FqSFsixbhyNFrJWuoaYBLs3q8NrobkvwwTpvgnQYrZJX,V1_NFT,1,0,0,0,0,1,1,1,DD1Ypok8YVKeZ3FFR9hqp6Tu9qEfmjVY2EkVGNqFme4U,MEVSOL.COM,,0,0
ATokenGPvbdGVxr1b2hvZbsiqW5xWH25efTNsLJA8knL,Ff38JdWHYFqcfM8yUaSsfqCFSCXec3Gq4hNuNuz3xQKy,V1_NFT,1,0,0,0,0,0,1,0,3RgJhemuczNNmxe4NC9NvPdxQuoYG4V8Zw3SKBEzWR2u,DING!,DING,0,0
ATokenGPvbdGVxr1b2hvZbsiqW5xWH25efTNsLJA8knL,FVhPXG2fJF6s4TK2yBuHZ5WKmAydbKw2xD24jJuD3QZJ,V1_NFT,1,0,0,0,0,1,1,1,WENy2r62eTvYZhPdvZ4CMJHnpFJ37m5L23JYaErzKyD,Receivable NFT Token,,0,0
ATokenGPvbdGVxr1b2hvZbsiqW5xWH25efTNsLJA8knL,FVAetXENCF5ZWk4MVc2RQAxh8JbLcC4Vmq1iFYYZGmge,FungibleToken,0,0,1,1,17761872071648807090,1,0,0,,,,0,0
ATokenGPvbdGVxr1b2hvZbsiqW5xWH25efTNsLJA8knL,EwZfKHVCxT5XvRDPY5RepEr7WyHPt1ZR3ZM2Sj19Gvd3,V1_NFT,1,0,0,0,0,0,1,0,,Exodia the Forbidden One,EXODIA,0,0
ATokenGPvbdGVxr1b2hvZbsiqW5xWH25efTNsLJA8knL,Es9vMFrzaCERmJfrF4H2FYD4KCoNkY11McCe8BenwNYB,FungibleToken,1,0,0,6,3489909832304241,1,0,0,,USDT,USDT,0,0
ATokenGPvbdGVxr1b2hvZbsiqW5xWH25efTNsLJA8knL,ETMZWJv5kRTqYxDk5Jvr1CrRVsyiK3QzKa1j2WjUza72,V1_NFT,1,0,0,0,0,1,1,0,FBj7aDrtueptCtcUQhQhDgBABtgrE5wjWeWeHnhtQKbb,YUS NFT #3521,,0,0
ATokenGPvbdGVxr1b2hvZbsiqW5xWH25efTNsLJA8knL,EPjFWdd5AufqSSqeM2qN1xzybapC8G4wEGGkZwyTDt1v,FungibleToken,1,0,0,6,8716869904380935,1,0,0,,USD Coin,USDC,0,0
ATokenGPvbdGVxr1b2hvZbsiqW5xWH25efTNsLJA8knL,ELSnGFd5XnSdYFFSgYQp7n89FEbDqxN4npuRLW4PPPLv,FungibleToken,1,0,0,8,2643963583054,1,0,0,,HEX (Wormhole),wHEX,0,0
ATokenGPvbdGVxr1b2hvZbsiqW5xWH25efTNsLJA8knL,E3BNjJCCFZBbZ15Jh6JmEMXFP7z1ubSHLsRvxKyZkgQg,V1_NFT,1,0,0,0,0,0,1,0,,daddy-coin.net - FREE $DADDY,DADDY,0,0
ATokenGPvbdGVxr1b2hvZbsiqW5xWH25efTNsLJA8knL,DezXAZ8z7PnrnRJjz3wXBoRgixCa6xjnB7YaB1pPB263,FungibleToken,1,0,0,5,8799474291340885249,1,0,0,,Bonk,Bonk,0,0
ATokenGPvbdGVxr1b2hvZbsiqW5xWH25efTNsLJA8knL,DMGbJVLumsHqWJqiwn8AFhRjqbsSwsoVYmoHv1wcjcse,V1_NFT,1,0,0,0,0,1,1,1,DD1Ypok8YVKeZ3FFR9hqp6Tu9qEfmjVY2EkVGNqFme4U,MEVSOL.COM,,0,0
ATokenGPvbdGVxr1b2hvZbsiqW5xWH25efTNsLJA8knL,CubgJRj3brZK2rtuEwNVzYZJ7CKLGYU3ZXAuLUMH5jiF,V1_NFT,1,0,0,0,0,0,1,0,,Exodia the Forbidden One,EXODIA,0,0
ATokenGPvbdGVxr1b2hvZbsiqW5xWH25efTNsLJA8knL,CpwLM4DddM49JS4YenWMCFQTWXsfej4A5kWX1LxPqedW,V1_NFT,1,0,0,0,0,0,1,0,,BOX#140,BOX,0,0
ATokenGPvbdGVxr1b2hvZbsiqW5xWH25efTNsLJA8knL,CohAEwV4z81jtNAuTZiUXU6Db45rdPJ3sdNa7wTBaYmp,V1_NFT,1,0,0,0,0,0,1,0,,daddy-coin.net - FREE $DADDY,DADDY,0,0
ATokenGPvbdGVxr1b2hvZbsiqW5xWH25efTNsLJA8knL,Cn9xtq58Me7LLEYZem3XSW8uEKNzMpt4DwuPY97YcPoh,V1_NFT,1,0,0,0,0,0,1,0,,2400JUP Drop Box JUPUNBOX.com,JNB,0,0
ATokenGPvbdGVxr1b2hvZbsiqW5xWH25efTNsLJA8knL,CkfSfJrj129KBonCBHpu7pC1VVAYwCJqejR2cPy68yZz,V1_NFT,1,0,0,0,0,0,1,0,,Sollet v2.0,SOLLET,0,0
ATokenGPvbdGVxr1b2hvZbsiqW5xWH25efTNsLJA8knL,CfuxDJqdYTo51pp58AyzVEzfwwp7B8Kz4xPxEo1HWkiK,V1_NFT,1,0,0,0,0,1,1,0,8jCbdWzyEfJsjgKj3ua3JJNHKXuvSURvtpC5aE53SMZm,🎁2.0 Jupiter AirDrop,JPD2.0,0,0
ATokenGPvbdGVxr1b2hvZbsiqW5xWH25efTNsLJA8knL,CavbQdhHpRjbwvLskDnNbkF26Z419hFQv535RWU5irsg,V1_NFT,1,0,0,0,0,0,1,0,,Sollet v2.0,SOLLET,0,0
ATokenGPvbdGVxr1b2hvZbsiqW5xWH25efTNsLJA8knL,CZ3BCGdNA6CvFYfZgAt5atQ7c1HwQu2hAGPT1RbavUrs,FungibleToken,1,0,0,6,997412929256910,0,0,0,,BMV,$BMV,0,0
ATokenGPvbdGVxr1b2hvZbsiqW5xWH25efTNsLJA8knL,CLEAR1AqM6Hy412r3Mo9aB7iwmb92YawNZCz9AJhBJVh,FungibleToken,0,0,0,5,4999999611259937,1,0,0,,Clear Coin,CLEAR,0,0
ATokenGPvbdGVxr1b2hvZbsiqW5xWH25efTNsLJA8knL,CETKCZoZoBaTGXoPNJL5vKgLYSCxtXg1JVzL4EviUDKR,V1_NFT,1,0,0,0,0,1,1,1,TyPohvEE2fyxdEZ4MCavxUzY6FqmsN5ZPiV4THqkJiG,Curious NFT Voucher,,0,0
ATokenGPvbdGVxr1b2hvZbsiqW5xWH25efTNsLJA8knL,CCsro22642YiCmWzd1TP3odDHDQ5fuWsjNbJddDafq1s,V1_NFT,1,0,0,0,0,0,1,0,,Nazwa nft,,0,0
ATokenGPvbdGVxr1b2hvZbsiqW5xWH25efTNsLJA8knL,C2JaiWJABDnqHRSMqN8ubX1AtSje1eb4WFene7MqJk4m,V1_NFT,1,0,0,0,0,0,1,0,,Infection #3092,,0,0
ATokenGPvbdGVxr1b2hvZbsiqW5xWH25efTNsLJA8knL,BdChGz9QBvAXXcUz3DYeAM7XLEPgi8Km2un6vWyJ4pG9,V1_NFT,1,0,0,0,0,1,1,0,FBj7aDrtueptCtcUQhQhDgBABtgrE5wjWeWeHnhtQKbb,YUS NFT #3521,,0,0
ATokenGPvbdGVxr1b2hvZbsiqW5xWH25efTNsLJA8knL,BYdxrskh1HfVfvAd8a9aAjoLAU6Bo97AgN56gDwqpump,FungibleToken,1,0,0,6,999725897614211,0,0,1,3xAfueAZA5PudwhWpCBfbgaTUovWUXK9auLnkiVhizTq,Antscoin,ANTS,0,0
ATokenGPvbdGVxr1b2hvZbsiqW5xWH25efTNsLJA8knL,BNE2KZJBmruYU4KuiQajhxYZbjkHwsZjffuiHJgk5YQE,V1_NFT,1,0,0,0,0,1,1,1,WENy2r62eTvYZhPdvZ4CMJHnpFJ37m5L23JYaErzKyD,Receivable NFT Token,,0,0
ATokenGPvbdGVxr1b2hvZbsiqW5xWH25efTNsLJA8knL,BFGgvx4KsMm8L3fjZmcvQSqKePE5Dtw8sU844aUFS4AU,V1_NFT,1,0,0,0,0,1,1,1,DD1Ypok8YVKeZ3FFR9hqp6Tu9qEfmjVY2EkVGNqFme4U,MEVSOL.COM,,0,0
ATokenGPvbdGVxr1b2hvZbsiqW5xWH25efTNsLJA8knL,BCCCqR8VW8QdjGj3HJPdt4xxd4sreHavzLdkrrog8YSn,V1_NFT,1,0,0,0,0,1,1,0,FBj7aDrtueptCtcUQhQhDgBABtgrE5wjWeWeHnhtQKbb,YUS NFT #3521,,0,0
ATokenGPvbdGVxr1b2hvZbsiqW5xWH25efTNsLJA8knL,B89Hd5Juz7JP2dxCZXFJWk4tMTcbw7feDhuWGb3kq5qE,FungibleToken,1,0,0,9,999957176578399248,1,0,0,5u9EtSBne6xirwsALrf8hLavLRvUrrAZKNN1cz3P3mVQ,Nodecoin,NC,0,0
ATokenGPvbdGVxr1b2hvZbsiqW5xWH25efTNsLJA8knL,ARnHbHweXnxYKZPriEa8qqYCf64LxQZCsuMwehGsp4xM,V1_NFT,1,0,0,0,0,0,1,0,,Limited Drop,LD,0,0
ATokenGPvbdGVxr1b2hvZbsiqW5xWH25efTNsLJA8knL,AJ2Y6V54Wmro4jJXEMurviJPknUhEhRpJMUbS3RcbzgF,V1_NFT,1,0,0,0,0,0,1,0,,daddy-coin.net - FREE $DADDY,DADDY,0,0
ATokenGPvbdGVxr1b2hvZbsiqW5xWH25efTNsLJA8knL,9n2KeBoDdsdAJevDe7KSBR2RUkVbcCjqSgqqGXU7hS2W,V1_NFT,1,0,0,0,0,0,1,0,,daddy-coin.net - FREE $DADDY,DADDY,0,0
ATokenGPvbdGVxr1b2hvZbsiqW5xWH25efTNsLJA8knL,9kampnjbDm1qcryUKFzjF9AZLDvo4TMc5HpRH1WEsTKm,V1_NFT,1,0,0,0,0,0,1,0,,WOLF,PIXELS,0,0
ATokenGPvbdGVxr1b2hvZbsiqW5xWH25efTNsLJA8knL,9EDXcib3jvLrD5ie2XYNjCiQ1QUPHm2t2X7TdTAK2cpV,V1_NFT,1,0,0,0,0,0,1,0,,Sollet v2.0,SOLLET,0,0
ATokenGPvbdGVxr1b2hvZbsiqW5xWH25efTNsLJA8knL,9CDd1vfmcXYeQ5o1zAJDAYf8D1gZTNJ9f1NAT45KZN2o,V1_NFT,1,0,0,0,0,0,1,0,,daddy-coin.net - FREE $DADDY,DADDY,0,0
ATokenGPvbdGVxr1b2hvZbsiqW5xWH25efTNsLJA8knL,97JbgEYdoKV4bJvD7YnCZVyX6MGkdAhk8wMY6fVcDeii,V1_NFT,1,0,0,0,0,1,1,0,6G9UfJJEgQpNB7rDWoVRHcF93nAShcFu7EwedYkua3PH,🎁8.0 Jupiter AirDrop,Jup8.0,0,0
ATokenGPvbdGVxr1b2hvZbsiqW5xWH25efTNsLJA8knL,8pjCbTNf8LnFSdKxq8h1XtdCGiWspwWLLA7FxUgqqnuc,V1_NFT,1,0,0,0,0,1,1,1,DD1Ypok8YVKeZ3FFR9hqp6Tu9qEfmjVY2EkVGNqFme4U,MEVSOL.COM,,0,0
ATokenGPvbdGVxr1b2hvZbsiqW5xWH25efTNsLJA8knL,8kSp5pUNDPVEXhPGLp23F9gokWenMtEv5J1xXL6m6W4x,V1_NFT,1,0,0,0,0,0,1,0,,daddy-coin.net - FREE $DADDY,DADDY,0,0
ATokenGPvbdGVxr1b2hvZbsiqW5xWH25efTNsLJA8knL,8eUnHcmWddfkbyCisyYP5pNtHzTc7d1GDPFf9vto8Dfj,V1_NFT,1,0,0,0,0,0,1,0,,BOX#140,BOX,0,0
ATokenGPvbdGVxr1b2hvZbsiqW5xWH25efTNsLJA8knL,8XewGMpqGGXUjfm9Q5shntEjPjf6R7n3YtBpkVHGKSiL,FungibleToken,1,0,0,9,14970465764985693428,1,0,0,hbf8CdtgRYN936MJD5EkyGu3TsQDLkaswkbMgrBieX3,Slerf_Tools,SlerfTools,0,0
ATokenGPvbdGVxr1b2hvZbsiqW5xWH25efTNsLJA8knL,8VzACwVr8iRCAzGvsDEX84rj8A9NiVQgjzESfbrxjCMb,FungibleToken,1,0,0,8,993770886866187,1,0,0,8jSW14atCLRZ63HxoA9KW5QBUm8DFQakZbsFipWD8snh,FLAPPY CAT,FLAPPYCAT,0,0
ATokenGPvbdGVxr1b2hvZbsiqW5xWH25efTNsLJA8knL,8KEQ2xX5cFKbCyeNdxVLwbutkCyHjSEtZb5naor1QNsk,V1_NFT,1,0,0,0,0,0,1,0,,Sollet v2.0,SOLLET,0,0
ATokenGPvbdGVxr1b2hvZbsiqW5xWH25efTNsLJA8knL,8Jx8AAHj86wbQgUTjGuj6GTTL5Ps3cqxKRTvpaJApump,FungibleToken,0,0,0,6,999943397793236,1,0,0,,Nietzschean Penguin,PENGUIN,0,0
ATokenGPvbdGVxr1b2hvZbsiqW5xWH25efTNsLJA8knL,8BWhazp8PEBzQ5QSaaczNvEQgjUhxtgFGxKje4UcQAGQ,V1_NFT,1,0,0,0,0,0,1,0,,1,2,0,0
ATokenGPvbdGVxr1b2hvZbsiqW5xWH25efTNsLJA8knL,84J8u4quTPQkiQNcbUEXuGg1sZuFR21B3h1GrDzwSTaz,V1_NFT,1,0,0,0,0,0,1,0,,GIFT #6231,$ME,0,0
ATokenGPvbdGVxr1b2hvZbsiqW5xWH25efTNsLJA8knL,7kzjoJtumxKBjAMw3hpiT1uwRBKdgCxXRtT8VxoHhnZS,V1_NFT,1,0,0,0,0,1,1,1,DD1Ypok8YVKeZ3FFR9hqp6Tu9qEfmjVY2EkVGNqFme4U,MEVSOL.COM,,0,0
ATokenGPvbdGVxr1b2hvZbsiqW5xWH25efTNsLJA8knL,7fpT8T5JN5yDj8QStb11GXhgEoWgdL5cwvRm2p4nC6ao,V1_NFT,1,0,0,0,0,0,1,0,METKfYdkVmT1cHbzmS62GXsXH1E9noaWWAFahnERarj,Redeem #521,MyNFT,0,0
ATokenGPvbdGVxr1b2hvZbsiqW5xWH25efTNsLJA8knL,7atgF8KQo4wJrD5ATGX7t1V2zVvykPJbFfNeVf1icFv1,FungibleToken,1,0,0,2,99992263275696049,0,0,0,,catwifhat,$CWIF,0,0
ATokenGPvbdGVxr1b2hvZbsiqW5xWH25efTNsLJA8knL,7XiHtAu7aqTnhHKCAhyKi3Q92UJ2YTXwTr51u5Xqt7sF,V1_NFT,1,0,0,0,0,1,1,1,DD1Ypok8YVKeZ3FFR9hqp6Tu9qEfmjVY2EkVGNqFme4U,MEVSOL.COM,,0,0
ATokenGPvbdGVxr1b2hvZbsiqW5xWH25efTNsLJA8knL,7BGnXH5PQUXkRTpH6A8PFgmD6K8dWdUKV4Kpn99h1KTD,V1_NFT,1,0,0,0,0,0,1,0,,daddy-coin.net - FREE $DADDY,DADDY,0,0
ATokenGPvbdGVxr1b2hvZbsiqW5xWH25efTNsLJA8knL,7AAaKzDxsAtyvvSs7sKu3yXcq31mbGFvU4EHo2XYmiY7,V1_NFT,1,0,0,0,0,1,1,0,FBj7aDrtueptCtcUQhQhDgBABtgrE5wjWeWeHnhtQKbb,YUS NFT #3521,,0,0
ATokenGPvbdGVxr1b2hvZbsiqW5xWH25efTNsLJA8knL,74z5FYxS6uaHcgbVipkmAUZHMACZxRmcLSL3EvfwDdvS,V1_NFT,1,0,0,0,0,1,1,0,FBj7aDrtueptCtcUQhQhDgBABtgrE5wjWeWeHnhtQKbb,YUS NFT #3521,,0,0
ATokenGPvbdGVxr1b2hvZbsiqW5xWH25efTNsLJA8knL,747128T1cB4KpCVjuB8Vjns3GYzFf2eyGLV9gzTKvHdF,V1_NFT,1,0,0,0,0,1,1,0,FBj7aDrtueptCtcUQhQhDgBABtgrE5wjWeWeHnhtQKbb,YUS NFT #3521,,0,0
ATokenGPvbdGVxr1b2hvZbsiqW5xWH25efTNsLJA8knL,6jyo2aNT6wYbv36Yntk39bDq9vj7NfUMdPUJM9L3wzNn,V1_NFT,1,0,0,0,0,1,1,0,FBj7aDrtueptCtcUQhQhDgBABtgrE5wjWeWeHnhtQKbb,YUS NFT #3521,,0,0
ATokenGPvbdGVxr1b2hvZbsiqW5xWH25efTNsLJA8knL,6hk4zgdk7H79Kvcv6phMcfD7rL2utDgirFrSfbsgJ8md,V1_NFT,1,0,0,0,0,1,1,0,FBj7aDrtueptCtcUQhQhDgBABtgrE5wjWeWeHnhtQKbb,YUS NFT #3521,,0,0
ATokenGPvbdGVxr1b2hvZbsiqW5xWH25efTNsLJA8knL,6edG56MZLmMzpTDkxzLPrXQyoMoJ5Gffe5umaMJzmbaG,V1_NFT,1,0,0,0,0,0,1,0,,Exodia the Forbidden One,EXODIA,0,0
ATokenGPvbdGVxr1b2hvZbsiqW5xWH25efTNsLJA8knL,6QJXm6zbceMdcgfrJh3yY4HX53oABJGWgtvvKMNejpPi,V1_NFT,1,0,0,0,0,1,1,1,7N622kXb2iejwohufV5ihSB49WcMiQEq9wcTkf5CrNsv,full,,0,0
ATokenGPvbdGVxr1b2hvZbsiqW5xWH25efTNsLJA8knL,61WXuQKHseFZGAuZRNPF1AXW4fQ7DQzYvJAbmBzuKqGp,V1_NFT,1,0,0,0,0,1,1,1,WENy2r62eTvYZhPdvZ4CMJHnpFJ37m5L23JYaErzKyD,Receivable NFT Token,,0,0
ATokenGPvbdGVxr1b2hvZbsiqW5xWH25efTNsLJA8knL,5h7DazjhMGya1x7FqjbNcux5bEozyno2Wsvu46T6PSWL,V1_NFT,1,0,0,0,0,1,1,1,7N622kXb2iejwohufV5ihSB49WcMiQEq9wcTkf5CrNsv,super,,0,0
ATokenGPvbdGVxr1b2hvZbsiqW5xWH25efTNsLJA8knL,5fWWgusPbiV79frhZbmWs3YVk7XUhJTYPwCktQyKEHpb,FungibleToken,1,0,0,9,21010120000000,1,0,0,,SOLANA,SOL,0,0
ATokenGPvbdGVxr1b2hvZbsiqW5xWH25efTNsLJA8knL,5S1Q1qSvWqRtivfgHZPsNrWd3tcKdTPph3EnygxpJT4f,V1_NFT,1,0,0,0,0,1,1,0,FBj7aDrtueptCtcUQhQhDgBABtgrE5wjWeWeHnhtQKbb,YUS NFT #3521,,0,0
ATokenGPvbdGVxr1b2hvZbsiqW5xWH25efTNsLJA8knL,4gsGfmcwvd6pPf3JTBiGg6CubRdsMr3XfUY7uTnZGJ8n,V1_NFT,1,0,0,0,0,1,1,1,DD1Ypok8YVKeZ3FFR9hqp6Tu9qEfmjVY2EkVGNqFme4U,$500 FTT,,0,0
ATokenGPvbdGVxr1b2hvZbsiqW5xWH25efTNsLJA8knL,4dBD1rUdM7N6LPFv1aoqWhwKMMugUQyhDZv7tVqoYPdd,V1_NFT,1,0,0,0,0,0,1,0,,daddy-coin.net - FREE $DADDY,DADDY,0,0
ATokenGPvbdGVxr1b2hvZbsiqW5xWH25efTNsLJA8knL,4WwZZSHYb83zWiCeocN5YDZt8Ld1V2EsA3gvsKr3q1BX,V1_NFT,1,0,0,0,0,1,1,0,94podbi4GbKcwm9vdPKVt7ZNyGDoobrC6ANw2sigSvoC,$JBOX #1,$JBOX,0,0
ATokenGPvbdGVxr1b2hvZbsiqW5xWH25efTNsLJA8knL,4DKrVbxq7wyjRR8DAimMHPbFCiXV2YsuivaAJB37pump,FungibleToken,0,0,0,6,987845628426564,1,0,0,,brainrotlabs.fun LLC (meme),BRLFN,0,0
ATokenGPvbdGVxr1b2hvZbsiqW5xWH25efTNsLJA8knL,46Z1AMRTsdin7smaxxFe8cmvPGymVXVpRDd8DWyoNNED,V1_NFT,1,0,1,0,0,1,1,1,PENGyWQqPPsxPNvdvihm9k8Z5qK23RKTkemyC3kfEVT,,,0,0
ATokenGPvbdGVxr1b2hvZbsiqW5xWH25efTNsLJA8knL,34vU7gQEjby2BfoK8H8FsZGPpUvMb2G7LeAKyM6EbzFV,V1_NFT,1,0,0,0,0,1,1,1,DD1Ypok8YVKeZ3FFR9hqp6Tu9qEfmjVY2EkVGNqFme4U,MEVSOL.COM,,0,0
ATokenGPvbdGVxr1b2hvZbsiqW5xWH25efTNsLJA8knL,2kJFJb7EMUZvD1b2QA3JMhWk7aBv4zoudWjF6dsHCstS,V1_NFT,1,0,0,0,0,0,1,0,,daddy-coin.net - FREE $DADDY,DADDY,0,0
ATokenGPvbdGVxr1b2hvZbsiqW5xWH25efTNsLJA8knL,2eazwYnxW72rVdtkbQZT1DvriNMLe5yRPcjWbwXRryNc,V1_NFT,1,0,0,0,0,1,1,1,DD1Ypok8YVKeZ3FFR9hqp6Tu9qEfmjVY2EkVGNqFme4U,MEVSOL.COM,,0,0
ATokenGPvbdGVxr1b2hvZbsiqW5xWH25efTNsLJA8knL,2ahMAxTVpCmSyfcutg5hqYPrX1GUqUse3jKdinwRgrRY,V1_NFT,1,0,0,0,0,1,1,0,FBj7aDrtueptCtcUQhQhDgBABtgrE5wjWeWeHnhtQKbb,YUS NFT #3521,,0,0
ATokenGPvbdGVxr1b2hvZbsiqW5xWH25efTNsLJA8knL,2ShbwQd5cJHaQCq7ZdbAmVYp6AAhMY6vjmzHWQqhBAEF,V1_NFT,1,0,0,0,0,1,1,1,DD1Ypok8YVKeZ3FFR9hqp6Tu9qEfmjVY2EkVGNqFme4U,MEVSOL.COM,,0,0
ATokenGPvbdGVxr1b2hvZbsiqW5xWH25efTNsLJA8knL,2NY4xYMp53fnZQ6TyNhxtT1uhA8NvuRmtARy9JAheB8R,V1_NFT,1,0,0,0,0,0,1,0,,Drop Pass,RPA,0,0
ATokenGPvbdGVxr1b2hvZbsiqW5xWH25efTNsLJA8knL,2KKHhQKsYKDSL7BhGxgu1XEUJx6i4z7UbDQ1thVSrZGX,V1_NFT,1,0,0,0,0,1,1,1,PYAaqaKr89FeE5rdaq1RsW5Ccdpd1u9VtnCymk9Lbt6,Collect Box,,0,0
ATokenGPvbdGVxr1b2hvZbsiqW5xWH25efTNsLJA8knL,2Jh67N93wD3WBxir9vTC7LE246bpZDzeQPKPEc6Cqo4v,FungibleToken,1,0,0,9,250090804691415560,1,0,0,,Wrapped SOL,SOL,0,0
ATokenGPvbdGVxr1b2hvZbsiqW5xWH25efTNsLJA8knL,2A6JjZwGGmF4Cz6MD9Ms9A5CPS4jedw5f1pbQ83hYHvr,V1_NFT,1,0,0,0,0,1,1,1,WENy2r62eTvYZhPdvZ4CMJHnpFJ37m5L23JYaErzKyD,Receivable NFT Token,,0,0
ATokenGPvbdGVxr1b2hvZbsiqW5xWH25efTNsLJA8knL,28PWAzkpcbYVoj7QDct8MZdnHryfrCfMupEKj63ViCdF,V1_NFT,1,0,0,0,0,0,1,0,,daddy-coin.net - FREE $DADDY,DADDY,0,0
ATokenGPvbdGVxr1b2hvZbsiqW5xWH25efTNsLJA8knL,qNaxZUHgzdWnaYxvr9cDwWmtqAkn1jJsTF1QmBjkUuc,V1_NFT,1,0,0,0,0,1,1,1,DD1Ypok8YVKeZ3FFR9hqp6Tu9qEfmjVY2EkVGNqFme4U,MEVSOL.COM,,0,0
ATokenGPvbdGVxr1b2hvZbsiqW5xWH25efTNsLJA8knL,kG914B4LduoKsMtNGFRmStGBikjkKzN6ru5vruNEJhr,V1_NFT,1,0,0,0,0,0,1,0,,Engineer #2512,,0,0
ATokenGPvbdGVxr1b2hvZbsiqW5xWH25efTNsLJA8knL,YZtEwWAkN8aYaVz5p4zHDgcR4G3c3R61wheJUYu3v5t,V1_NFT,1,0,0,0,0,1,1,1,DD1Ypok8YVKeZ3FFR9hqp6Tu9qEfmjVY2EkVGNqFme4U,MEVSOL.COM,,0,0
ATokenGPvbdGVxr1b2hvZbsiqW5xWH25efTNsLJA8knL,VVWAy5U2KFd1p8AdchjUxqaJbZPBeP5vUQRZtAy8hyc,FungibleToken,1,0,0,9,17523226223236357378,1,0,0,,Flip gg | #1 Lootbox Game,Flipgg,0,0
ATokenGPvbdGVxr1b2hvZbsiqW5xWH25efTNsLJA8knL,ELTeZ2g89n7dS6pTrULLZZLwh4xymfSfmxZLLGfSJXM,V1_NFT,1,0,0,0,0,1,1,0,6G9UfJJEgQpNB7rDWoVRHcF93nAShcFu7EwedYkua3PH,🎁2.0 Jupiter AirDrop,Jup2.0,0,0
ATokenGPvbdGVxr1b2hvZbsiqW5xWH25efTNsLJA8knL,DwogSCWiHCuG3C2xSfPEYFe2771VD871umQ28xJQA12,V1_NFT,1,0,0,0,0,1,1,1,DD1Ypok8YVKeZ3FFR9hqp6Tu9qEfmjVY2EkVGNqFme4U,MEVSOL.COM,,0,0
ATokenGPvbdGVxr1b2hvZbsiqW5xWH25efTNsLJA8knL,CFatYgXDBeE9DAFME91hmR8SLN97ZeD6GqGUz9g1oSa,V1_NFT,1,0,0,0,0,0,1,0,,Drop Pass,RPA,0,0
ATokenGPvbdGVxr1b2hvZbsiqW5xWH25efTNsLJA8knL,C4y2eQvG98sLVS8sSTwFBheKUKRqYUTE6PVTJF5pump,FungibleToken,0,0,0,6,999862038572793,1,0,0,,AIDS,AIDS,0,0
ATokenGPvbdGVxr1b2hvZbsiqW5xWH25efTNsLJA8knL,13qJN2TzUkmyuRVy1r6AzhdFNBxwQM7d1azvR5tWSBs8,V1_NFT,1,0,0,0,0,0,1,0,,Exodia the Forbidden One,EXODIA,0,0
metaqbxxUerdq28cj1RbAWkYQm3ybzjb6a8bt518x1s,HxkXAbuk57EVbBSnYfws945TsnGCNuo6ZsfXCKm5MiXU,V1_NFT,1,0,0,0,0,0,1,0,,BOX#140,BOX,0,0
metaqbxxUerdq28cj1RbAWkYQm3ybzjb6a8bt518x1s,HPcJ5yVzByDpiy8SxBBviCuNDCCYFfszQprk4ZBBiFpp,V1_NFT,1,0,0,0,0,1,1,1,TyPohvEE2fyxdEZ4MCavxUzY6FqmsN5ZPiV4THqkJiG,PONKE,,0,0
metaqbxxUerdq28cj1RbAWkYQm3ybzjb6a8bt518x1s,GWzZ6ReYgqnYSrJQ1CoQijZKaQroCU4fz9SkUYgH2wUE,V1_NFT,1,0,0,0,0,0,1,0,,Infection #3092,,0,0
metaqbxxUerdq28cj1RbAWkYQm3ybzjb6a8bt518x1s,Fs6oZiGk8pNx6qGxAjuD6KinuW7jCJnfzLXkpDZcnMpA,V1_NFT,1,0,0,0,0,1,1,1,WENy2r62eTvYZhPdvZ4CMJHnpFJ37m5L23JYaErzKyD,Receivable NFT Token,,0,0
metaqbxxUerdq28cj1RbAWkYQm3ybzjb6a8bt518x1s,FRQ1gTUJ1CMeoCktJQY6UExP85wMVFerVBEwScjXomsi,V1_NFT,1,0,0,0,0,1,1,0,8jCbdWzyEfJsjgKj3ua3JJNHKXuvSURvtpC5aE53SMZm,🎁2.0 Jupiter AirDrop,JPD2.0,0,0
metaqbxxUerdq28cj1RbAWkYQm3ybzjb6a8bt518x1s,EqtJgzhkFhct7uvusMEMD177AzjzUn2be6NGFX7ac2zo,V1_NFT,1,0,0,0,0,1,1,1,WENy2r62eTvYZhPdvZ4CMJHnpFJ37m5L23JYaErzKyD,Receivable NFT Token,,0,0
metaqbxxUerdq28cj1RbAWkYQm3ybzjb6a8bt518x1s,EW3i3WgqSzs2YEyuFZS1doTWmYeDZE7owb9Q6wHKiBL9,V1_NFT,1,0,0,0,0,0,1,0,,daddy-coin.net - FREE $DADDY,DADDY,0,0
metaqbxxUerdq28cj1RbAWkYQm3ybzjb6a8bt518x1s,DmQ3asRbzbyw8XtWooJGUuTcWHgP5iw3GX2DY9DCzqf5,V1_NFT,1,0,0,0,0,0,1,0,,daddy-coin.net - FREE $DADDY,DADDY,0,0
metaqbxxUerdq28cj1RbAWkYQm3ybzjb6a8bt518x1s,DaYRnccz6yvPZDWxtrQ5sMAekA68ome5oABfrhgQWERK,V1_NFT,1,0,0,0,0,0,1,0,,2400JUP Lucky Crate,JUP,0,0
metaqbxxUerdq28cj1RbAWkYQm3ybzjb6a8bt518x1s,DAtXzNbhYknm1Sux7zvNXBq9CwaFwLm6eWmFYL5D7VbU,V1_NFT,1,0,0,0,0,1,1,1,TyPohvEE2fyxdEZ4MCavxUzY6FqmsN5ZPiV4THqkJiG,PONKE ART #1,,0,0
metaqbxxUerdq28cj1RbAWkYQm3ybzjb6a8bt518x1s,Bio6jZPLtMKMJQLzkf9yp5m12MFR3P1yMz98XBruCgJ3,V1_NFT,1,0,0,0,0,0,1,0,,daddy-coin.net - FREE $DADDY,DADDY,0,0
metaqbxxUerdq28cj1RbAWkYQm3ybzjb6a8bt518x1s,BZ9ubgTioT8zDFSKWYYGJ3sKPZ9ufa3AGSqCtjXUuv76,V1_NFT,1,0,0,0,0,1,1,1,WENy2r62eTvYZhPdvZ4CMJHnpFJ37m5L23JYaErzKyD,Receivable NFT Token,,0,0
metaqbxxUerdq28cj1RbAWkYQm3ybzjb6a8bt518x1s,BYdxrskh1HfVfvAd8a9aAjoLAU6Bo97AgN56gDwqpump,FungibleToken,1,0,0,6,999725897614211,0,0,1,3xAfueAZA5PudwhWpCBfbgaTUovWUXK9auLnkiVhizTq,Antscoin,ANTS,0,0
metaqbxxUerdq28cj1RbAWkYQm3ybzjb6a8bt518x1s,BNd1pmZHjYv6XRHURqA1kEgHVNouLgPDrSosMU1EimYt,V1_NFT,1,0,0,0,0,0,1,0,,daddy-coin.net - FREE $DADDY,DADDY,0,0
metaqbxxUerdq28cj1RbAWkYQm3ybzjb6a8bt518x1s,Aouzw5KrTdnTiHmHTXvoXBxsCgP8jWzEobAguY4fKjSD,V1_NFT,1,0,0,0,0,1,1,1,WENy2r62eTvYZhPdvZ4CMJHnpFJ37m5L23JYaErzKyD,Receivable NFT Token,,0,0
metaqbxxUerdq28cj1RbAWkYQm3ybzjb6a8bt518x1s,AEHrpBxHds8hxLbg6YM1b2TxmFG6N9NXtwiJdT8qrcYB,FungibleToken,1,0,0,6,10000000000000,0,0,0,CxJFkiqWbutKwxtUUNvq5QYFTtSwCvS2zvx3S1bGGzXr,Sol TRX,T𝖱X,0,0
metaqbxxUerdq28cj1RbAWkYQm3ybzjb6a8bt518x1s,9LqyVA6D2MddEnqAR8vq4cWiH7tqtpzzNVSVtkKL5GN9,V1_NFT,1,0,0,0,0,0,1,0,,sollet.quests,Sollet,0,0
metaqbxxUerdq28cj1RbAWkYQm3ybzjb6a8bt518x1s,8FkndFcpgpebspz6wG3cUK7nskeABrqLdcYNnDuAFiYy,V1_NFT,1,0,0,0,0,0,1,0,,GIFT #6231,$ME,0,0
metaqbxxUerdq28cj1RbAWkYQm3ybzjb6a8bt518x1s,83d9WCvMaRu5X2kTSeiNdW2jneRK18FeeS73v6WTbhoH,V1_NFT,1,0,0,0,0,0,1,0,,Engineer #2512,,0,0
metaqbxxUerdq28cj1RbAWkYQm3ybzjb6a8bt518x1s,7tjMimhR6nSk8s4hWsBRuFHeUEzJ8BKBZECPehFoWp2r,V1_NFT,1,0,0,0,0,1,1,1,WENy2r62eTvYZhPdvZ4CMJHnpFJ37m5L23JYaErzKyD,Receivable NFT Token,,0,0
metaqbxxUerdq28cj1RbAWkYQm3ybzjb6a8bt518x1s,72m5w9qkS8XDRY4YxLZDjTH3eRE5UatENYnSV3To7GS3,V1_NFT,1,0,0,0,0,1,1,1,WENy2r62eTvYZhPdvZ4CMJHnpFJ37m5L23JYaErzKyD,Receivable NFT Token,,0,0
metaqbxxUerdq28cj1RbAWkYQm3ybzjb6a8bt518x1s,71HvAKR4WY1guAKds5hsMhvrfnrqhd9QobPrqfiWfNBR,V1_NFT,1,0,0,0,0,0,1,0,,daddy-coin.net - FREE $DADDY,DADDY,0,0
metaqbxxUerdq28cj1RbAWkYQm3ybzjb6a8bt518x1s,674vCQXpHgjnXRUZp3pDxV64b8A2SNNNjzPcnvhwrzk9,V1_NFT,1,0,0,0,0,1,1,1,WENy2r62eTvYZhPdvZ4CMJHnpFJ37m5L23JYaErzKyD,Receivable NFT Token,,0,0
metaqbxxUerdq28cj1RbAWkYQm3ybzjb6a8bt518x1s,5vP9AWHVc5D8JniYWMENYMgKuM23Y171jnywzco3WeFY,V1_NFT,1,0,0,0,0,1,1,1,WENy2r62eTvYZhPdvZ4CMJHnpFJ37m5L23JYaErzKyD,Receivable NFT Token,,0,0
metaqbxxUerdq28cj1RbAWkYQm3ybzjb6a8bt518x1s,5uk8y1DQeAXRrGrNk1UfJxCcLQsgxEVLLjSVYC7zUtr8,V1_NFT,1,0,0,0,0,1,1,1,TyPohvEE2fyxdEZ4MCavxUzY6FqmsN5ZPiV4THqkJiG,Curious NFT Voucher,,0,0
metaqbxxUerdq28cj1RbAWkYQm3ybzjb6a8bt518x1s,5hw4wf6XtxLWTsD5iDu4uRpraxiXcuzDamDAoRkzEhcM,V1_NFT,1,0,0,0,0,0,1,0,,sollet.quests,Sollet,0,0
metaqbxxUerdq28cj1RbAWkYQm3ybzjb6a8bt518x1s,55ZEqxXKu6z8p1jr8xs5BZ3XSUmU3LVSPkS7yVgJorM9,FungibleToken,1,0,0,9,1000000000000,0,0,0,3wMW41Fp9sqHj2ScYi1QumQREgqVc2xrCG7rxEBWAsBR,AA Group USD,AAUSD,0,0
metaqbxxUerdq28cj1RbAWkYQm3ybzjb6a8bt518x1s,54pseYAjxc1wk2CLWxtSB2eURZv7tuQapgofYRzfzKUa,V1_NFT,1,0,0,0,0,0,1,0,,sollet.quests,Sollet,0,0
metaqbxxUerdq28cj1RbAWkYQm3ybzjb6a8bt518x1s,4YYeaWpxLUWGcsN7hLr895CdEC4XNo3LdwFPX4akxgNV,V1_NFT,1,0,0,0,0,0,1,0,,BOX#140,BOX,0,0
metaqbxxUerdq28cj1RbAWkYQm3ybzjb6a8bt518x1s,4DKrVbxq7wyjRR8DAimMHPbFCiXV2YsuivaAJB37pump,FungibleToken,0,0,0,6,987845628426564,1,0,0,,brainrotlabs.fun LLC (meme),BRLFN,0,0
metaqbxxUerdq28cj1RbAWkYQm3ybzjb6a8bt518x1s,45hZDQrDoXjDDMTmC9CuW48nfgSPaw9nZr7tx3J9p75G,V1_NFT,1,0,0,0,0,1,1,1,WENy2r62eTvYZhPdvZ4CMJHnpFJ37m5L23JYaErzKyD,Receivable NFT Token,,0,0
metaqbxxUerdq28cj1RbAWkYQm3ybzjb6a8bt518x1s,419eMvHT7ewbfsj7S4v3VRYhSwGCiPvqNpQTQddc8xzB,V1_NFT,1,0,0,0,0,1,1,1,WENy2r62eTvYZhPdvZ4CMJHnpFJ37m5L23JYaErzKyD,Receivable NFT Token,,0,0
metaqbxxUerdq28cj1RbAWkYQm3ybzjb6a8bt518x1s,3q47UVBR7iVBuuaXTRov39ae39aD8orfJGZQiEihPWm5,V1_NFT,1,0,0,0,0,1,1,1,PYAaqaKr89FeE5rdaq1RsW5Ccdpd1u9VtnCymk9Lbt6,Collect Box,,0,0
metaqbxxUerdq28cj1RbAWkYQm3ybzjb6a8bt518x1s,3nuiGyurwWp3T6qE7Z44Ns1w5GL7HRCkVcBtXeZeP1fF,V1_NFT,1,0,0,0,0,0,1,0,,WOLF,PIXELS,0,0
metaqbxxUerdq28cj1RbAWkYQm3ybzjb6a8bt518x1s,2Nz1yBv9jxqTVPWCngVRLQedmXjNSNYr4Vcyx6wrkqDE,V1_NFT,1,0,0,0,0,1,1,1,WENy2r62eTvYZhPdvZ4CMJHnpFJ37m5L23JYaErzKyD,Receivable NFT Token,,0,0
metaqbxxUerdq28cj1RbAWkYQm3ybzjb6a8bt518x1s,2Jh67N93wD3WBxir9vTC7LE246bpZDzeQPKPEc6Cqo4v,FungibleToken,1,0,0,9,250090804691415560,1,0,0,,Wrapped SOL,SOL,0,0
metaqbxxUerdq28cj1RbAWkYQm3ybzjb6a8bt518x1s,2A1p8ezshQjoX6H58C8enDELJGffAoHBkF7ywFHhoBhg,V1_NFT,1,0,0,0,0,1,1,1,TyPohvEE2fyxdEZ4MCavxUzY6FqmsN5ZPiV4THqkJiG,PONKE ART #1,,0,0
metaqbxxUerdq28cj1RbAWkYQm3ybzjb6a8bt518x1s,uLQn5LjnparYyuHVwFjLFQZ2tRf9jtsQCDfVM2T4YUB,V1_NFT,1,0,0,0,0,0,1,0,,Wolfies,WOLF,0,0
metaqbxxUerdq28cj1RbAWkYQm3ybzjb6a8bt518x1s,DTRz1aLiz8PrT7TNgrbfWiio4oc3SKZyhtBgcyjUAuA,V1_NFT,1,0,0,0,0,1,1,1,WENy2r62eTvYZhPdvZ4CMJHnpFJ37m5L23JYaErzKyD,Receivable NFT Token,,0,0
metaqbxxUerdq28cj1RbAWkYQm3ybzjb6a8bt518x1s,1JTtTNkXr2gGz61bzfEnJeaaTEb6ofyweEoru4co7g8,V1_NFT,1,0,0,0,0,1,1,1,WENy2r62eTvYZhPdvZ4CMJHnpFJ37m5L23JYaErzKyD,Receivable NFT Token,,0,0
CoREENxT6tW1HoK8ypY1SxRMZTcVPm7R94rH4PZNhX7d,GWnjPXMD4xnSwmRUD6McZHJW1HoSfE5NgwvvMrefc9ex,V1_NFT,1,0,0,0,0,1,1,1,TyPohvEE2fyxdEZ4MCavxUzY6FqmsN5ZPiV4THqkJiG,PONKE ART #1,,0,0
CoREENxT6tW1HoK8ypY1SxRMZTcVPm7R94rH4PZNhX7d,FvSv8qF3aBbaQin5SjS19dn3bYtxxC6hVLFGkPs1xxDm,V1_NFT,1,0,0,0,0,0,1,0,,WOLF,PIXELS,0,0
CoREENxT6tW1HoK8ypY1SxRMZTcVPm7R94rH4PZNhX7d,EosiCNYhRbzSzGBPFnaMDaHamrWKAF6FjdpwbsP2y1ua,MplCoreAsset,1,0,0,0,0,1,0,0,,STEPN BOOSTER TEST,,0,0
CoREENxT6tW1HoK8ypY1SxRMZTcVPm7R94rH4PZNhX7d,BzZuovoZBd7Pk4KJhGJZFTJrLQA9kcCRHcmKU3fRS6ea,V1_NFT,1,0,0,0,0,0,1,0,,GIFT #6231,$ME,0,0
CoREENxT6tW1HoK8ypY1SxRMZTcVPm7R94rH4PZNhX7d,BmAqzTeLWM9mb8JdAhYHU4jrngFabGxmowrU2CMsaRVF,V1_NFT,1,0,0,0,0,0,1,0,,BOX#140,BOX,0,0
CoREENxT6tW1HoK8ypY1SxRMZTcVPm7R94rH4PZNhX7d,BXTS8kbwPNYVEdtXHdGWZtppzcN6hmBP4ZNJ5c8pCQ74,V1_NFT,1,0,0,0,0,1,1,1,TyPohvEE2fyxdEZ4MCavxUzY6FqmsN5ZPiV4THqkJiG,PONKE ART #1,,0,0
CoREENxT6tW1HoK8ypY1SxRMZTcVPm7R94rH4PZNhX7d,9qX8tofvyWuydXo96WDfgF4W3AMx1rMbCGvpfLtKzLCb,V1_NFT,1,0,0,0,0,1,1,1,TyPohvEE2fyxdEZ4MCavxUzY6FqmsN5ZPiV4THqkJiG,PONKE,,0,0
CoREENxT6tW1HoK8ypY1SxRMZTcVPm7R94rH4PZNhX7d,6BgzzB5hzjbqr72dsLXsCvHoceHrmDqo1NAKzZSMq4FM,V1_NFT,1,0,0,0,0,1,1,1,TyPohvEE2fyxdEZ4MCavxUzY6FqmsN5ZPiV4THqkJiG,PONKE ART #1,,0,0
CoREENxT6tW1HoK8ypY1SxRMZTcVPm7R94rH4PZNhX7d,4gKiGjCQP94C1Ca1CBKXMbN96i5wD7xXx3ejSRyXxwbZ,MplCoreAsset,1,0,0,0,0,1,0,0,,STEPN BOOSTER TEST,,0,0
CoREENxT6tW1HoK8ypY1SxRMZTcVPm7R94rH4PZNhX7d,C4y2eQvG98sLVS8sSTwFBheKUKRqYUTE6PVTJF5pump,FungibleToken,0,0,0,6,999862038572793,1,0,0,,AIDS,AIDS,0,0
cndy3Z4yapfJBmL3ShUp5exZKqR3z33thTGKkPCNRhVk,,,0,0,1,0,0,0,0,0,,,,0,0
vau1zxA2LbssAUEF7Gpw91zMM1LvXrvpzJtmZ58rPsn,,,0,0,1,0,0,0,0,0,,,,0,0
7WVhw8R7moAHaPJkZh59kRbqyApTFQvjV816qwEjsW6o,Gz8zMagyVZzc1mg2BB3Y56ggDa1Unk1ZZ5f2eCDKvPzw,MplCoreAsset,1,0,0,0,0,1,0,0,,@blockid2,,0,0
7WVhw8R7moAHaPJkZh59kRbqyApTFQvjV816qwEjsW6o,DhtCVhoXotEqtbM5pHRTh2nm9sPtbfCJitPS1is7vvWF,MplCoreAsset,1,0,0,0,0,1,0,0,,BlockID Banner #1,,0,0
7WVhw8R7moAHaPJkZh59kRbqyApTFQvjV816qwEjsW6o,Devj31CY8fRvXUdodht8UCg9apeSg7CT6HABg3qg5TJ1,MplCoreAsset,1,0,0,0,0,1,0,0,,BlockID Banner #1,,0,0
7WVhw8R7moAHaPJkZh59kRbqyApTFQvjV816qwEjsW6o,AMFHAz2fBpLXqYvjNUKcXNEajKScUikVNvaTU3A94drF,MplCoreAsset,1,0,0,0,0,1,0,0,,BlockID Avatar NFT,,0,0
7WVhw8R7moAHaPJkZh59kRbqyApTFQvjV816qwEjsW6o,7jk8kyS9mzBpnKFtaTATt5uk9tftATN4hgBds5bsQCep,MplCoreAsset,1,0,0,0,0,1,0,0,,@blockid,,0,0
7WVhw8R7moAHaPJkZh59kRbqyApTFQvjV816qwEjsW6o,7QkjpUDWdpsq6bq5TfPTjW78uLexAxhE4qj2yhku5XcN,MplCoreAsset,1,0,0,0,0,1,0,0,,BlockID Avatar NFT,,0,0
7WVhw8R7moAHaPJkZh59kRbqyApTFQvjV816qwEjsW6o,6xusAaVSuno1UxSnnj3FAwn22d5hv512RMzXPvzCkaCD,MplCoreAsset,1,0,0,0,0,1,0,0,,BlockID Test NFT #1,,0,0
7WVhw8R7moAHaPJkZh59kRbqyApTFQvjV816qwEjsW6o,3pL2BCWBtiYLKBPRV3kftNkNVuE2UnoXyvqDSrv6ELih,MplCoreAsset,1,0,0,0,0,1,0,0,,BlockID Identity,,0,0
7WVhw8R7moAHaPJkZh59kRbqyApTFQvjV816qwEjsW6o,3KgWLrYYVPmeLQMV8sVQ4igBT9FPxH43US45CaanZLJc,MplCoreAsset,1,0,0,0,0,1,0,0,,BlockID Test NFT #1,,0,0
D4dybLQkZwTngU3XbTjK9kce1nrVCPGhvfhUu8WtDYLZ,,,0,0,1,0,0,0,0,0,,,,0,0
